Balance,Qual_miles,cc1_miles,cc2_miles,cc3_miles,Bonus_miles,Bonus_trans,Flight_miles_12mo,Flight_trans_12,Days_since_enroll
-0.2572793701791098,0.0,0.0,0.0,0.0,-0.8887775812178348,-1.022273554629209,0.0,0.0,0.7632290811317651
-0.4723287966308521,0.0,0.0,0.0,0.0,-0.8559395489780305,-0.8610819189340483,0.0,0.0,0.7553771111155929
-0.025703275189115506,0.0,0.0,0.0,0.0,-0.18435618836166026,-0.6167169445693365,0.0,0.0,0.7715607881903916
-0.6142380346704375,0.0,0.0,0.0,0.0,-0.7077869673735322,-1.022273554629209,0.0,0.0,0.7514473386992409
0.5468336465339811,0.0,1.149512058475987,0.0,0.0,0.7877367341422534,0.6606974057623132,1.0720926749106328,1.3444369791715767,0.7472691778857051
-0.5582949368509542,0.0,0.0,0.0,0.0,-1.3513954655373794,-1.2436386091883012,0.0,0.0,0.7489899441814915
0.4476218320919221,0.0,1.0,0.0,0.0,0.557173826085046,0.6216146055503267,0.0,0.0,0.7617576040973284
-0.4279078764695247,0.0,0.0,0.0,0.0,-0.10671411793013248,-0.6167169445693365,0.988153482273682,1.0,0.7480067087157952
1.7660215577141674,0.0,1.0,3.8163916471489756e-17,0.0,-0.4272276378859284,1.2238098830387245,1.0867820259609333,1.4165481093681518,0.7504644998155882
0.5971412756111492,0.0,1.0,0.0,0.0,0.5734936473386909,0.7363445937263972,1.0546270911177729,1.3025175370208548,0.746285664377096
-0.044902370154845446,0.0,0.7106121022478595,0.0,0.0,0.005259755699644253,-0.12561320434640574,0.0,0.0,0.7531669255975544
0.5378185189762055,0.0,1.2380816024689916,0.0,0.0,0.9790149155328621,0.3657267131137707,0.0,0.0,0.7445641329689636
0.004119479672176616,0.0,0.7106121022478595,0.0,0.0,0.16461963952314326,0.41128985457575656,0.0,0.0,0.7445641329689636
0.0,0.0,0.0,0.0,0.0,-0.25601096995762906,-0.42601894595792045,0.0,0.0,0.7430881464738135
-0.5194989376403953,0.0,0.0,0.0,0.0,-1.3513954655373794,-1.2436386091883012,0.0,0.0,0.7416118012707704
-0.25002226610021794,0.0,1.149512058475987,0.0,0.0,0.8596299013130765,0.16837786189877654,0.0,0.0,0.7416118012707704
0.1177333106875673,0.0,1.149512058475987,0.0,0.0,0.854279352443779,0.22025285618736773,0.0,0.0,0.7411196064213489
-0.6440460741748131,0.0,0.0,0.0,0.0,-0.17181667169354023,-0.516595772466355,0.0,0.0,0.7398889446351167
0.49977152206818104,0.0,1.0,0.0,0.0,0.5558763145878974,0.2703350774754977,0.0,0.0,0.7393966100167011
-0.3644571996682426,0.0,1.0,0.0,0.0,0.13927864375336133,-0.516595772466355,0.0,0.0,0.7376731240122785
0.6989388022080939,0.0,1.2380816024689916,0.0,0.0,0.95721208879703,0.5406638713926494,0.988153482273682,1.2182136440140021,0.7376731240122785
1.0285195987303961,4.330657227626039,0.0,0.0,0.0,0.23514614230792585,0.22025285618736773,1.0681963516467783,1.4067157636187435,0.7376731240122785
-0.435196375261686,0.0,0.0,0.0,0.0,-0.2389381006452756,-0.06124106303535339,1.0844025308711804,1.4140046247801077,0.7347174356738174
0.2783584492759343,0.0,0.0,0.0,0.0,-0.3284743562933933,-0.06124106303535339,0.9565747954222968,1.0,0.7347174356738174
1.1099046407455986,4.330655285737183,0.0,0.0,0.0,-0.19185419952529012,0.4555743605292723,1.0368224148220306,1.3444369791715767,0.9877335660961093
-0.4313813366120297,0.0,0.0,0.0,0.0,-0.4879956411652101,-0.6167169445693365,0.0,0.0,0.9858390779804151
-0.4932738783142547,0.0,0.0,0.0,0.0,-0.5153501909693332,-0.8610819189340483,1.056727033587405,1.2182136440140021,0.9841809612385316
-0.8741385917375118,0.0,0.0,0.0,0.0,-1.3513954655373794,-1.2436386091883012,0.0,0.0,0.9834702140442749
0.20969167838826955,0.0,1.0,0.0,0.0,0.658747713865651,0.41128985457575656,0.9271671564532873,1.0,0.9818115102773236
-0.4729848487878768,0.0,0.0,0.0,0.0,-0.14589662551982185,-0.2657509156119179,1.022831460331992,1.0,0.9792041442431161
0.9949237692509804,0.0,1.0,0.0,0.0,0.4271736135405544,0.05848678361057452,0.0,0.0,0.976832928210201
-0.8121650673213007,0.0,0.0,0.0,0.0,-1.3513954655373794,-1.2436386091883012,0.0,0.0,0.9751725757066765
1.353672660586029,0.0,1.149512058475987,0.0,0.0,0.7720750108508916,0.5406638713926494,0.0,0.0,0.9735118098473448
-0.5073809388808098,0.0,0.0,0.0,0.0,-0.9674664273370567,-1.022273554629209,0.0,0.0,0.972562615015495
0.010577921997004254,0.0,0.0,0.0,0.0,-1.3513954655373794,-1.2436386091883012,0.0,0.0,0.9718506301616402
0.7181861542183349,0.0,1.149512058475987,0.0,0.0,0.8720954417100266,0.5406638713926494,1.0768506549437087,1.3685309911523162,0.9718506301616402
-0.3683705046730864,0.0,0.0,0.0,0.0,-0.6555703303760569,-0.6167169445693365,1.0269662977944063,1.3025175370208548,0.9709011986459354
0.3021529458152954,0.0,0.0,0.0,0.0,-0.7739208145133659,-0.8610819189340483,1.006052142399291,1.2182136440140021,0.9709011986459354
0.2121885709872991,0.0,1.0,0.0,0.0,0.5640717684048205,0.2703350774754977,0.0,0.0,0.9692393677086117
-1.4808794973305606,0.0,0.0,0.0,0.0,-1.3513954655373794,-1.2436386091883012,0.0,0.0,0.9675771217304967
-0.13450134951400436,0.0,0.0,0.0,0.0,-0.4276680827230703,-0.6167169445693365,1.022831460331992,1.0,0.9682895637156755
-0.7904388876287192,0.0,1.149512058475987,0.0,0.0,0.7203406102505414,0.6606974057623132,0.0,0.0,0.9659144602376017
0.21572778765458075,0.0,0.0,0.0,0.0,0.12247235311724529,0.6606974057623132,1.0830672935472692,1.4067157636187435,0.9633008658108821
2.0790065910745965,0.0,1.0,0.0,0.0,0.28513227396499197,0.11452748252207769,0.0,0.0,0.9609239779158486
0.7031105554146683,0.0,1.0,0.0,0.0,0.37483037094865085,0.31878118133730793,0.0,0.0,0.9583084172578239
1.3904436731918415,4.3306568732308985,0.0,0.0,0.0,0.4851251039905267,0.11452748252207769,1.071083660422793,1.3444369791715767,0.7347174356738174
0.5063975515183108,0.0,0.7106121022478595,0.0,0.0,0.166864754065502,-0.42601894595792045,0.0,0.0,0.7347174356738174
-0.09537634505758,0.0,0.0,0.0,0.0,-0.06765182423554382,-0.42601894595792045,0.998116281742044,1.2182136440140021,0.733485472897177
0.3181325332578134,0.0,1.0,0.0,0.0,0.6721435096762568,0.5816230273987638,1.022831460331992,1.0,0.7324997220305233
-0.5380668666650874,0.0,0.0,0.0,0.0,-0.5306032272246237,-0.6167169445693365,1.0546270911177729,1.3444369791715767,0.7307742712497723
0.6193762695452262,0.0,0.0,0.0,0.0,-0.04153930808351938,-0.516595772466355,1.0965746072872624,1.3685309911523162,0.7248546948171309
-1.6717716429186216,0.0,0.0,0.0,0.0,-0.7639698418247773,-1.022273554629209,0.0,0.0,0.7307742712497723
0.6863466900454592,0.0,1.149512058475987,0.0,0.0,0.8033046033733918,1.0742563978161945,0.0,0.0,0.7307742712497723
0.7039315937136618,0.0,0.0,0.0,0.0,-0.12470074766073654,-0.2657509156119179,1.033883362385476,1.2182136440140021,0.735949147771835
-0.07224919199981625,0.0,0.0,0.0,0.0,-1.3513954655373794,-1.2436386091883012,0.0,0.0,0.729048327673225
-0.6260199552795497,0.0,0.0,0.0,0.0,-0.4465608616397132,-0.42601894595792045,0.0,0.0,0.7278152087646306
0.3707778417946061,0.0,1.149512058475987,0.0,0.0,0.6671631824635016,0.11452748252207769,0.0,0.0,0.7310207943746284
-0.10578073269806708,0.0,0.0,0.0,0.0,-0.2706533879479112,-0.516595772466355,1.0306204699037194,1.3025175370208548,0.7300346415253774
-0.07659432899160433,0.0,1.0,0.0,0.0,0.6625012901392872,-0.2657509156119179,0.0,0.0,0.7231270567591594
0.527409499550339,0.0,1.0,0.0,0.0,0.4769525943558859,0.5406638713926494,1.0736033659228592,1.394034397226019,0.7300346415253774
0.779969909246265,0.0,1.0,0.0,0.0,0.301105504875378,0.11452748252207769,0.0,0.0,0.729048327673225
-0.45338967867062974,0.0,0.0,0.0,0.0,0.35320707988799116,-0.06124106303535339,0.0,0.0,0.7295415047321706
-0.8073054872321831,0.0,0.0,0.0,0.0,-1.3513954655373794,-1.2436386091883012,0.0,0.0,0.7297880781610524
1.587000283885449,0.0,0.0,0.0,0.0,0.5675440794472301,-0.2657509156119179,0.0,0.0,0.7226333548746908
0.4084419122284799,0.0,0.0,0.0,0.0,-0.5875238660636801,-0.8610819189340483,0.0,0.0,0.7221396125132205
0.1424365172704355,0.0,1.0,0.0,0.0,0.6586730195849679,1.2807778127702338,1.0940719572159405,1.4296674257788191,0.7204111952726362
-0.8449029530894837,0.0,0.0,0.0,0.0,-0.4276680827230703,-0.34288385740687394,0.0,0.0,0.7204111952726362
0.4337469680717975,0.0,1.149512058475987,0.0,0.0,0.6809967933536414,0.31878118133730793,0.0,0.0,0.7231270567591594
1.203144575467246,0.0,1.0,0.0,0.0,0.49386817844584135,0.0,0.0,0.0,0.7204111952726362
0.06066851196931886,0.0,1.0,0.0,0.0,0.2138899033443005,0.22025285618736773,0.0,0.0,0.9483122164573674
0.44346802913573174,4.3306572948823385,0.7106121022478595,0.0,0.0,0.2969644080835641,0.22025285618736773,1.0546270911177729,1.3444369791715767,0.9483122164573674
1.2771409340831728,0.0,1.149512058475987,0.0,0.0,0.7429989543124631,0.05848678361057452,0.0,0.0,0.9533122051389776
1.9667388750625818,0.0,1.0,0.0,0.0,0.2100097247955169,0.05848678361057452,0.8663642547672894,1.0,0.9566434320323692
-0.6950683286757597,0.0,0.0,0.0,0.0,-0.661633117934729,-0.6167169445693365,1.0326848719686545,1.3444369791715767,0.9533122051389776
0.7188319031663307,0.0,1.0,0.0,0.0,0.5178738436573087,0.2703350774754977,0.0,0.0,0.9466447120694049
0.7540088410375041,0.0,1.0,0.0,0.0,0.3061844642725105,0.49867188906910564,0.0,0.0,0.9449767861246787
0.6276624968254602,0.0,0.0,0.0,0.0,0.017748426124353192,0.22025285618736773,0.0,0.0,0.9442618315510756
0.639372369851155,0.0,1.149512058475987,0.0,0.0,0.6453306883813884,0.3657267131137707,0.0,0.0,0.9495030331936546
0.08411130597443837,0.0,1.149512058475987,0.0,0.0,0.7195643224578029,0.31878118133730793,0.0,0.0,0.9566434320323692
-0.06354086523379146,0.0,1.2380816024689916,0.0,0.0,1.1159924872118132,0.22025285618736773,1.027428166786215,1.0,0.9495030331936546
-1.1988524351006808,0.0,0.0,0.0,0.0,0.6423043436254301,-0.516595772466355,0.0,0.0,0.9404474297065115
0.4760842412414877,0.0,0.0,0.0,0.0,-0.5206123079983815,-0.7296649225245023,1.0560115612601553,1.3025175370208548,0.7231270567591594
-0.8950155134974213,0.0,0.0,0.0,0.0,-0.7085605784587243,-0.193584983678676,0.0,0.0,0.7191763074773644
0.23385160398995905,0.0,0.0,0.0,0.0,-0.4465608616397132,-0.42601894595792045,0.0,0.0,0.7221396125132205
-0.34678015462996387,0.0,0.0,0.0,0.0,-0.4276680827230703,-0.34288385740687394,0.0,0.0,0.7186822813516709
-0.12066427873945992,0.0,1.2380816024689916,0.0,0.0,0.9545412905866616,0.31878118133730793,1.0462299458179467,1.3025175370208548,0.7171999593219192
-0.04193598483006489,0.0,0.0,0.0,0.0,0.026327357920411777,-0.516595772466355,0.0,0.0,0.7206581424150889
2.0635457690294086,0.0,1.0,0.0,0.0,0.4405957199531117,0.49867188906910564,1.0560115612601553,1.4013322872298855,0.7189292994883916
0.23984389084905067,0.0,0.7106121022478595,0.0,0.0,0.024127009101522073,0.22025285618736773,1.0368224148220306,1.0,0.7186822813516709
0.07360496794260402,0.0,0.0,0.0,0.0,-0.23461282284029972,-0.6167169445693365,1.022831460331992,1.0,0.7157172714926494
-0.437247307374347,0.0,0.0,0.0,0.0,0.4579191852269312,-0.2657509156119179,1.0573198567524453,1.3685309911523162,0.7125035243324452
-1.51323078831032,0.0,0.0,0.0,0.0,-0.39280971116364305,-0.6167169445693365,1.071083660422793,1.3444369791715767,0.7162115414389264
0.3943766484497495,0.0,1.149512058475987,0.0,0.0,0.7007982358348354,0.6216146055503267,0.0,0.0,0.7181882146273653
0.8294053475818711,0.0,0.0,0.0,0.0,-0.12273672847268986,-0.516595772466355,1.0629354125627655,1.3025175370208548,0.7102776131543016
1.0279576897642762,0.0,1.2380816024689916,0.0,0.0,1.3473451585777445,1.1050458926679774,1.0808402071096823,1.4229121222943437,0.7085457769474964
-0.5461645610691488,0.0,0.0,0.0,0.0,-0.2925336452859802,0.22025285618736773,0.0,0.0,0.7073084442748551
0.18260015082979508,0.0,0.0,0.0,0.0,-0.08764472648901979,0.5406638713926494,0.0,0.0,0.7055757484840196
0.5776900627555807,0.0,1.149512058475987,0.0,0.0,0.799314932279147,0.22025285618736773,0.0,0.0,0.7035949095920956
-0.38989489312049974,0.0,0.0,0.0,0.0,-0.4879956411652101,-0.6167169445693365,0.0,0.0,0.702356551667992
0.2635650274848117,0.0,1.0,0.0,0.0,0.4137030798586433,0.05848678361057452,0.0,0.0,0.7065659218310588
-0.32395857299318687,4.330657034836994,1.2380816024689916,0.0,0.0,0.9411997211546678,0.11452748252207769,0.0,0.0,0.701613413607485
-0.9182787517438434,0.0,0.0,0.0,0.0,-1.3513954655373794,-1.2436386091883012,0.0,0.0,0.701613413607485
-0.12579195410941701,0.0,0.0,0.0,0.0,-1.3513954655373794,-1.2436386091883012,0.0,0.0,0.7013656803579521
-0.24650350275465063,0.0,0.0,0.0,0.0,-0.20472345442092413,-0.34288385740687394,1.071744731494726,1.3685309911523162,0.7013656803579521
-0.13955349957945756,0.0,0.0,0.0,0.0,-1.3513954655373794,-1.2436386091883012,0.0,0.0,0.700374644494323
-1.262990608955095,0.0,1.2380816024689916,0.0,0.0,0.978929869638907,0.31878118133730793,0.9565747954222968,1.2182136440140021,0.7040901808786286
0.5385918544477533,4.330657034836994,0.0,0.0,2.740863092043355e-16,0.8553549255448855,0.6606974057623132,1.0747494493742287,1.4067157636187435,0.6986399354000578
0.00578968046510533,0.0,0.0,0.0,0.0,-1.3513954655373794,-1.2436386091883012,0.0,0.0,0.703842550367925
0.44565033962826583,0.0,1.149512058475987,0.0,0.0,0.8241823487015634,0.11452748252207769,0.8663642547672894,1.0,0.6986399354000578
-0.602883188070696,0.0,1.149512058475987,0.0,0.0,0.6458489468933415,0.6606974057623132,1.0269662977944063,1.3025175370208548,0.6983920786064359
1.0084676585236723,0.0,1.0,0.0,0.0,0.3729720928984179,0.16837786189877654,0.0,0.0,0.9359149541565689
1.4195284086584339,0.0,0.0,0.0,0.0,0.06362182739752614,-0.06124106303535339,1.0773405256346573,1.4013322872298855,0.9359149541565689
0.7208080657329601,0.0,1.2380816024689916,0.0,0.0,1.0268333575208266,0.5406638713926494,1.09142635991432,1.41081075138084,0.9349603504033042
0.17756556493700235,0.0,0.0,0.0,0.0,-0.39082761126292886,0.05848678361057452,0.0,0.0,0.9342443065242791
1.410143854661196,0.0,0.0,0.0,0.0,-0.09602954968942867,0.41128985457575656,1.042752917586353,1.2182136440140021,0.9325732336909449
0.2858286434261104,0.0,1.0,0.0,0.0,0.478388843388535,0.6216146055503267,0.0,0.0,0.9320957061426153
0.8315204726443299,0.0,0.7106121022478595,0.0,0.0,0.008571444486969984,-0.06124106303535339,0.0,0.0,0.9299464018254247
2.524719704735512,0.0,0.0,0.0,0.0,-0.33213687257001856,-0.7296649225245023,1.049929575826221,1.2182136440140021,0.9368694192299485
0.7118591723025675,0.0,1.0,0.0,0.0,0.49725690623642443,0.16837786189877654,0.0,0.0,0.9282742333431774
-0.5530079699547463,0.0,0.0,0.0,0.0,-0.3184546644554274,-0.34288385740687394,0.0,0.0,0.9282742333431774
0.38479024351020485,0.0,0.0,0.0,0.0,-0.5627380187757388,-1.022273554629209,0.0,0.0,0.9285131406845242
1.1078517618160617,0.0,1.2380816024689916,0.0,0.0,1.4366381424732553,1.2807778127702338,1.074185055291269,1.41081075138084,0.9249286149607361
0.42314168894995113,0.0,1.149512058475987,0.0,0.0,0.7089746900701304,0.31878118133730793,1.0515961795290998,1.3025175370208548,0.9232551640624167
0.058003493145972175,0.0,1.0,0.0,0.0,0.5077096147270643,0.3657267131137707,0.0,0.0,0.9227769565573273
0.3861969264827047,0.0,1.149512058475987,0.0,0.0,0.781233483873408,0.05848678361057452,0.0,0.0,0.9215812846922149
0.777159060647672,4.330655285737183,1.149512058475987,0.0,0.0,0.71454448487356,0.31878118133730793,1.0629354125627655,1.3025175370208548,0.9215812846922149
2.051849098944796,0.0,1.2380816024689916,0.0,0.0,1.7448663942711236,0.6606974057623132,1.074185055291269,1.41081075138084,0.9211029546744903
1.1387578070838242,0.0,1.149512058475987,0.0,0.0,0.9322463797269693,1.1652729620405098,1.0928424881893533,1.4203058441177223,0.9194285236745791
0.07228962134147018,0.0,0.7106121022478595,0.0,0.0,0.1271538353050675,0.11452748252207769,0.0,0.0,0.6983920786064359
0.8220297123862603,0.0,1.149512058475987,0.0,0.0,0.711668873203596,0.49867188906910564,0.0,0.0,0.6971526399783429
-0.5250101694980572,0.0,0.0,0.0,0.0,-1.3513954655373794,-1.2436386091883012,0.0,0.0,0.6966567923158522
-0.45602627152245995,0.0,0.0,0.0,0.0,-0.5419882232021782,-0.7296649225245023,1.003841068136306,1.0,0.6966567923158522
0.8373339308934153,0.0,0.0,0.0,0.0,0.039271040743975485,-0.6167169445693365,0.0,0.0,0.7006224188939578
0.5709060736606483,0.0,0.0,0.0,0.0,0.15396100160253137,-0.06124106303535339,1.0689577040329925,1.3837532157583627,0.695416992494117
0.7311832015026609,0.0,1.0,0.0,0.0,0.28922516180868324,0.16837786189877654,0.0,0.0,0.704337801126151
1.3002182318711422,4.330657200280144,0.0,0.0,0.0,0.3907563928342694,0.6606974057623132,1.09864163750034,1.427761196424576,0.6949210002579579
0.7507112819468271,0.0,1.149512058475987,0.0,0.0,0.5848746264199182,0.16837786189877654,0.0,0.0,0.6946729886375552
0.5863648419067956,0.0,1.149512058475987,0.0,0.0,0.9039673642788215,0.49867188906910564,1.0368224148220306,1.3025175370208548,0.6936808387611944
0.9144457304015103,0.0,0.0,0.0,0.0,0.06482876529148045,0.6216146055503267,0.0,0.0,0.6931847017585828
-0.5899469259748931,0.0,0.0,0.0,0.0,-0.23461282284029972,0.11452748252207769,0.0,0.0,0.6929366177342698
-0.05206777425381348,0.0,0.0,0.0,0.0,-1.3513954655373794,-1.2436386091883012,0.0,0.0,0.6919441781042611
-1.0469108322655523,0.0,0.0,0.0,0.0,-1.3513954655373794,-1.2436386091883012,0.0,0.0,0.691447896141957
-0.18589942869653686,0.0,0.0,0.0,0.0,-0.7278888609680588,-0.8610819189340483,1.0180943570563883,1.2182136440140021,0.6909515727270396
0.7361144999943495,0.0,1.149512058475987,0.0,0.0,0.6771444751126452,0.2703350774754977,0.0,0.0,0.6894623536083265
-0.022812917191073572,0.0,1.0,0.0,0.0,0.3345142605534842,0.2703350774754977,0.0,0.0,0.6884693333090761
0.5676325137302276,0.0,0.0,0.0,0.0,0.02073598525676312,-0.2657509156119179,1.0648370576179522,1.3685309911523162,0.6911997396170636
-0.48782085760086025,0.0,0.0,0.0,0.0,-0.9674664273370567,-1.022273554629209,0.0,0.0,0.6874761468189631
0.10147479074858781,0.0,1.2380816024689916,0.0,0.0,0.9511254207864598,0.2703350774754977,1.0629354125627655,1.2182136440140021,0.6864827940108412
0.4452966187275147,0.0,1.0,0.0,0.0,0.4188158791506274,0.2703350774754977,0.0,0.0,0.6981442115047616
-0.3287241349020654,0.0,0.0,0.0,0.0,-0.8634724124784553,-0.516595772466355,0.0,0.0,0.6864827940108412
0.3808581893758151,0.0,1.149512058475987,0.0,0.0,0.7765880490257971,0.49867188906910564,1.0668834419714768,1.3444369791715767,0.6849924526738339
2.4823681037570626,0.0,1.2380816024689916,0.0,0.0,1.8066785346020182,0.31878118133730793,1.074185055291269,1.3837532157583627,0.9182322385284498
1.4172711940731306,0.0,1.2380816024689916,0.0,0.0,0.9762032776585475,0.41128985457575656,1.022831460331992,1.0,0.9182322385284498
0.46836527725612026,0.0,0.0,0.0,0.0,-0.15103598472231086,0.16837786189877654,0.0,0.0,0.916796406758558
0.07719737759963466,0.0,1.149512058475987,0.0,0.0,0.7143385123004227,0.11452748252207769,0.0,0.0,0.9160783723104267
1.1646777787637144,0.0,1.149512058475987,0.0,0.0,0.8936618507264878,0.4555743605292723,1.022831460331992,1.0,0.9148814724435234
1.138098048436832,0.0,1.0,0.0,0.0,0.40793897198838397,0.0,0.0,0.0,0.9144026509370021
0.015562802857988113,0.0,1.0,0.0,0.0,0.20395562966390265,0.0,0.0,0.0,0.9132054431679193
1.1964323429755195,0.0,1.2380816024689916,0.0,0.0,0.9670803974971172,0.4555743605292723,0.0,0.0,0.9115289823946626
0.05214500231779051,0.0,0.0,0.0,0.0,-0.06995699875703798,0.0,0.0,0.0,0.9117685032283079
0.306494743184568,0.0,1.0,0.0,0.0,0.37499684328282473,0.3657267131137707,0.0,0.0,0.9081747643221386
0.6996965560120322,0.0,1.2380816024689916,0.0,0.0,0.9222647332284017,0.2703350774754977,1.0629354125627655,1.0,0.9081747643221386
0.877628499505392,0.0,0.0,0.0,0.0,0.3774644341533363,-0.42601894595792045,1.0853610057206153,1.2182136440140021,0.9081747643221386
-0.7984748370366463,0.0,1.149512058475987,0.0,0.0,0.6046565424093626,0.3657267131137707,0.0,0.0,0.9064970060036751
0.4091384671661732,0.0,1.0,0.0,0.0,0.2984119050932151,0.31878118133730793,0.0,0.0,0.916796406758558
0.31398857778810013,0.0,0.0,0.0,0.0,-0.8836236823973103,-0.42601894595792045,0.0,0.0,0.9043392510614252
0.5314281291298106,0.0,0.0,0.0,0.0,-0.10552067992202041,0.31878118133730793,0.0,0.0,0.904818814149162
1.6803778270676795,0.0,1.2380816024689916,0.0,0.0,1.0985041833389595,0.16837786189877654,0.0,0.0,0.9043392510614252
1.6069496496797055,0.0,1.149512058475987,0.0,0.0,0.803762553847599,0.22025285618736773,0.0,0.0,0.9031401882463175
-0.4059434568672008,0.0,1.149512058475987,0.0,0.0,0.8111325576350104,0.41128985457575656,1.0368224148220306,1.2182136440140021,0.9026605010505286
0.3319986010069724,0.0,1.2380816024689916,0.0,0.0,1.035694772679189,0.05848678361057452,0.0,0.0,0.901461127781782
-0.11382715515795426,0.0,0.0,0.0,0.0,-1.3513954655373794,-1.2436386091883012,0.0,0.0,0.9026605010505286
1.5621136645052056,0.0,1.0,0.0,0.0,0.4878770831089987,-0.42601894595792045,1.049929575826221,1.2182136440140021,0.8997816322411124
0.8591135234536517,0.0,0.0,0.0,0.0,0.3029480093489203,0.05848678361057452,1.0830672935472692,1.3837532157583627,0.8993016963882899
0.7011674206779641,0.0,1.149512058475987,0.0,0.0,0.7753088039217464,0.4555743605292723,0.0,0.0,0.9057778340390624
1.783664725200197,0.0,1.149512058475987,0.0,0.0,0.7906034392483787,0.3657267131137707,1.0462299458179467,1.3444369791715767,0.9026605010505286
0.6114627816798165,0.0,0.0,0.0,0.0,0.009104931907168153,0.3657267131137707,0.9750538018491568,1.2182136440140021,0.9019409037160839
-0.25846168268905145,4.330657195913765,0.7106121022478595,0.0,0.0,0.009637803648731945,0.0,0.0,0.0,0.8964213338681694
0.21481985062708328,0.0,0.0,0.0,0.0,-0.7077869673735322,-1.022273554629209,0.0,0.0,0.8952208042616439
-1.007264617550304,0.0,0.0,0.0,0.0,-0.5357249222813213,-0.34288385740687394,1.0394896384476304,1.3444369791715767,0.9026605010505286
0.06981057571286332,0.0,0.0,0.0,0.0,0.14981480008463144,0.6989246298564699,0.0,0.0,0.894260220056212
0.7420728977869178,0.0,1.0,0.0,0.0,0.34033457978043996,0.22025285618736773,1.0629354125627655,1.3025175370208548,0.8935396882017645
-0.16416353206753168,0.0,0.0,0.0,0.0,-1.0525103976331662,-1.022273554629209,0.8663642547672894,1.0,0.9012212264967271
-0.8684109717942912,0.0,0.7106121022478595,0.0,0.0,0.07681782877843396,0.11452748252207769,0.0,0.0,0.8925788540508601
0.09245156571080258,0.0,1.0,0.0,0.0,0.4859126675583263,0.2703350774754977,0.0,0.0,0.8925788540508601
0.4883320027690996,0.0,1.0,0.0,0.0,0.18339506430077943,0.05848678361057452,0.0,0.0,0.8918581346258437
2.2073747551526592,0.0,1.149512058475987,0.0,0.0,0.9409013679833915,1.1353788601052053,1.0844025308711804,1.4165481093681518,0.8901761430131881
1.1328455868483551,0.0,0.0,0.0,0.0,-0.25673902615686917,-0.2657509156119179,0.0,0.0,0.8896954934522814
1.6978329353486714,0.0,1.2380816024689916,0.0,0.0,1.0893906925589443,0.8441827789462959,0.0,0.0,0.8880129378826642
0.33582564513597596,0.0,0.0,0.0,0.0,-0.28470529005250966,0.05848678361057452,0.9838811304184505,1.0,0.8868108435893842
0.7167314884949552,0.0,1.2380816024689916,0.0,0.0,1.907477356912105,0.8441827789462959,1.022831460331992,1.2182136440140021,0.8863299430820077
0.8268352244838376,4.330656479785331,1.149512058475987,0.0,0.0,0.8008409649376285,1.0742563978161945,1.0872070665769829,1.423927592080586,0.9026605010505286
1.6423521474241727,0.0,1.2380816024689916,0.0,0.0,1.3289814524784567,0.5816230273987638,0.0,0.0,0.8846465085259784
0.12817998530560104,4.3306572526438325,0.0,0.0,0.0,-1.3513954655373794,-1.2436386091883012,0.0,0.0,0.8841654463793558
-0.3367028063237097,0.0,0.0,0.0,0.0,-0.9674664273370567,-1.022273554629209,0.0,0.0,0.882962633689125
0.7807729808492497,0.0,0.0,0.0,0.0,-1.3513954655373794,-1.2436386091883012,0.0,0.0,0.882962633689125
-0.1679137560850361,0.0,1.2380816024689916,0.0,0.0,0.9860870398029055,0.6606974057623132,0.0,0.0,0.8817595960971872
0.6207416608181666,0.0,1.0,0.0,0.0,0.4021622865918944,0.4555743605292723,0.0,0.0,0.8817595960971872
-0.8829216127288266,0.0,0.0,3.8163916471489756e-17,0.0,0.17323023191683587,0.22025285618736773,0.0,0.0,0.8812783180448799
0.6888796166211186,0.0,1.149512058475987,0.0,0.0,0.6912274592661003,0.2703350774754977,0.9565747954222968,1.0,0.8807970039652262
-0.02523825885068669,0.0,1.149512058475987,0.0,0.0,0.5477494397204762,0.11452748252207769,0.0,0.0,0.8800749652675082
-0.24744282838014145,0.0,0.7106121022478595,0.0,0.0,0.25258979098278217,0.41128985457575656,1.0608533667743183,1.41081075138084,0.8795935610655509
-0.5645135292112176,0.0,0.0,0.0,0.0,-0.7132532239292565,-0.8610819189340483,0.0,0.0,0.8791121207930781
0.8773079497125608,0.0,1.2380816024689916,0.0,0.0,1.1370439419448262,0.31878118133730793,1.022831460331992,1.0,0.8783898927251323
-0.08841304339104429,0.0,0.0,0.0,0.0,-1.3513954655373794,-1.2436386091883012,0.0,0.0,0.8779083622223193
0.11248113287270742,0.0,0.0,0.0,0.0,-0.35779723413086045,-0.193584983678676,0.0,0.0,0.8750184203826626
0.5338820001566447,0.0,1.2380816024689916,0.0,0.0,1.2277225986840261,0.8089350854960184,1.05924839928511,1.3444369791715767,0.8889744519579676
-0.3685899327874908,4.330657067890502,0.0,0.0,0.0,-0.21826948027504592,0.0,1.0546270911177729,1.3025175370208548,0.8767043779404364
-0.27325400623392104,0.0,1.0,0.0,0.0,0.36320012839610166,0.31878118133730793,0.0,0.0,0.8904164543676223
-0.9941629253232763,0.0,0.0,0.0,0.0,-1.3513954655373794,-1.2436386091883012,0.0,0.0,0.8767043779404364
1.0929394672939183,0.0,1.2380816024689916,0.0,0.0,1.2774650176830478,0.9461359278251181,1.0306204699037194,1.3444369791715767,0.8757410278729094
-0.1892960362788492,0.0,0.0,0.0,0.0,-0.28539236906082627,-0.2657509156119179,0.0,0.0,0.8757410278729094
1.1057199321340212,0.0,0.0,0.0,0.0,-0.144793718558981,0.11452748252207769,0.0,0.0,0.8841654463793558
-0.9039532175076099,0.0,1.0,0.0,0.0,0.41154266642348286,0.16837786189877654,0.0,0.0,0.8841654463793558
-0.8084309120972953,0.0,0.0,0.0,0.0,-0.310485162049046,-1.022273554629209,1.0787351585642642,1.0,0.8841654463793558
0.6600625154655002,0.0,1.149512058475987,0.0,0.0,0.5541186149046866,0.11452748252207769,0.0,0.0,0.8740548170632124
-1.6599107078567936,0.0,0.0,0.0,0.0,-0.5338710862403588,-0.193584983678676,0.0,0.0,0.8841654463793558
0.21006616844329007,0.0,0.0,0.0,0.0,-0.005070707842162853,-0.6167169445693365,0.0,0.0,0.8711631375943997
1.0427614086792958,0.0,1.0,0.0,0.0,0.4959810996919635,0.49867188906910564,0.0,0.0,0.8699578857462534
0.828956367734492,0.0,1.149512058475987,0.0,0.0,0.8189680097408434,0.16837786189877654,0.0,0.0,0.8694757214597264
2.836031739537012,4.3306572652890996,1.2380816024689916,0.0,0.0,1.2172963796474598,0.878778350041491,1.0816155233031712,1.394034397226019,0.8767043779404364
1.199694581771608,0.0,1.2380816024689916,0.0,0.0,1.0480342219506245,0.9789536507197586,1.0269662977944063,1.2182136440140021,0.8767043779404364
0.36233898043015156,0.0,0.0,0.0,0.0,-0.3052666337569913,-0.12561320434640574,0.988153482273682,1.0,0.8689935208417244
-0.44554271523014366,0.0,0.0,0.0,0.0,-0.6257406946473614,-0.42601894595792045,0.0,0.0,0.8767043779404364
1.063175897099822,0.0,1.0,0.0,0.0,0.153925094289979,0.11452748252207769,0.0,0.0,0.8644108005434247
0.5502678527652538,0.0,0.7106121022478595,0.0,0.0,-0.0870434011600439,-0.06124106303535339,0.0,0.0,0.8767043779404364
0.6788600516182173,0.0,0.0,3.8163916471489756e-17,0.0,-0.037225155926860334,-0.06124106303535339,0.0,0.0,0.8644108005434247
0.6907266957647314,0.0,1.149512058475987,0.0,0.0,0.6963405652574483,0.16837786189877654,0.988153482273682,1.0,0.8767043779404364
0.1400425207465713,0.0,0.7106121022478595,0.0,0.0,-0.00034620331118097205,0.16837786189877654,0.998116281742044,1.2182136440140021,0.8644108005434247
0.8816358768499923,0.0,1.2380816024689916,0.0,0.0,0.9558291547390466,0.16837786189877654,0.0,0.0,0.8627216009407157
0.7735417038613323,0.0,1.0,0.0,0.0,0.4927019440966235,0.05848678361057452,0.0,0.0,0.8641695136744744
0.41810645935087287,0.0,1.2380816024689916,0.0,0.0,0.9344171939975264,0.49867188906910564,0.0,0.0,0.8615147560224974
-0.3962173238207288,0.0,0.0,0.0,0.0,-0.05973402902029077,0.16837786189877654,0.0,0.0,0.8615147560224974
-0.3477725243751094,0.0,0.7106121022478595,0.0,0.0,0.07276996673635647,0.05848678361057452,0.0,0.0,0.8593418595494847
-0.7456529131071434,0.0,0.7106121022478595,0.0,0.0,0.08501944191888035,0.05848678361057452,0.0,0.0,0.8598247894344354
1.0140936693332934,0.0,0.7106121022478595,0.0,0.0,0.3980428491644731,0.2703350774754977,0.993043002583986,1.0,0.8598247894344354
0.043455717614318434,0.0,0.0,0.0,0.0,-0.2682987425518662,0.0,1.022831460331992,1.0,0.8576513166769196
1.3793719811018015,0.0,0.0,0.0,0.0,0.060200002501096375,0.31878118133730793,1.022831460331992,1.0,0.8619975213828968
-0.201170736151839,0.0,1.2380816024689916,0.0,0.0,1.2648739783597682,1.0429915279268975,1.0966635394360238,1.4248002454769926,0.8508846513050727
-0.5881349925873066,0.0,0.0,0.0,0.0,-0.20536194189253132,-0.42601894595792045,0.0,0.0,0.8619975213828968
0.9291583163902126,0.0,1.2380816024689916,0.0,0.0,1.2056054192089918,0.6216146055503267,0.0,0.0,0.8619975213828968
-1.4991639294143884,0.0,0.7106121022478595,0.0,0.0,-0.12260611774955532,0.11452748252207769,0.0,0.0,0.8542688838589927
1.1930408847294525,0.0,1.149512058475987,0.0,0.0,0.7611671398263355,0.05848678361057452,0.0,0.0,0.8530604362050221
0.6888425116305221,0.0,1.2380816024689916,0.0,0.0,1.0258749280926194,1.0429915279268975,1.074185055291269,1.423927592080586,0.8494337138996656
1.816474890845881,0.0,1.2380816024689916,0.0,0.0,1.5138414202687234,0.49867188906910564,0.0,0.0,0.8479824447795383
-0.6999537103229462,0.0,1.149512058475987,0.0,0.0,0.9299075882289151,0.3657267131137707,1.0867820259609333,1.4140046247801077,0.8545105458364531
0.9867904185079502,0.0,0.0,0.0,0.0,-0.10358060699292604,-0.193584983678676,1.0736033659228592,1.3837532157583627,0.8470147475756202
-0.5985993641982311,0.0,0.0,0.0,0.0,-0.16208396202295347,-0.193584983678676,0.0,0.0,0.8511264419802436
0.5105096252183267,0.0,1.2380816024689916,0.0,0.0,0.9779274891382955,0.11452748252207769,0.0,0.0,0.8470147475756202
0.4781353890464175,0.0,0.7106121022478595,0.0,0.0,0.10772255320408275,0.05848678361057452,0.8663642547672894,1.0,0.8619975213828968
0.24332468213990616,0.0,0.0,0.0,0.0,-0.40289600320664043,-0.2657509156119179,0.0,0.0,0.8545105458364531
-0.2195232255576554,0.0,0.0,0.0,0.0,-0.0690911384023916,0.878778350041491,0.0,0.0,0.8462888777595305
0.4669155025343703,0.0,1.0,0.0,0.0,0.44402529315244754,0.2703350774754977,1.0515961795290998,1.2182136440140021,0.8619975213828968
0.030223759485029436,0.0,1.0,0.0,0.0,0.27676756666030927,0.16837786189877654,0.0,0.0,0.8458049183755444
0.5346885185416035,0.0,0.0,0.0,0.0,0.2100097247955169,-0.6167169445693365,0.0,0.0,0.8458049183755444
1.2226645646866015,0.0,1.2380816024689916,0.0,0.0,0.9828790087731917,0.0,0.0,0.0,0.8545105458364531
1.7253345426750177,0.0,0.0,0.0,0.0,0.06293077743552994,0.11452748252207769,1.0723842613166006,1.4067157636187435,0.8545105458364531
-0.31933944166661077,0.0,0.7106121022478595,0.0,0.0,0.28317238877705125,0.6606974057623132,0.0,0.0,0.8429003855935672
1.0800942898840928,0.0,0.0,0.0,0.0,-0.04507548446907763,-0.42601894595792045,1.022831460331992,1.0,0.8419319118884085
1.6791284676044058,0.0,1.2380816024689916,0.0,0.0,1.1170509898189604,0.31878118133730793,0.988153482273682,1.3025175370208548,0.8545105458364531
0.8614001615839886,0.0,0.0,0.0,0.0,-0.6701619795204677,-0.7296649225245023,1.022831460331992,1.0,0.8419319118884085
0.3221405110019793,0.0,0.0,0.0,0.0,-0.4980656773835537,0.0,0.0,0.0,0.8402367261681305
0.9342713549946967,0.0,0.7106121022478595,0.0,0.0,0.16268227839617438,0.05848678361057452,0.0,0.0,0.8545105458364531
0.062004179287770134,0.0,0.7106121022478595,0.0,0.0,0.13257909805715495,0.31878118133730793,0.9750538018491568,1.3025175370208548,0.8472566857181184
-0.1267219249642045,0.0,0.0,0.0,0.0,-0.09738144989775578,-0.516595772466355,1.0608533667743183,1.3025175370208548,0.8390256009893741
0.6033667728159089,0.0,1.0,0.0,0.0,0.47513239894381315,0.22025285618736773,0.0,0.0,0.8472566857181184
-0.11247422079529618,0.0,0.0,0.0,0.0,-1.3513954655373794,-1.2436386091883012,0.0,0.0,0.8373296357771042
-0.0001304607119269304,0.0,0.0,0.0,0.0,-0.1937894977859246,-1.022273554629209,0.0,0.0,0.8472566857181184
0.1979257592538,0.0,1.149512058475987,0.0,0.0,0.8257951582646064,0.9461359278251181,1.0481458543966122,1.3444369791715767,0.8353908320805992
0.3185361508457559,0.0,1.2380816024689916,0.0,0.0,1.405283893251223,0.49867188906910564,0.0,0.0,0.8339363384109985
0.8407405419069235,0.0,1.0,0.0,0.0,0.38720624589092295,0.16837786189877654,0.0,0.0,0.8344212068886384
0.7054136027064734,0.0,1.2380816024689916,0.0,0.0,1.0352651008730152,-0.34288385740687394,0.0,0.0,0.8334514326614743
0.3216238536866041,0.0,1.2380816024689916,0.0,0.0,1.100062570631581,0.16837786189877654,0.0,0.0,0.8334514326614743
-0.5009143223148694,0.0,0.0,0.0,0.0,-0.3798059899413203,-0.6167169445693365,1.049929575826221,1.2182136440140021,0.8327240041237615
0.10975375379589082,0.0,0.0,0.0,0.0,-1.3513954655373794,-1.2436386091883012,0.0,0.0,0.8322390051372264
3.1338211975058234,0.0,0.0,0.0,0.0,0.34089055855834566,0.878778350041491,1.0913857416313504,1.427761196424576,0.8322390051372264
-0.6850539966910406,0.0,0.0,0.0,0.0,-1.3513954655373794,-1.2436386091883012,0.0,0.0,0.8307837842186508
0.6958582889328307,0.0,1.0,0.0,0.0,0.20752539088968888,0.7730013276593265,0.0,0.0,0.8305412147209732
-1.5126596881086076,0.0,0.0,0.0,0.0,-0.5672988789182561,-0.8610819189340483,0.0,0.0,0.8300560477011931
-0.38168935480636745,0.0,1.2380816024689916,0.0,0.0,0.9455518593024766,0.11452748252207769,0.0,0.0,0.8293282270858005
0.9524624045254144,0.0,0.0,0.0,0.0,-0.14971033719721588,-0.6167169445693365,0.0,0.0,0.8288429665991972
0.025307874970989876,0.0,1.149512058475987,0.0,0.0,0.7290764379862048,0.31878118133730793,1.0441638598214986,1.2182136440140021,0.8283576687028217
1.048982525901724,4.330657195913765,0.0,0.0,0.0,0.06089501465646156,-0.193584983678676,0.0,0.0,0.8283576687028217
0.8939325206518859,0.0,0.0,0.0,0.0,-0.10358060699292604,-0.2657509156119179,1.058558970906916,1.3685309911523162,0.8266588312732003
0.39945436667891965,0.0,1.149512058475987,0.0,0.0,0.7021563078639663,0.11452748252207769,0.0,0.0,0.8266588312732003
0.5486834398680042,0.0,1.149512058475987,0.0,0.0,0.824346136033524,0.41128985457575656,1.074849271975841,1.3025175370208548,0.8441107694370265
-0.14563155794709326,0.0,1.2380816024689916,0.0,0.0,1.0442812602622973,0.2703350774754977,0.0,0.0,0.8254450949807258
0.24454830877705958,0.0,0.7106121022478595,0.0,0.0,0.17077000377504414,0.5816230273987638,0.0,0.0,0.8249595348464556
0.7990202629884502,0.0,1.2380816024689916,0.0,0.0,0.9462533287255409,0.3657267131137707,0.0,0.0,0.8242311242994607
0.0352321007973623,0.0,1.149512058475987,0.0,0.0,0.7116412955967206,0.16837786189877654,0.0,0.0,0.8232597788554694
1.9967849296490758,0.0,1.2380816024689916,0.0,0.0,1.033816467364989,0.22025285618736773,1.049929575826221,1.2182136440140021,0.8225311711784538
0.8421318905020897,0.0,1.2380816024689916,0.0,0.0,1.2475889466969303,0.2703350774754977,1.022831460331992,1.0,0.8191298832365465
1.4079609300044256,0.0,1.2380816024689916,0.0,0.0,1.1754587918427473,0.41128985457575656,0.0,0.0,0.8312688951977972
-0.7136357348950162,0.0,0.0,0.0,0.0,-0.20360855534001107,0.2703350774754977,0.0,0.0,0.8191298832365465
-0.5517494574037225,0.0,0.0,0.0,0.0,-1.3513954655373794,-1.2436386091883012,0.0,0.0,0.8191298832365465
0.8201003185873709,0.0,1.149512058475987,0.0,0.0,0.74241959398769,0.11452748252207769,0.0,0.0,0.8252023196021931
0.191592566320308,4.330655285737183,1.149512058475987,0.0,0.0,0.7246009913858293,0.22025285618736773,0.9565747954222968,1.0,0.818643834365977
1.231641606643107,0.0,1.0,0.0,0.0,0.4211470667323377,0.22025285618736773,0.0,0.0,0.816942366436038
0.8591186339646683,0.0,1.149512058475987,0.0,0.0,0.7732973366619705,0.8089350854960184,1.0758297846558222,1.4186096146759073,0.8174285472740684
-0.11171430650772343,0.0,0.0,0.0,0.0,-1.3513954655373794,-1.2436386091883012,0.0,0.0,0.816942366436038
-0.25572675313555904,0.0,0.0,0.0,0.0,-0.6257406946473614,-0.6167169445693365,1.0394896384476304,1.3444369791715767,0.8198588859060496
-0.980305149304201,0.0,0.0,0.0,0.0,-0.00352366620114632,0.0,0.0,0.0,0.8164561478629385
1.1563952726066384,0.0,1.149512058475987,0.0,0.0,0.856909388438447,0.41128985457575656,0.0,0.0,0.8157267492207543
1.591226536173809,0.0,1.149512058475987,0.0,0.0,0.5696251287900885,0.6989246298564699,0.0,0.0,0.8152404362514074
0.7283318106181405,0.0,1.0,0.0,0.0,0.2778733597590334,-0.193584983678676,0.0,0.0,0.8135380432377742
0.5206991194627687,0.0,1.149512058475987,0.0,0.0,0.8884107107040015,0.5816230273987638,0.0,0.0,0.8123217645445562
0.715856336614474,0.0,0.0,0.0,0.0,0.014933013599171712,0.22025285618736773,0.0,0.0,0.8113485712185292
1.6353496686998823,4.330657273535718,0.0,0.0,0.0,0.03931647212345663,0.6216146055503267,1.0828995695486157,1.4217198523711672,0.8426582810579958
0.6511522392647293,0.0,0.7106121022478595,0.0,0.0,0.019410551671331416,-0.34288385740687394,0.0,0.0,0.8101318664198955
0.04681275992585188,0.0,0.0,0.0,0.0,-0.3798059899413203,-0.6167169445693365,1.022831460331992,1.0,0.8106185767699592
1.0015472169068051,0.0,1.149512058475987,0.0,0.0,0.6075415161551986,0.16837786189877654,0.0,0.0,0.8089149246010935
-0.43084577046267375,0.0,1.149512058475987,0.0,0.0,0.7126746784583962,0.2703350774754977,0.0,0.0,0.8084280814606514
0.2281148704096299,0.0,1.149512058475987,0.0,0.0,0.5792521223144934,0.2703350774754977,0.0,0.0,0.8079412003496871
2.2179121176308816,0.0,1.2380816024689916,0.0,0.0,1.395495837635886,0.41128985457575656,1.0674057257981981,1.3444369791715767,0.8079412003496871
1.0020988852053514,0.0,1.0,0.0,0.0,0.3585684970423957,0.0,1.049929575826221,1.2182136440140021,0.8055062247630432
0.6952691278793459,4.330657259765598,0.0,0.0,0.0,0.0939362857803043,0.22025285618736773,1.0608533667743183,1.3444369791715767,0.8184007957984177
-0.5419600345962995,0.0,0.0,0.0,0.0,-0.5627380187757388,-1.022273554629209,0.0,0.0,0.8055062247630432
0.2686119851494715,0.0,0.0,0.0,0.0,-0.20028241607101796,-0.12561320434640574,0.0,0.0,0.8252023196021931
2.2868554947113275,0.0,0.0,0.0,0.0,0.17326479837838457,-0.7296649225245023,1.0123446312553674,1.0,0.8028266528045547
0.11983899434434753,0.0,0.0,0.0,0.0,-0.034443075271142036,-0.7296649225245023,0.0,0.0,0.8028266528045547
0.44586414426966836,0.0,1.0,0.0,0.0,0.2425799345451288,0.2703350774754977,0.0,0.0,0.8028266528045547
1.1094045350286592,0.0,1.0,0.0,0.0,0.6379849775795856,0.41128985457575656,1.049929575826221,1.2182136440140021,0.8020956603824854
-0.4386271691756545,0.0,1.149512058475987,0.0,0.0,0.8810827919809056,0.22025285618736773,0.0,0.0,0.8103752263344868
1.360219066008708,0.0,0.0,0.0,0.0,0.4457536765892326,0.3657267131137707,1.1026378470027733,1.4229121222943437,0.8011208702968026
0.09807175647532773,0.0,1.0,0.0,0.0,0.1913309392486657,0.11452748252207769,0.0,0.0,0.8011208702968026
1.7908169755630048,0.0,0.0,0.0,0.0,-0.8263253208832083,-0.8610819189340483,0.989920921912559,1.2182136440140021,0.7977079017843367
0.3514352605575565,0.0,0.7106121022478595,0.0,0.0,0.1867390216687988,0.4555743605292723,0.0,0.0,0.8242311242994607
1.647850441042758,0.0,1.2380816024689916,0.0,0.0,1.367796155627088,0.6606974057623132,1.0957399639575895,1.4013322872298855,0.8033139334247453
0.8049596264274214,0.0,1.2380816024689916,0.0,0.0,1.0034903637051868,0.7730013276593265,1.0306204699037194,1.3444369791715767,0.8006334179991402
0.2712356314060248,0.0,0.0,0.0,0.0,-0.20360855534001107,0.5406638713926494,0.0,0.0,0.7950249683620849
0.9697190088289106,0.0,1.2380816024689916,0.0,0.0,1.0316868212664516,-0.12561320434640574,0.0,0.0,0.7950249683620849
0.06733664566246292,0.0,0.0,0.0,0.0,-1.3513954655373794,-1.2436386091883012,0.0,0.0,0.7950249683620849
0.7718147933228627,0.0,1.0,0.0,0.0,0.3033806412840295,0.4555743605292723,0.9565747954222968,1.0,0.7918527331948434
-0.010715683108831702,0.0,0.0,0.0,0.0,-1.3513954655373794,-1.2436386091883012,0.0,0.0,0.7925849314593418
0.7738844384661412,0.0,1.149512058475987,0.0,0.0,0.799945129789502,0.31878118133730793,0.0,0.0,0.7879462140941484
1.3594015793201735,4.3306572993391885,1.149512058475987,0.0,0.0,0.9422926498434011,0.6989246298564699,1.049929575826221,1.2182136440140021,0.7879462140941484
0.5992420260859327,4.330657114809953,1.149512058475987,0.0,0.0,0.7144483722243907,0.49867188906910564,0.0,0.0,0.7925849314593418
-0.12860275504504293,0.0,0.0,0.0,0.0,-1.3513954655373794,-1.2436386091883012,0.0,0.0,0.8052626749110694
0.05403545928342343,0.0,0.0,0.0,0.0,-0.4666110923155345,-0.516595772466355,0.0,0.0,0.7918527331948434
0.16462463291225968,0.0,1.0,0.0,0.0,0.5089042089707019,0.0,0.0,0.0,0.8397523039348036
0.981525460762473,0.0,1.149512058475987,0.0,0.0,1.0055180656713918,0.41128985457575656,0.9750538018491568,1.0,0.7901439341860714
-0.6495197606412229,0.0,0.7106121022478595,0.0,0.0,0.2890587067271099,1.1050458926679774,0.0,0.0,0.7901439341860714
-0.06635813106066395,0.0,0.0,0.0,0.0,-1.3513954655373794,-1.2436386091883012,0.0,0.0,0.8397523039348036
0.6481250285385965,0.0,0.0,0.0,2.740863092043355e-16,0.3900156929446798,-0.06124106303535339,0.0,0.0,0.7879462140941484
0.14352878976280214,0.0,0.0,0.0,0.0,-0.4666110923155345,-0.516595772466355,0.0,0.0,0.7874577258933909
0.28427601513770917,0.0,1.149512058475987,0.0,0.0,0.6987348295388175,-0.193584983678676,0.0,0.0,0.7874577258933909
0.5118024149698874,0.0,1.0,0.0,0.0,0.35407130131912373,0.16837786189877654,0.0,0.0,0.7857477134368817
1.0768284423413972,0.0,1.2380816024689916,0.0,0.0,0.9727714470798112,0.0,0.0,0.0,0.7857477134368817
0.8693584500106967,0.0,1.149512058475987,0.0,0.0,0.7159434208965393,0.11452748252207769,0.0,0.0,0.7857477134368817
0.4720703624100026,0.0,0.0,0.0,0.0,0.1687513847602189,-0.8610819189340483,0.0,0.0,0.7840372280194201
-0.5964510382099366,0.0,0.0,0.0,0.0,-0.5109376799694366,-0.7296649225245023,0.0,0.0,0.7955128606499619
0.6010024229164834,0.0,1.0,0.0,0.0,0.42728221895633683,0.11452748252207769,0.0,0.0,0.7823262690427785
1.4576255308386836,0.0,0.0,0.0,0.0,-0.9674664273370567,-1.022273554629209,0.9271671564532873,1.0,0.7823262690427785
-0.6545105196121126,0.0,0.0,0.0,0.0,-1.3513954655373794,-1.2436386091883012,0.0,0.0,0.7811038652217694
-0.026829525698315947,0.0,1.0,0.0,0.0,0.26965361620829253,0.41128985457575656,1.0657284073158733,1.3837532157583627,0.778902928012294
-0.31856883917738443,0.0,0.7106121022478595,0.0,0.0,0.015554828406066661,0.05848678361057452,0.0,0.0,0.778902928012294
0.856072791518137,0.0,0.0,0.0,0.0,-0.28022120518858756,-0.7296649225245023,1.049929575826221,1.2182136440140021,0.778902928012294
1.1793264673455237,0.0,1.149512058475987,0.0,0.0,0.7472107440986242,0.16837786189877654,0.9565747954222968,1.2182136440140021,0.7776798456558892
0.1077206742188543,0.0,0.0,0.0,0.0,-1.3513954655373794,-1.2436386091883012,0.0,0.0,0.7771905447552319
0.5288032978426702,0.0,0.0,0.0,0.0,-0.26233644700545483,0.05848678361057452,0.0,0.0,0.7764565205479739
-0.39606488348529356,0.0,0.0,0.0,0.0,0.2002627707395518,1.3362843900460843,1.0703997564388674,1.4067157636187435,0.7754776855325429
-0.7364237077734046,0.0,0.0,0.0,0.0,-0.9208823982699547,-1.022273554629209,0.0,0.0,0.7754776855325429
1.172564315064148,0.0,1.149512058475987,0.0,0.0,0.7207896300433879,0.11452748252207769,1.022831460331992,1.0,0.7747434571548876
-0.5655009894823979,0.0,0.0,0.0,0.0,-0.9013567642394933,-1.022273554629209,0.0,0.0,0.7737643497392105
-0.0741860773918706,0.0,0.7106121022478595,0.0,0.0,0.06629024904105023,0.05848678361057452,0.0,0.0,0.7720505367688452
0.4081321428847838,0.0,0.0,0.0,0.0,-0.7077869673735322,-1.022273554629209,1.022831460331992,1.0,0.7703362460136841
0.1432888623535663,0.0,0.0,0.0,0.0,-0.5627380187757388,-1.022273554629209,0.0,0.0,0.7703362460136841
-0.6272540515985897,0.0,0.0,0.0,0.0,-1.3513954655373794,-1.2436386091883012,0.0,0.0,0.7691114597584644
0.019456303439396996,0.0,0.0,0.0,0.0,-0.8486714277389374,-0.7296649225245023,0.0,0.0,0.7696014035642007
0.9209935162867764,0.0,1.2380816024689916,0.0,0.0,1.4383103928401697,0.41128985457575656,0.0,0.0,0.7696014035642007
0.7996317990659675,0.0,0.0,0.0,0.0,-0.030830788354035004,0.16837786189877654,0.0,0.0,0.7691114597584644
0.6164911451112544,0.0,1.0,0.0,0.0,0.3961668529042447,0.6216146055503267,1.0737328683319727,1.4165481093681518,0.7691114597584644
0.5314132804744665,0.0,1.2380816024689916,0.0,0.0,0.9936214514370498,0.6989246298564699,0.0,0.0,0.7678864292023085
0.8611197452885541,0.0,0.0,0.0,0.0,-1.3513954655373794,-1.2436386091883012,0.0,0.0,0.7686214768645823
-0.6023592062315865,0.0,0.7106121022478595,0.0,0.0,0.14395209745986814,0.3657267131137707,0.0,0.0,0.7673963485256925
-2.207249794903,0.0,0.0,0.0,0.0,0.5981581967370186,0.5816230273987638,1.093204987104214,1.4217198523711672,0.7669062287110107
-0.3884868177669026,0.0,0.0,0.0,0.0,-0.8008686164877915,-0.8610819189340483,0.9750538018491568,1.0,0.7656807578515096
0.8435367027214539,0.0,1.0,0.0,0.0,0.42838884412767864,0.4555743605292723,1.006052142399291,1.0,0.7634742929413946
-0.3349603375662995,0.0,0.0,0.0,0.0,-1.3513954655373794,-1.2436386091883012,0.0,0.0,0.7730299169314443
0.37238865706160396,0.0,1.149512058475987,0.0,0.0,0.7039860206400085,0.2703350774754977,0.0,0.0,0.7627386280658802
1.6218710303570698,0.0,1.2380816024689916,0.0,0.0,1.874437506890809,0.8089350854960184,1.0966441372171416,1.4186096146759073,0.7622481357258589
0.9485532411451335,0.0,0.0,3.8163916471489756e-17,0.0,0.30969595812065065,0.05848678361057452,0.0,0.0,0.7617576040973284
0.4633806414239931,0.0,1.149512058475987,0.0,0.0,0.7752083702497156,0.4555743605292723,1.022831460331992,1.0,0.7583227814101096
1.8393731133921332,0.0,1.149512058475987,0.0,0.0,1.0284811641977474,0.6606974057623132,1.0648370576179522,1.3837532157583627,0.7583227814101096
-0.2562439070243777,0.0,1.2380816024689916,0.0,2.740863092043355e-16,1.3020044280352114,0.878778350041491,0.0,0.0,0.7583227814101096
0.28650884577287705,0.0,1.0,0.0,0.0,0.3667818459049334,0.22025285618736773,0.0,0.0,0.7568501237753923
-0.11130934522055098,0.0,0.7106121022478595,0.0,0.0,0.1824113818329127,0.4555743605292723,0.0,0.0,0.7575864969464564
0.14094565318976587,0.0,1.149512058475987,0.0,0.0,0.5784399594255,0.3657267131137707,0.0,0.0,1.0733770847917044
1.0829994927016469,0.0,1.0,0.0,0.0,0.3594489884234715,0.11452748252207769,1.022831460331992,1.0,1.0733770847917044
0.5033559070352512,0.0,0.0,0.0,0.0,-0.5120826884545737,-0.2657509156119179,0.0,0.0,1.0733770847917044
0.4761318151703036,0.0,0.7106121022478595,0.0,0.0,0.1734030408063846,0.31878118133730793,1.0619187631672482,1.3685309911523162,1.0733770847917044
0.153503527757593,0.0,1.0,0.0,0.0,0.4270649879556152,0.16837786189877654,0.0,0.0,1.0733770847917044
-0.7572237269471348,0.0,0.0,3.8163916471489756e-17,0.0,0.08448248744125238,0.41128985457575656,0.0,0.0,1.0733770847917044
-0.5397098742545294,0.0,0.0,0.0,0.0,-0.9208823982699547,-1.022273554629209,0.0,0.0,1.0733770847917044
0.662341251731962,0.0,0.0,0.0,0.0,-0.0014359744193056698,0.31878118133730793,0.0,0.0,1.0733770847917044
-1.5939824052149392,0.0,0.0,0.0,0.0,-0.573102074646045,-0.193584983678676,0.0,0.0,1.0733770847917044
0.546913839193203,0.0,0.0,0.0,0.0,-0.39280971116364305,-0.193584983678676,0.0,0.0,1.0733770847917044
-0.6018007729989046,0.0,0.0,0.0,0.0,-1.3513954655373794,-1.2436386091883012,0.0,0.0,1.0733770847917044
-0.5832380792996358,0.0,0.0,0.0,0.0,-0.5196309961491604,-0.6167169445693365,0.0,0.0,1.0733770847917044
-0.2874163038423332,0.0,0.0,0.0,0.0,-0.5831209412503668,-0.7296649225245023,0.0,0.0,1.0733770847917044
1.1085013387117602,0.0,0.7106121022478595,0.0,0.0,-0.09303365591256586,0.05848678361057452,0.0,0.0,1.0733770847917044
0.17444844060453393,0.0,0.0,0.0,0.0,-0.5573569779978139,-0.2657509156119179,1.0073181001224818,1.2182136440140021,1.0733770847917044
0.7390987063884719,0.0,0.7106121022478595,0.0,0.0,0.06189232390951995,0.0,0.0,0.0,1.0733770847917044
-0.8687367386658343,0.0,0.0,0.0,0.0,-1.3513954655373794,-1.2436386091883012,0.0,0.0,1.0733770847917044
1.890927358077909,4.330657220866917,1.2380816024689916,0.0,0.0,1.294566568427502,0.878778350041491,1.0899416389572951,1.4186096146759073,1.0733770847917044
0.8407248966289771,0.0,1.2380816024689916,0.0,0.0,0.9671380038870724,0.22025285618736773,0.0,0.0,1.0733770847917044
-1.0216820037336212,0.0,0.0,0.0,0.0,-1.3513954655373794,-1.2436386091883012,0.0,0.0,1.0733770847917044
1.3260902702230983,0.0,0.0,0.0,0.0,-0.06194124141530229,-0.7296649225245023,0.0,0.0,1.0733770847917044
-1.0880648094868042,0.0,0.0,0.0,0.0,-1.3513954655373794,-1.2436386091883012,0.0,0.0,1.0733770847917044
-0.7781199535752764,0.0,0.0,0.0,0.0,-0.5022973523288712,-0.42601894595792045,0.0,0.0,1.0733770847917044
2.0807165968977537,0.0,1.2380816024689916,0.0,0.0,0.5194957088216705,1.4949492180089137,1.0674057257981981,1.4203058441177223,1.0733770847917044
0.3050598545398873,0.0,1.149512058475987,0.0,0.0,0.715271747655451,0.16837786189877654,0.0,0.0,1.0733770847917044
0.6293857388509279,0.0,1.149512058475987,0.0,0.0,1.0326027692026232,1.0742563978161945,1.0939028586800355,1.423927592080586,1.0733770847917044
1.1855616399856463,0.0,1.2380816024689916,0.0,0.0,1.0947773305927757,0.22025285618736773,0.9750538018491568,1.2182136440140021,1.0733770847917044
0.19511359693027636,0.0,0.0,0.0,0.0,-1.3513954655373794,-1.2436386091883012,0.0,0.0,1.0733770847917044
0.6257164117072846,0.0,0.7106121022478595,0.0,0.0,0.1398329041154282,0.22025285618736773,0.0,0.0,1.0733770847917044
0.2984182451300033,0.0,1.0,0.0,0.0,0.46977987652645625,0.05848678361057452,0.0,0.0,1.0733770847917044
0.30016982285360216,0.0,0.0,0.0,0.0,-0.8382216140887526,-0.7296649225245023,0.0,0.0,1.0733770847917044
0.7659283720338194,4.330657225463138,1.0,0.0,0.0,0.3143257073848449,-0.2657509156119179,0.0,0.0,1.0733770847917044
1.0873967361228023,4.330657032691272,0.0,0.0,0.0,-1.3513954655373794,-1.2436386091883012,0.0,0.0,1.0733770847917044
1.931155110020242,4.330657300024285,0.0,0.0,0.0,0.4903431675303783,0.6606974057623132,1.0999231942997938,1.4217198523711672,1.0733770847917044
-0.3602291976893445,0.0,0.0,0.0,0.0,-0.7077869673735322,-1.022273554629209,0.0,0.0,1.0733770847917044
1.0479533760459436,0.0,1.149512058475987,0.0,0.0,-0.2345268053096337,0.16837786189877654,0.0,0.0,1.0733770847917044
-0.4218859989435527,0.0,1.2380816024689916,0.0,0.0,1.4510516582020219,0.22025285618736773,1.049929575826221,1.2182136440140021,1.0733770847917044
0.682175274655774,0.0,1.2380816024689916,0.0,0.0,0.9944735034167328,0.16837786189877654,0.0,0.0,1.0733770847917044
0.688285748209709,0.0,1.149512058475987,0.0,0.0,0.5786769485108461,0.2703350774754977,1.0125842817931043,1.2182136440140021,1.0717401543772953
0.2176932112048039,0.0,0.0,0.0,0.0,0.08266066846677947,-1.022273554629209,0.0,0.0,1.0717401543772953
1.86214897233448,0.0,1.2380816024689916,0.0,0.0,1.0415631859292684,0.5406638713926494,1.0368224148220306,1.2182136440140021,1.0717401543772953
0.47010807704644103,0.0,0.0,0.0,0.0,-0.35398256555730934,-0.42601894595792045,1.022831460331992,1.0,1.0717401543772953
0.3890999574695526,0.0,1.149512058475987,0.0,0.0,0.6950271011779154,0.5816230273987638,0.0,0.0,1.0717401543772953
1.2735159661665947,0.0,0.0,0.0,0.0,-1.3513954655373794,-1.2436386091883012,0.0,0.0,1.0717401543772953
-0.5217408459945518,0.0,0.0,0.0,0.0,-1.3513954655373794,-1.2436386091883012,0.0,0.0,1.0717401543772953
0.09941954624842309,0.0,0.0,0.0,0.0,-0.5627380187757388,-1.022273554629209,0.0,0.0,1.0717401543772953
0.8808877030008171,0.0,1.2380816024689916,0.0,0.0,0.9348485818428482,0.31878118133730793,0.0,0.0,1.0717401543772953
0.3581414178727127,0.0,0.0,0.0,0.0,-0.14971033719721588,-0.06124106303535339,1.0306204699037194,1.4013322872298855,1.0717401543772953
-1.4276193799136496,0.0,0.0,0.0,0.0,-1.3513954655373794,-1.2436386091883012,0.0,0.0,1.0717401543772953
0.5341928596676063,0.0,1.149512058475987,0.0,0.0,0.8271363429178036,0.4555743605292723,0.0,0.0,1.0717401543772953
1.5650173209065001,0.0,1.149512058475987,0.0,0.0,1.5119388006984613,0.7363445937263972,1.0619187631672482,1.3685309911523162,1.0717401543772953
0.0945895626995165,0.0,1.149512058475987,0.0,0.0,0.8589730246132797,0.05848678361057452,0.0,0.0,1.0717401543772953
-0.6659665101665004,0.0,0.0,0.0,0.0,-0.5627380187757388,-0.2657509156119179,0.0,0.0,1.0717401543772953
-0.3228863353452963,0.0,0.0,0.0,0.0,-0.38885687014875886,-0.42601894595792045,0.0,0.0,1.0717401543772953
0.7692943766398584,0.0,1.0,0.0,0.0,0.5078424632389723,0.8441827789462959,1.006052142399291,1.0,1.0717401543772953
-0.6231257827630503,0.0,0.0,0.0,0.0,-0.06194124141530229,-0.34288385740687394,1.08123225311969,1.3837532157583627,1.0717401543772953
-0.3480799811171288,0.0,0.7106121022478595,0.0,0.0,-0.04578609632088373,0.11452748252207769,0.0,0.0,1.0717401543772953
1.0554649533168563,0.0,1.0,0.0,0.0,0.7326943170481516,1.4949492180089137,1.0674057257981981,1.4013322872298855,1.0717401543772953
0.6101909391027553,0.0,0.0,0.0,0.0,0.22272845667785593,-0.12561320434640574,1.0608533667743183,1.4013322872298855,1.0717401543772953
1.1984587121227768,0.0,1.0,0.0,0.0,0.4706282027874287,0.05848678361057452,0.0,0.0,1.0717401543772953
-0.6158057136198254,0.0,0.0,0.0,0.0,-0.9674664273370567,-1.022273554629209,0.0,0.0,1.0717401543772953
1.6355791203564434,0.0,1.0,0.0,0.0,0.4852826991397704,0.22025285618736773,1.022831460331992,1.0,1.0717401543772953
-0.7464468279418891,0.0,0.0,0.0,0.0,-0.42634849093059457,-0.6167169445693365,1.039944168455057,1.3025175370208548,1.0717401543772953
0.9839876254693675,0.0,1.149512058475987,0.0,0.0,0.7587408033158544,0.11452748252207769,0.0,0.0,1.0717401543772953
0.13080620017594038,0.0,0.0,0.0,0.0,-0.7077869673735322,-1.022273554629209,0.0,0.0,1.0717401543772953
1.013981306086165,0.0,1.0,0.0,0.0,0.4959617485951138,0.49867188906910564,0.0,0.0,1.0717401543772953
1.080819408845625,0.0,1.2380816024689916,0.0,0.0,0.9847473408460796,0.22025285618736773,0.0,0.0,1.0717401543772953
0.08170963122796064,0.0,0.0,0.0,0.0,-0.03454975995666514,0.31878118133730793,1.0481458543966122,1.3685309911523162,1.0717401543772953
-0.3787122259235032,0.0,0.0,0.0,0.0,-1.3513954655373794,-1.2436386091883012,0.0,0.0,1.0717401543772953
-0.14231307107094257,0.0,1.0,0.0,0.0,0.298057213169063,0.41128985457575656,0.9565747954222968,1.0,1.0717401543772953
0.9049490339456813,0.0,0.7106121022478595,0.0,0.0,0.08340678766717245,-0.06124106303535339,0.0,0.0,1.0717401543772953
0.0027199669625486643,0.0,1.149512058475987,0.0,0.0,0.5766766696695659,0.11452748252207769,0.0,0.0,1.0630813628975733
0.13113537127417696,0.0,1.0,0.0,0.0,0.3401322685898664,0.11452748252207769,0.0,0.0,1.0595679447095734
0.3559702747179898,0.0,0.0,0.0,0.0,-0.1646761105441718,0.0,0.0,0.0,1.0574590333691596
0.8095599457393444,0.0,1.0,0.0,0.0,0.40838785649500314,0.16837786189877654,0.0,0.0,1.0574590333691596
-0.3014115912585941,0.0,0.7106121022478595,0.0,0.0,0.11755310487195827,0.05848678361057452,0.0,0.0,1.0574590333691596
-0.23032644546484546,0.0,0.0,0.0,0.0,-0.3296910800287715,-0.6167169445693365,0.0,0.0,1.0574590333691596
1.0435952157258597,0.0,0.0,0.0,0.0,-0.2810943280309443,0.16837786189877654,0.0,0.0,1.0574590333691596
1.6342271882054837,0.0,1.2380816024689916,0.0,0.0,1.4888345647539856,0.9461359278251181,1.08123225311969,1.3837532157583627,1.0574590333691596
2.6689289847192392,4.330657226825038,1.2380816024689916,0.0,0.0,0.9769142865725431,0.6606974057623132,1.0778175216248964,1.4067157636187435,1.0574590333691596
1.7997100745444061,0.0,1.2380816024689916,0.0,0.0,1.2505986566621359,0.2703350774754977,0.0,0.0,1.0574590333691596
0.43668692101293927,0.0,0.0,0.0,0.0,-0.21711592943979718,0.49867188906910564,0.0,0.0,1.0574590333691596
0.4278103295794022,0.0,0.0,0.0,0.0,-0.3798059899413203,-0.516595772466355,1.0306204699037194,1.3444369791715767,1.0574590333691596
-1.086536701686242,0.0,0.0,0.0,0.0,-0.9369838393770169,-1.022273554629209,0.0,0.0,1.0574590333691596
2.257116269283966,4.330657231211335,0.0,0.0,0.0,-0.1861034639724407,0.41128985457575656,1.0768506549437087,1.4248002454769926,1.0574590333691596
0.01231928861726718,0.0,1.2380816024689916,0.0,0.0,1.00097099277513,0.05848678361057452,0.988153482273682,1.0,1.0574590333691596
0.11915837589914278,0.0,1.0,0.0,0.0,0.1893249198169777,0.16837786189877654,0.9271671564532873,1.0,1.0574590333691596
0.0339589053738438,0.0,0.0,0.0,0.0,-0.12136732299016204,0.22025285618736773,1.0306204699037194,1.2182136440140021,1.0574590333691596
0.9661822494159806,0.0,1.0,0.0,0.0,0.7469752593391763,1.5454793966481322,1.0966108090353832,1.427761196424576,1.039389607931537
1.2215270555285789,0.0,0.0,0.0,0.0,-0.1951887041479565,0.22025285618736773,0.0,0.0,1.0379795969701595
0.8784443917003663,0.0,1.149512058475987,0.0,0.0,0.5270265501187368,0.11452748252207769,1.022831460331992,1.0,1.036099129558502
1.3027121670121826,0.0,1.149512058475987,0.0,0.0,0.6478267188710054,0.4555743605292723,0.0,0.0,1.0382146190016543
0.40820959615499514,0.0,1.0,0.0,0.0,0.43688971862807,0.6606974057623132,1.071744731494726,1.394034397226019,1.0323366398460865
-0.06638984741875853,0.0,0.7106121022478595,0.0,0.0,0.05062792543621707,0.4555743605292723,0.0,0.0,1.03068989761565
2.679941228178721,0.0,1.0,0.0,0.0,0.4741098661920903,0.11452748252207769,0.0,0.0,1.029042757291344
-0.7678777104267412,4.330655285737183,0.0,0.0,0.0,-0.33213687257001856,-1.022273554629209,0.0,0.0,1.0262181607183807
0.5420594967526062,0.0,0.0,0.0,0.0,-0.04387548493101146,0.4555743605292723,1.0665838155427505,1.3685309911523162,1.023863433969127
0.2381774275112244,4.330657236079042,0.0,0.0,0.0,-0.5109376799694366,-0.7296649225245023,0.0,0.0,1.0215078910511266
-0.03641932792418694,0.0,1.0,0.0,0.0,0.37137101966176,0.05848678361057452,0.0,0.0,1.0196228682057649
0.4288768711216674,0.0,1.2380816024689916,0.0,0.0,1.2870558955628075,0.3657267131137707,1.0368224148220306,1.2182136440140021,1.0172658529206122
0.44037828650584926,0.0,0.0,0.0,0.0,-0.17558262002627686,-0.42601894595792045,1.0648370576179522,1.3444369791715767,1.03068989761565
2.74767958445555,4.330657271573691,0.0,0.0,0.0,-0.20961797913535643,0.3657267131137707,1.083411375551137,1.4248002454769926,1.0092458610249697
0.45928074622777093,0.0,1.0,0.0,0.0,0.2386627820708161,0.22025285618736773,1.006052142399291,1.2182136440140021,1.0059407448750897
-1.3959385158549318,0.0,0.0,0.0,0.0,-0.12273672847268986,-0.12561320434640574,0.0,0.0,1.0042875798460498
0.05283421726430147,0.0,0.0,0.0,0.0,0.11043383767149516,1.0742563978161945,1.022831460331992,1.0,1.0014526395981043
-0.771318288313895,0.0,1.2380816024689916,0.0,0.0,1.125405783962064,0.878778350041491,1.0840787559660336,1.4165481093681518,0.9993256514999119
-0.6911879494349223,0.0,0.0,0.0,0.0,-1.3513954655373794,-1.2436386091883012,0.0,0.0,0.995779177203161
0.7130572181166219,0.0,1.149512058475987,0.0,0.0,0.7105510693204987,0.4555743605292723,1.058558970906916,1.3444369791715767,0.9934138215232529
-0.7660508096249589,0.0,0.0,0.0,0.0,-0.5109376799694366,-0.7296649225245023,0.0,0.0,1.0054684533342402
-1.4563409289032643,0.0,0.7106121022478595,0.0,0.0,0.07204959269874417,0.11452748252207769,0.0,0.0,0.9908109679392157
-0.7625950080281099,0.0,0.0,0.0,0.0,-1.3513954655373794,-1.2436386091883012,0.0,0.0,0.9893908040769352
-0.4001163483932343,0.0,0.0,0.0,0.0,-1.3513954655373794,-1.2436386091883012,0.0,0.0,0.9893908040769352
0.9243690141530001,0.0,1.2380816024689916,0.0,0.0,0.9426995996925693,0.6216146055503267,0.0,0.0,1.0285720725892713
1.1172742853925126,0.0,0.0,0.0,0.0,0.1641623850432824,0.9461359278251181,1.0894950256672702,1.4165481093681518,1.0285720725892713
0.4573935085988776,0.0,1.149512058475987,0.0,0.0,0.6844677328675651,0.49867188906910564,0.0,0.0,1.0285720725892713
-0.4989809120585865,0.0,0.0,0.0,0.0,-1.3513954655373794,-1.2436386091883012,0.0,0.0,0.7115143325336579
1.1553190910367734,0.0,1.2380816024689916,0.0,0.0,1.264222618428933,0.3657267131137707,1.0269662977944063,1.2182136440140021,0.6839986835132892
-0.7432335337763147,0.0,0.0,0.0,0.0,-0.9674664273370567,-1.022273554629209,0.0,0.0,0.6830047475883572
0.8274705030182669,0.0,1.2380816024689916,0.0,0.0,1.1381976505001306,0.7363445937263972,0.8663642547672894,1.0,0.681016374933445
0.9156763933559825,0.0,1.149512058475987,0.0,0.0,0.6403864733861666,0.0,0.0,0.0,0.6807677813620597
-1.7949407975925644,0.0,0.0,0.0,0.0,-0.11164873207731156,0.05848678361057452,0.0,0.0,0.6797733025684579
0.5198189275779318,0.0,0.0,0.0,0.0,-0.9674664273370567,-1.022273554629209,0.0,0.0,0.6832532472107447
-0.4961950542604265,0.0,0.0,0.0,0.0,-0.25248133556253016,0.05848678361057452,0.0,0.0,0.677535113362208
2.43643230199234,4.330656927309901,1.2380816024689916,0.0,0.0,1.2732239851270153,0.7730013276593265,1.0441638598214986,1.3444369791715767,0.6772863733247738
-0.823160253623137,4.330655928545408,0.0,0.0,0.0,0.13560502793850282,0.9461359278251181,1.08123225311969,1.4285306451176016,0.6770376228103835
0.8541581619980831,0.0,1.149512058475987,0.0,0.0,0.8788979418459287,0.49867188906910564,1.006052142399291,1.2182136440140021,0.6762913083853103
-0.2998889525438478,0.0,0.0,0.0,0.0,-0.11050489997474243,-0.42601894595792045,0.0,0.0,0.675793713013496
0.3793977214355577,0.0,1.149512058475987,0.0,0.0,0.567475166248251,0.2703350774754977,0.0,0.0,0.675793713013496
1.5462624416615751,0.0,1.2380816024689916,0.0,0.0,1.0040846242616217,0.22025285618736773,0.0,0.0,0.6755448995950013
-0.37609335793640464,0.0,0.0,0.0,0.0,0.08427580775804486,0.878778350041491,0.0,0.0,0.6745495409899542
0.28305182099489745,4.330657270537935,1.2380816024689916,0.0,0.0,1.0748804380130423,0.8089350854960184,1.0778175216248964,1.394034397226019,0.6738029118019132
0.7777521420943064,0.0,1.149512058475987,0.0,0.0,0.8273460359624076,0.05848678361057452,0.0,0.0,0.6735540143981028
-1.3139076542600718,0.0,0.0,0.0,0.0,0.623338070774391,0.5816230273987638,1.0665838155427505,1.41081075138084,0.6725583196898416
-0.24115716785371702,0.0,0.0,0.0,0.0,0.047602203403832775,0.2703350774754977,0.0,0.0,0.6718114382541863
1.1210422185993887,0.0,0.0,0.0,0.0,-0.19069747201218404,-0.42601894595792045,1.0180943570563883,1.2182136440140021,0.6710644621252345
0.20069441864136572,0.0,1.149512058475987,0.0,0.0,0.8433305450729636,0.16837786189877654,1.022831460331992,1.0,0.6705664254047828
-0.3167138941471057,0.0,0.0,0.0,0.0,-0.39280971116364305,-1.022273554629209,0.0,0.0,0.6703173912481107
0.6267863043217655,0.0,0.0,0.0,0.0,-0.017279930099958877,-0.06124106303535339,0.0,0.0,0.6688229650295694
0.004191548318222114,0.0,0.0,0.0,0.0,-0.12654210969205837,0.05848678361057452,0.0,0.0,0.6675773198537565
0.12431600583654037,0.0,1.149512058475987,0.0,0.0,0.547358086314626,0.05848678361057452,0.0,0.0,0.6670789879049503
-0.2844354878330809,4.330655285737183,1.149512058475987,0.0,0.0,0.6667058619827886,0.2703350774754977,1.0462299458179467,1.3025175370208548,0.6658329731936549
-1.1020178127567934,0.0,1.149512058475987,0.0,0.0,0.8189562218400885,0.49867188906910564,0.0,0.0,0.6650852375380784
-0.5034812651986292,0.0,1.0,0.0,0.0,0.19498849243802516,0.0,0.0,0.0,0.686731147812145
1.7037487005510936,0.0,0.0,0.0,0.0,-0.33213687257001856,-1.022273554629209,0.0,0.0,0.6638387998865147
0.5520667205811739,4.330657200280144,1.2380816024689916,0.0,0.0,1.4246681315328786,1.2807778127702338,1.104345347163945,1.4294229069220834,0.6695702255678853
0.46069539145556737,4.330657281980421,1.2380816024689916,0.0,0.0,1.009974456015923,0.41128985457575656,1.049929575826221,1.2182136440140021,0.6623427253162902
-0.5509118247332998,0.0,0.0,0.0,0.0,-0.6635769177752666,-0.6167169445693365,0.0,0.0,0.661345130313378
1.3253509981851472,0.0,1.2380816024689916,0.0,0.0,1.980683429018824,1.4432881067660903,1.08123225311969,1.3837532157583627,0.6603473655918352
-0.1913682590456487,0.0,1.0,0.0,0.0,0.38407880136834127,0.31878118133730793,0.0,0.0,0.6588503999983008
-0.5257527038486859,0.0,0.0,0.0,0.0,-0.15673552667537866,-0.7296649225245023,1.022831460331992,1.0,0.658351326464697
0.0816966285655491,0.0,1.149512058475987,0.0,0.0,0.8286493890385371,0.2703350774754977,0.0,0.0,0.6581017737506347
-0.4060723820291386,0.0,0.0,0.0,0.0,-1.3513954655373794,-1.2436386091883012,0.0,0.0,0.6568538506248992
-0.49975358471599196,0.0,0.0,0.0,0.0,-0.3676414530755336,-0.12561320434640574,0.0,0.0,0.6566042340741627
-0.2983256944406975,0.0,0.0,0.0,0.0,-0.3026847983156656,-0.06124106303535339,0.0,0.0,0.6760425159429255
0.2073636318636648,0.0,0.0,0.0,0.0,0.018413990209155507,0.49867188906910564,0.0,0.0,0.6325911657107346
-0.12849909522255484,0.0,0.0,0.0,0.0,-0.8302177412708251,-0.7296649225245023,0.0,0.0,0.5657801977509013
-0.5670510996898848,0.0,0.0,0.0,0.0,-0.8836236823973103,-1.022273554629209,0.0,0.0,0.6371011754537094
-0.24113691754377126,0.0,0.0,0.0,0.0,-0.034443075271142036,-0.6167169445693365,1.022831460331992,1.0,0.602685957466926
1.098054789875223,0.0,0.0,0.0,0.0,0.3867638398589793,-0.516595772466355,0.0,0.0,0.543163616072996
0.8827071919984985,0.0,1.2380816024689916,0.0,0.0,1.219654920659027,0.4555743605292723,0.0,0.0,0.6561049690305106
0.24784058369930798,0.0,1.149512058475987,0.0,0.0,0.5130010866162087,0.11452748252207769,0.0,0.0,0.6728072591349146
-0.8889648366584079,0.0,0.0,0.0,0.0,-0.38624662872237375,-0.2657509156119179,1.058558970906916,1.2182136440140021,0.6830047475883572
1.2896695896574584,0.0,1.0,0.0,0.0,0.5968932750431034,0.9127530921308108,1.0971207177877587,1.4229121222943437,0.6546069182126353
0.7118290496595092,0.0,1.0,0.0,0.0,0.3774644341533363,0.05848678361057452,0.0,0.0,0.6533582493087597
0.4184379995115395,0.0,0.7106121022478595,0.0,0.0,0.028656824812573135,0.0,1.006052142399291,1.0,0.6640881085822941
-0.6472269331676221,0.0,0.0,0.0,0.0,-0.1337879219607923,0.41128985457575656,0.0,0.0,0.6441097886012503
-2.322420774200442,0.0,0.0,0.0,0.0,-0.8753198122448439,-0.8610819189340483,0.0,0.0,0.6411071320904628
0.9992933874722606,0.0,1.0,0.0,0.0,0.48091387837210287,0.2703350774754977,0.0,0.0,0.6531084835151205
-0.45939985268993294,0.0,0.0,0.0,0.0,-0.28022120518858756,-1.022273554629209,0.0,0.0,0.6528587070456648
-0.48453017528520265,0.0,0.0,0.0,0.0,-1.3513954655373794,-1.2436386091883012,0.0,0.0,0.651609664488138
1.1414036710457434,0.0,0.0,0.0,0.0,-0.7077869673735322,-1.022273554629209,0.0,0.0,0.651609664488138
-0.2586485476146581,0.0,0.0,0.0,0.0,-0.6300113943996929,-0.42601894595792045,1.022831460331992,1.0,0.6581017737506347
-1.1804850092065946,0.0,0.0,0.0,0.0,-0.806667994294748,-1.022273554629209,0.0,0.0,0.6556056613834502
-0.039883427950817875,0.0,1.0,0.0,0.0,0.21570780777301718,0.0,0.0,0.0,0.6496106404937464
1.6304707504028602,0.0,0.7106121022478595,3.8163916471489756e-17,0.0,0.46274502002997825,0.6216146055503267,0.978855706631081,1.0,0.6491107774862792
0.9901613226712367,0.0,0.0,0.0,0.0,0.02543910454535808,-0.06124106303535339,1.0481458543966122,1.3444369791715767,0.6491107774862792
0.32695626067609385,0.0,1.149512058475987,0.0,0.0,0.7588308215389269,0.11452748252207769,0.0,0.0,0.6481109229433862
0.3750453943236213,0.0,1.2380816024689916,0.0,0.0,1.0041577316999557,0.2703350774754977,0.0,0.0,0.6518594943679668
0.8572206598998845,0.0,1.0,0.0,0.0,0.48358638481893196,0.22025285618736773,1.033883362385476,1.2182136440140021,0.6473609195081662
0.26572313474017306,0.0,1.0,0.0,0.0,0.2658728872188699,0.22025285618736773,1.0419259054467114,1.3025175370208548,0.6496106404937464
-0.11521654661253662,0.0,1.149512058475987,0.0,0.0,0.7621659785099639,0.22025285618736773,0.0,0.0,0.6458606230340934
-2.123671598836316,0.0,0.0,0.0,0.0,-0.4504732070810026,-1.022273554629209,0.0,0.0,0.6456105360559974
0.16363187672902277,0.0,0.0,0.0,0.0,-1.3513954655373794,-1.2436386091883012,0.0,0.0,0.6443599400430804
-0.7384672992983113,0.0,0.0,0.0,0.0,-0.39280971116364305,-1.022273554629209,0.0,0.0,0.6441097886012503
0.27224399512061564,0.0,1.149512058475987,0.0,0.0,0.58470701368793,0.05848678361057452,0.0,0.0,0.6466108195573251
0.4465627368969811,0.0,0.0,0.0,0.0,-0.15180540664507386,0.11452748252207769,0.0,0.0,0.6428588700797769
-0.2082843767828458,4.330656740150681,0.0,0.0,0.0,-0.3209338486966583,-0.34288385740687394,0.0,0.0,0.6423584273526596
0.55799484608315,0.0,1.2380816024689916,0.0,0.0,1.1473903450179803,0.5406638713926494,1.049929575826221,1.2182136440140021,0.6413574126878757
0.11698874613263903,0.0,0.0,0.0,0.0,-1.3513954655373794,-1.2436386091883012,0.0,0.0,0.6411071320904628
-0.4476535684845541,0.0,1.2380816024689916,0.0,0.0,1.1317306721607012,0.7363445937263972,1.0419259054467114,1.3025175370208548,0.6408568407163249
-1.315284541553892,0.0,0.0,0.0,0.0,-0.4960619387554842,-0.8610819189340483,0.0,0.0,0.6388541215065401
-0.7592943116348183,0.0,0.0,0.0,0.0,-0.3001208604860054,-0.42601894595792045,1.0419259054467114,1.3685309911523162,0.6466108195573251
-0.906731639312136,0.0,0.0,0.0,0.0,-0.8315310573768225,-0.8610819189340483,0.0,0.0,0.6358487468506524
0.6809904792259239,0.0,1.2380816024689916,0.0,0.0,0.8986221730806376,0.3657267131137707,1.0269662977944063,1.0,0.6406065385633427
0.08690586142845146,0.0,0.7106121022478595,0.0,0.0,0.10487732612285391,0.49867188906910564,0.988153482273682,1.0,0.6396052221205286
0.1947655754534485,0.0,0.0,0.0,0.0,-0.5627380187757388,-1.022273554629209,0.0,0.0,0.6473609195081662
-0.15523186926315113,0.0,0.0,0.0,0.0,-1.3513954655373794,-1.2436386091883012,0.0,0.0,0.6333430777716496
-0.6467393915265282,0.0,0.0,0.0,0.0,-1.3513954655373794,-1.2436386091883012,0.0,0.0,0.6305855893578464
-0.5941721308358858,0.0,0.0,0.0,0.0,-0.8315310573768225,-0.8610819189340483,0.0,0.0,0.628579317553696
0.3951027144032074,0.0,0.0,0.0,0.0,-1.3513954655373794,-1.2436386091883012,0.0,0.0,0.6225563183869611
0.4863213880055297,0.0,1.149512058475987,0.0,0.0,0.7335357045821905,0.05848678361057452,0.0,0.0,0.6388541215065401
-0.19452591424262122,0.0,0.0,0.0,0.0,-0.19682729820612851,-0.12561320434640574,0.0,0.0,0.6378525028696065
0.7743056532420574,4.330657301086741,0.0,0.0,0.0,-0.2455176867890694,0.05848678361057452,0.0,0.0,0.6373516287335728
0.7894270325596837,0.0,0.0,0.0,0.0,-0.060129383113880455,0.16837786189877654,0.0,0.0,0.6300840866484018
-0.8132998237260867,0.0,0.0,0.0,0.0,-1.3513954655373794,-1.2436386091883012,0.0,0.0,0.6263214291188179
-0.07938175044656512,0.0,1.0,0.0,0.0,0.3879738246607045,0.2703350774754977,0.0,0.0,0.6360992542055407
-0.02737073591575197,0.0,1.149512058475987,0.0,0.0,0.5656807554733003,-0.34288385740687394,0.998116281742044,1.0,0.6350971598489954
0.14360075344754752,4.330657172337235,1.0,0.0,0.0,0.7242221796095214,0.41128985457575656,1.0948239703362854,1.3444369791715767,0.6360992542055407
-1.1069179141574466,0.0,0.0,0.0,0.0,-0.9674664273370567,-1.022273554629209,0.0,0.0,0.6268232583705867
-0.3649420909327565,0.0,0.0,0.0,0.0,-1.3513954655373794,-1.2436386091883012,0.0,0.0,0.6245646831760499
-0.7542653279592231,0.0,0.0,0.0,0.0,-1.3513954655373794,-1.2436386091883012,0.0,0.0,0.6213007350554623
0.06957279443732242,0.0,1.149512058475987,0.0,0.0,0.7645036961003079,0.7363445937263972,0.0,0.0,0.6195424585751695
1.5032945821466592,0.0,1.2380816024689916,0.0,0.0,0.9418060000870128,0.0,0.0,0.0,0.6353476996745159
0.9069493649156145,0.0,1.149512058475987,0.0,0.0,0.7709389445110891,0.16837786189877654,0.0,0.0,0.6456105360559974
-0.13582650273311372,0.0,1.149512058475987,0.0,0.0,0.5641410574061219,0.05848678361057452,0.0,0.0,0.6378525028696065
0.6806971506180616,0.0,1.2380816024689916,0.0,0.0,1.1884267404811422,0.6606974057623132,1.049929575826221,1.3837532157583627,0.6335936934368265
0.7338961704377357,0.0,1.149512058475987,0.0,0.0,0.5740735791804412,0.05848678361057452,0.0,0.0,0.6338442982613446
0.6503382576792992,0.0,1.0,0.0,0.0,0.3158075102279737,0.11452748252207769,0.0,0.0,0.6323405066614868
0.6783031614075675,0.0,0.0,0.0,0.0,-0.5206123079983815,-0.7296649225245023,1.0368224148220306,1.2182136440140021,0.6320898367608595
-0.9701500114912365,0.0,1.0,0.0,0.0,0.4405320206984492,0.31878118133730793,0.0,0.0,0.6318391560067047
-0.2941160110764371,0.0,0.0,0.0,0.0,-0.11715653100582761,-0.8610819189340483,0.0,0.0,0.652359122070964
1.733797336597437,0.0,1.149512058475987,0.0,0.0,0.6782619374403344,0.22025285618736773,1.0648370576179522,1.3025175370208548,0.6305855893578464
-1.5435601559379755,0.0,0.0,0.0,0.0,-0.7278888609680588,-1.022273554629209,0.0,0.0,0.6320898367608595
0.03859842496219352,0.0,0.7106121022478595,0.0,0.0,0.48125107092086883,-0.12561320434640574,0.0,0.0,0.6290809507635626
0.9998332219805041,0.0,0.0,0.0,0.0,0.5135653159775639,1.417011751987217,1.0837484482849882,1.4217198523711672,0.6283284846243542
-0.023710265170248858,4.330655285737183,0.0,0.0,0.0,0.15521615029415586,-0.34288385740687394,0.0,0.0,0.6270741566472201
-0.052487790817356064,0.0,0.0,0.0,0.0,-0.21506435566573834,-0.193584983678676,0.0,0.0,0.6268232583705867
0.042881065298141965,0.0,1.0,0.0,0.0,0.26916448461774006,0.05848678361057452,0.0,0.0,0.6273250440272364
0.6335932354282605,0.0,1.149512058475987,0.0,0.0,0.7068114924981805,0.31878118133730793,1.0629354125627655,1.3025175370208548,0.625568603462448
0.713201596046445,0.0,1.0,0.0,0.0,0.20062341042095028,0.11452748252207769,0.0,0.0,0.6250666651471264
0.8452818778836526,0.0,1.0,0.0,0.0,0.3243557337368582,0.22025285618736773,1.049929575826221,1.2182136440140021,0.6253176397606726
1.5271069239373993,0.0,1.149512058475987,0.0,0.0,0.8971978454457772,0.22025285618736773,0.0,0.0,0.6253176397606726
0.14496679060748752,0.0,1.149512058475987,0.0,0.0,0.8532807505405278,0.2703350774754977,1.0180943570563883,1.3025175370208548,0.6300840866484018
-0.22255348031741515,0.0,1.149512058475987,0.0,0.0,0.5694534029665175,0.16837786189877654,0.0,0.0,0.6160242934751531
0.7323612160878187,0.0,0.7106121022478595,0.0,0.0,-0.04671707140801707,-0.2657509156119179,0.0,0.0,0.623058475154704
0.2348125767376385,4.330657272982428,0.7106121022478595,0.0,0.0,0.3893899830673231,0.878778350041491,1.1049145893463663,1.4294229069220834,0.6228074022375742
0.9825137883629235,0.0,1.2380816024689916,0.0,0.0,0.9033707430774023,0.16837786189877654,0.0,0.0,0.6220541178765794
1.5949205345542194,0.0,1.2380816024689916,0.0,0.0,1.1677337038160136,0.5406638713926494,1.0602563236030138,1.394034397226019,0.6215518736061445
0.6018505097603625,0.0,1.0,0.0,0.0,0.5115882261673802,0.6606974057623132,1.022831460331992,1.0,0.6180349369662698
0.2917807553349703,0.0,1.0,0.0,0.0,0.26113116986530754,0.05848678361057452,0.0,0.0,0.6175323419870319
-0.15324425008613426,0.0,1.149512058475987,0.0,0.0,0.5559114180217931,0.22025285618736773,1.006052142399291,1.0,0.6213007350554623
0.9270396617203982,0.0,0.0,0.0,0.0,-0.20760474111793156,-0.193584983678676,1.0180943570563883,1.3444369791715767,0.6213007350554623
2.2627321025543203,0.0,1.149512058475987,0.0,0.0,0.5327923499917523,0.16837786189877654,0.8663642547672894,1.0,0.621049585558231
1.7071365038076691,4.330655923062989,1.2380816024689916,0.0,0.0,1.5692296202170857,1.1652729620405098,1.0865146037201432,1.4262157565009101,0.6200448780602003
-0.505458164546734,0.0,0.0,0.0,0.0,-0.14797249113643662,0.6606974057623132,0.0,0.0,0.6300840866484018
-0.02312686522646786,0.0,0.0,0.0,0.0,-1.3513954655373794,-1.2436386091883012,0.0,0.0,0.6157729135955744
-0.07749545050084758,0.0,0.0,0.0,0.0,-0.0889705880149372,-0.193584983678676,0.0,0.0,0.6160242934751531
-0.5240523283891078,0.0,0.0,0.0,0.0,-1.3513954655373794,-1.2436386091883012,0.0,0.0,0.6142644033526264
-1.0625062961052114,0.0,0.0,0.0,0.0,-0.8126234108939935,-1.022273554629209,0.0,0.0,0.6130070087867078
0.3164100819467303,0.0,0.7106121022478595,0.0,0.0,0.010991437371978628,0.22025285618736773,0.0,0.0,0.6122524398379153
-0.18140198784462722,0.0,0.0,0.0,0.0,0.20402075383841536,-0.42601894595792045,1.033883362385476,1.2182136440140021,0.6195424585751695
0.42845713709520383,0.0,1.0,0.0,0.0,0.474170063532643,0.16837786189877654,0.0,0.0,0.6185374880456985
0.38252918096084937,0.0,1.2380816024689916,0.0,0.0,1.0044318215586583,0.878778350041491,0.0,0.0,0.6185374880456985
-0.5986687871916195,0.0,0.0,0.0,0.0,-1.3513954655373794,-1.2436386091883012,0.0,0.0,0.621049585558231
0.1540598415125728,0.0,0.7106121022478595,0.0,0.0,0.23052375270367717,-0.6167169445693365,0.0,0.0,0.6238116283269313
-0.8696607434224701,0.0,0.0,0.0,0.0,-0.9108696839149778,-1.022273554629209,0.9565747954222968,1.0,0.6175323419870319
0.0925284839054586,0.0,0.0,0.0,0.0,-0.7077869673735322,-1.022273554629209,1.022831460331992,1.0,0.6122524398379153
-0.7897741197115149,0.0,0.0,0.0,0.0,-1.3513954655373794,-1.2436386091883012,0.0,0.0,0.6079746730343047
-0.5891257837086166,0.0,0.0,0.0,0.0,-1.3513954655373794,-1.2436386091883012,0.0,0.0,0.5951221451917736
-0.5487904453697805,0.0,0.0,0.0,0.0,-1.3513954655373794,-1.2436386091883012,0.0,0.0,0.5673016303804437
-0.30684551434010676,0.0,1.0,0.0,0.0,0.28916968243786134,0.16837786189877654,0.0,0.0,0.5490171313817153
-1.2916666064265325,0.0,0.0,0.0,0.0,-0.637281061059662,-1.022273554629209,0.0,0.0,0.5278644696481364
1.5485762449290998,0.0,0.0,0.0,0.0,0.19366147073963327,-0.42601894595792045,0.0,0.0,0.6162756623622355
0.8926132225893106,4.330657043691282,1.0,0.0,0.0,0.3255773372818358,0.22025285618736773,0.8663642547672894,1.0,0.6157729135955744
0.9150468457197808,0.0,0.0,0.0,0.0,0.046619137243026076,0.31878118133730793,1.022831460331992,1.0,0.6150187079798934
1.2924233623863997,4.330657260956641,0.0,0.0,0.0,-0.06765182423554382,-0.6167169445693365,1.0125842817931043,1.0,0.6192912323910065
0.0733026401446433,0.0,1.149512058475987,0.0,0.0,0.7172710774149439,0.22025285618736773,1.022831460331992,1.0,0.6130070087867078
-0.15835876439571267,0.0,0.0,0.0,0.0,-0.14451844775970604,-0.12561320434640574,0.9750538018491568,1.0,0.6132585097288852
-0.3101937824943851,0.0,0.0,0.0,0.0,-0.8794286369230228,-0.7296649225245023,0.0,0.0,0.6097364930142125
0.10029560442289477,0.0,0.0,0.0,0.0,-0.1383724088806097,0.11452748252207769,0.0,0.0,0.609233171148577
0.5448921330348901,0.0,1.0,0.0,0.0,0.46726824162237435,0.16837786189877654,0.0,0.0,0.6109946043832768
1.48729090622821,0.0,0.0,0.0,0.0,0.19366147073963327,-0.2657509156119179,1.0629354125627655,1.3025175370208548,0.6087298050746305
-0.7294753078177452,0.0,0.0,0.0,0.0,0.14843721102726,-0.12561320434640574,0.0,0.0,0.6109946043832768
-0.09348111028913049,0.0,1.149512058475987,0.0,0.0,0.5994042260457083,0.31878118133730793,0.0,0.0,0.6079746730343047
-0.2539094243704084,0.0,0.0,0.0,0.0,-0.8430337370759027,-0.7296649225245023,0.0,0.0,0.6069676754190498
0.6286703473989405,0.0,1.2380816024689916,0.0,0.0,1.4442371836121404,1.4949492180089137,1.1003394883014852,1.4288581958896645,0.6072194414254038
0.5036245045748569,0.0,1.0,0.0,0.0,0.3919349120660304,0.31878118133730793,1.022831460331992,1.0,0.6072194414254038
0.2737795508516327,0.0,1.149512058475987,0.0,0.0,0.5697624755871623,0.3657267131137707,0.998116281742044,1.3025175370208548,0.6074711963619153
0.5968937904428767,0.0,1.0,0.0,0.0,0.2730937373341687,0.16837786189877654,0.0,0.0,0.6057086792617776
-0.5700963438222663,0.0,0.0,0.0,0.0,-0.3052666337569913,-0.06124106303535339,0.0,0.0,0.6057086792617776
0.15816654078007714,0.0,0.7106121022478595,0.0,0.0,-0.08842769934724305,0.11452748252207769,0.0,0.0,0.6036937089677546
-0.7894420150052999,0.0,0.0,0.0,0.0,-0.12110698552435109,-0.06124106303535339,0.9565747954222968,1.0,0.6034417877497159
1.0564157333673925,0.0,1.149512058475987,0.0,0.0,0.6614012827243154,0.4555743605292723,1.0619187631672482,1.3444369791715767,0.6057086792617776
0.03405585483508678,0.0,1.149512058475987,0.0,0.0,0.8620074020848074,0.2703350774754977,1.0008398203451443,1.0,0.6079746730343047
-0.4891652054917071,0.0,0.0,0.0,0.0,-1.3513954655373794,-1.2436386091883012,0.0,0.0,0.6021820150654684
0.48574156033956867,0.0,1.149512058475987,0.0,0.0,0.5853939433136651,0.11452748252207769,0.0,0.0,0.6016780282061052
0.1353533494815398,0.0,0.0,0.0,0.0,0.0679184080655689,-0.42601894595792045,1.033883362385476,1.2182136440140021,0.6016780282061052
0.7726083494967452,0.0,1.149512058475987,0.0,0.0,0.7919527028104121,0.11452748252207769,0.8663642547672894,1.0,0.6104913929608679
-0.39130593522889506,0.0,1.0,0.0,0.0,0.484770363983116,0.16837786189877654,0.9750538018491568,1.0,0.5989053049928946
-0.29097556626851623,4.3306572826374525,0.0,0.0,0.0,-0.2955499781158839,0.11452748252207769,1.0379194217121077,1.3444369791715767,0.5989053049928946
-0.8332403593555322,0.0,1.0,0.0,0.0,0.41996064581096004,0.22025285618736773,0.0,0.0,0.5986531724292338
1.3657544019362728,0.0,1.0,0.0,0.0,0.1987519145451996,0.05848678361057452,0.0,0.0,0.598401028719661
0.8434587147068842,0.0,0.0,0.0,0.0,-0.2900385441066555,-0.6167169445693365,1.0608533667743183,1.3025175370208548,0.5973923423772165
-0.8393005914887176,0.0,0.0,0.0,0.0,-0.5627380187757388,-1.022273554629209,0.0,0.0,0.5991574264128943
0.6897573099681544,4.33065729496588,0.0,0.0,0.0,-0.17632513882134634,0.2703350774754977,1.0853368178860445,1.4203058441177223,0.5991574264128943
1.2082950279553404,0.0,1.0,0.0,0.0,0.45808411471093496,0.8089350854960184,1.033883362385476,1.2182136440140021,0.5991574264128943
1.6042674230965253,4.330657195913765,1.149512058475987,0.0,0.0,0.8312488718125538,0.9789536507197586,1.098862704167749,1.423927592080586,0.5991574264128943
-0.08787387503845143,0.0,0.0,0.0,0.0,-0.05680813908515837,0.22025285618736773,0.0,0.0,0.5971401429042998
0.9753887485048428,0.0,1.2380816024689916,0.0,0.0,1.2317919132213895,0.6216146055503267,0.0,0.0,0.596383477519929
-0.19642349628600747,0.0,0.0,0.0,0.0,-0.8126234108939935,-0.6167169445693365,0.9271671564532873,1.0,0.596635710477913
0.06497425129400798,0.0,1.2380816024689916,0.0,0.0,1.2040914756310563,0.41128985457575656,0.988153482273682,1.2182136440140021,0.596383477519929
0.40178204036170595,0.0,1.0,0.0,0.0,0.4765330396164796,0.05848678361057452,0.0,0.0,0.5429089757128003
0.42302336631012033,0.0,1.149512058475987,0.0,0.0,0.7062834961972901,0.49867188906910564,1.0368224148220306,1.394034397226019,0.5956267116397223
-0.44666583417544625,0.0,0.0,0.0,0.0,-0.3052666337569913,0.16837786189877654,0.0,0.0,0.5951221451917736
0.602779708779498,0.0,1.149512058475987,0.0,0.0,0.5728106882565179,0.2703350774754977,0.0,0.0,0.6044494060244948
1.215872102431577,0.0,1.149512058475987,0.0,0.0,0.6064085325980118,0.7363445937263972,0.9565747954222968,1.2182136440140021,0.5938605334259454
1.8072677625145352,0.0,1.0,0.0,0.0,0.5555602946175503,0.2703350774754977,1.0394896384476304,1.0,0.594869845202672
-0.5291981149638905,0.0,0.0,0.0,0.0,-0.01959641455205126,0.6989246298564699,0.8663642547672894,1.0,0.5936081775153594
0.18899507551304692,0.0,0.0,0.0,0.0,-0.11305093154757802,-0.6167169445693365,0.0,0.0,0.594869845202672
-0.5103363039504308,0.0,0.0,0.0,0.0,-1.3513954655373794,-1.2436386091883012,0.0,0.0,0.5920938069594623
1.9304328395925863,0.0,0.7106121022478595,0.0,0.0,0.625841748765853,0.7363445937263972,1.0723590784767834,1.3685309911523162,0.5918413726635654
0.32987934579928635,0.0,0.0,0.0,0.0,-1.3513954655373794,-1.2436386091883012,0.0,0.0,0.590326531461888
0.6442024580428446,0.0,1.0,0.0,0.0,0.27724985706886857,0.11452748252207769,0.0,0.0,0.5915889271606826
0.22965233097432877,0.0,0.0,0.0,0.0,-1.3513954655373794,-1.2436386091883012,0.0,0.0,0.5918413726635654
1.7131973590019018,0.0,1.149512058475987,0.0,0.0,0.8020376443148052,0.31878118133730793,0.0,0.0,0.5910840025248665
1.5327920893360252,0.0,1.2380816024689916,0.0,0.0,1.042284893096195,1.2238098830387245,1.0944890591214336,1.429154286625859,0.590326531461888
-0.16732990056690342,0.0,0.0,0.0,0.0,-1.3513954655373794,-1.2436386091883012,0.0,0.0,0.5900740186693213
1.2454680326769136,4.330656995413535,1.2380816024689916,0.0,0.0,1.3050126856313158,0.31878118133730793,1.022831460331992,1.0,0.5880535121122227
0.7986651625286608,0.0,1.149512058475987,0.0,0.0,0.8133462840604282,0.5816230273987638,0.988153482273682,1.0,0.589568959413158
-0.20948344636252517,0.0,0.0,0.0,0.0,-0.08584324730756888,0.0,1.0808402071096823,1.4067157636187435,0.5885587061528657
-0.2009603436223099,0.0,0.0,0.0,0.0,-1.3513954655373794,-1.2436386091883012,0.0,0.0,0.5885587061528657
1.2312315784904928,0.0,0.0,0.0,0.0,-0.001832897620633305,0.11452748252207769,1.082240579083085,1.4165481093681518,0.5883061147519885
-0.5459408988570055,0.0,0.0,0.0,0.0,-0.5039690111279606,-0.42601894595792045,0.0,0.0,0.5867903302500604
-0.3596514164645162,4.330656651697139,0.0,0.0,0.0,-0.45252630590784126,-0.6167169445693365,1.0216636115779774,1.2182136440140021,0.5878008982312831
0.0700218742345839,0.0,1.149512058475987,0.0,0.0,0.7610133426817915,0.5816230273987638,0.0,0.0,0.5875482731068845
-0.40795753500027315,0.0,0.0,0.0,0.0,-1.3513954655373794,-1.2436386091883012,0.0,0.0,0.5867903302500604
-0.6763794294617784,0.0,0.7106121022478595,0.0,0.0,0.25705421886013435,0.05848678361057452,0.0,0.0,0.5862849787529372
0.6775517363684109,0.0,1.149512058475987,0.0,0.0,0.7623451028530294,0.2703350774754977,1.022831460331992,1.0,0.5860322861197328
0.13122068895224817,0.0,1.0,0.0,0.0,0.350953875762274,0.16837786189877654,0.0,0.0,0.5862849787529372
0.8636556413091334,0.0,1.149512058475987,0.0,0.0,0.5997808328732237,0.2703350774754977,1.0125842817931043,1.0,0.5850214029691545
-0.4792648254934049,0.0,1.0,0.0,0.0,0.4666183585799973,0.4555743605292723,0.0,0.0,0.5832519235238353
0.22294295233701744,0.0,1.2380816024689916,0.0,0.0,1.262469968170515,0.8441827789462959,1.0982267605759477,1.4203058441177223,0.5845158937910928
0.10251299561121813,0.0,0.0,0.0,0.0,-0.540935219026,-0.8610819189340483,0.9271671564532873,1.0,0.5845158937910928
0.2701443463449965,0.0,0.7106121022478595,0.0,0.0,-0.09199910587586074,0.05848678361057452,0.0,0.0,0.5840103395200286
0.2579470975091952,0.0,1.0,0.0,0.0,0.4469101292854933,0.31878118133730793,0.0,0.0,0.5840103395200286
-0.623306276300877,0.0,0.0,0.0,0.0,-0.1787851082733706,-0.6167169445693365,0.0,0.0,0.5829990956253457
1.6386822567231807,0.0,1.0,0.0,0.0,0.4199826385279514,0.22025285618736773,0.0,0.0,0.5840103395200286
-0.8563783996714472,0.0,0.0,0.0,0.0,-1.004474624773398,-0.8610819189340483,0.0,0.0,0.5824934059649214
0.8724005239133716,4.330656479785331,1.2380816024689916,0.0,0.0,1.1116488187037434,0.6216146055503267,1.0481458543966122,1.4013322872298855,0.582240544198381
-0.6506882256764842,0.0,1.149512058475987,0.0,0.0,0.8537297340118264,0.3657267131137707,1.022831460331992,1.0,0.5812289841695882
-0.037607800655019695,0.0,1.0,0.0,0.0,0.3659368596070572,0.22025285618736773,0.0,0.0,0.5809760659102012
-0.00010146746682138779,0.0,1.0,0.0,0.0,0.17371394937226242,-0.12561320434640574,0.0,0.0,0.5786992925513557
-1.5376906378322146,0.0,0.0,0.0,0.0,-0.5109376799694366,-0.7296649225245023,0.0,0.0,0.580470195472646
0.7347536444383272,0.0,1.149512058475987,0.0,0.0,0.762025205021555,0.3657267131137707,0.0,0.0,0.5840103395200286
-0.5566035322996764,0.0,1.149512058475987,0.0,0.0,0.8145454290190686,0.0,0.0,0.0,0.5794583188577221
-0.4169659757104946,0.0,0.0,0.0,0.0,-0.7907945006670698,-0.12561320434640574,0.0,0.0,0.5779401643082515
-0.1558238504647945,0.0,0.0,0.0,0.0,-0.607168102294765,0.0,0.0,0.0,0.5776870988971284
-0.5805001358771277,0.0,0.0,0.0,0.0,-0.5483853797445127,-0.7296649225245023,0.0,0.0,0.5774340221504297
0.5957998771417471,0.0,0.7106121022478595,0.0,0.0,0.10483769258009897,0.0,0.0,0.0,0.5761684683020682
0.45879517118167557,0.0,1.2380816024689916,0.0,0.0,0.9806100947072771,0.11452748252207769,0.0,0.0,0.5761684683020682
-0.01656174783203052,0.0,0.0,0.0,0.0,-0.37662997428474326,-0.12561320434640574,0.0,0.0,0.5756621673324247
-0.1273943181917363,0.0,0.0,0.0,0.0,0.11472549926560449,0.6989246298564699,1.022831460331992,1.0,0.5756621673324247
0.8017634561524047,0.0,1.2380816024689916,0.0,0.0,0.907005651148686,0.11452748252207769,0.0,0.0,0.5756621673324247
0.7414089438709413,0.0,1.0,0.0,0.0,0.34779412610796206,0.16837786189877654,0.0,0.0,0.5754089998175261
0.11971529042642069,0.0,1.149512058475987,0.0,0.0,0.7863792120646077,0.11452748252207769,0.0,0.0,0.5751558209461394
-0.09145948974759817,0.0,0.0,0.0,0.0,-1.3513954655373794,-1.2436386091883012,0.0,0.0,0.5741429918491555
1.7603896193610045,4.330657289167331,0.0,0.0,0.0,0.4681404089654089,0.16837786189877654,1.0573198567524453,1.41081075138084,0.5723701031663931
0.28135290534644386,0.0,0.7106121022478595,0.0,0.0,0.041446817247373556,0.11452748252207769,1.0180943570563883,1.2182136440140021,0.5738897561603998
1.2255077689062444,0.0,1.149512058475987,0.0,0.0,0.7717722436315523,0.16837786189877654,0.0,0.0,0.5738897561603998
0.40249292321986013,0.0,0.0,0.0,0.0,-0.043439920639600116,0.0,1.0125842817931043,1.2182136440140021,0.5716101230104911
0.7634764943526108,0.0,0.7106121022478595,0.0,0.0,0.13623777559961248,0.2703350774754977,1.022831460331992,1.0,0.5705966566441222
-0.7295182198658814,0.0,0.0,0.0,0.0,-0.3868973395532678,-0.516595772466355,0.0,0.0,0.5705966566441222
-0.4291348649427204,0.0,0.0,0.0,0.0,-0.4331487509520004,0.05848678361057452,0.0,0.0,0.5700898550651461
1.0443111157163705,0.0,1.2380816024689916,0.0,0.0,1.0020805527547634,0.8441827789462959,1.0306204699037194,1.0,0.6333430777716496
0.5374868733878903,0.0,0.0,0.0,0.0,-0.28148303390828844,0.05848678361057452,0.0,0.0,0.5690761150218346
0.6081439337956751,0.0,0.0,0.0,0.0,0.05902486705536173,-0.516595772466355,0.9271671564532873,1.0,0.5688226514795343
-0.1564702079375524,0.0,1.0,0.0,0.0,0.41938854364146316,0.05848678361057452,0.0,0.0,0.5673016303804437
1.1268123693238192,0.0,1.149512058475987,0.0,0.0,0.8537297340118264,0.22025285618736773,0.0,0.0,0.5680621923395153
-0.28698350232370023,0.0,0.0,0.0,0.0,-0.665535161826072,-0.34288385740687394,0.0,0.0,0.5670480868677605
1.2498941909324075,0.0,1.149512058475987,0.0,0.0,0.7347758397988411,0.11452748252207769,0.0,0.0,0.5673016303804437
0.377648853622918,0.0,1.149512058475987,0.0,0.0,0.6717042932431594,0.8441827789462959,0.0,0.0,0.5665409655387768
-0.4241079893116184,0.0,1.0,0.0,0.0,0.3098829656601664,0.05848678361057452,0.0,0.0,0.565272962001867
0.0011875902782992336,0.0,1.0,0.0,0.0,0.1908301662018048,-0.42601894595792045,0.0,0.0,0.5673016303804437
0.6905724066868947,0.0,0.7106121022478595,0.0,0.0,0.1235419497864515,0.22025285618736773,0.0,0.0,0.5650193269531342
-0.6067391248838615,0.0,0.0,0.0,0.0,-0.3798059899413203,-0.12561320434640574,0.0,0.0,0.564512022495425
-0.4152904524491413,0.0,0.0,0.0,0.0,-0.09297273135736674,0.41128985457575656,0.0,0.0,0.5637509798727969
0.5933317388298346,0.0,1.149512058475987,0.0,0.0,0.8850676044534066,0.5816230273987638,1.0180943570563883,1.0,0.5629898340701117
-0.13902739846088585,0.0,1.2380816024689916,0.0,0.0,1.0889244409351049,0.6216146055503267,0.9271671564532873,1.0,0.56324356080607
1.2057019755309737,0.0,1.0,0.0,0.0,0.6201907305761792,0.6606974057623132,1.0639070610274646,1.3444369791715767,0.5991574264128943
-0.6183078636000509,0.0,0.0,0.0,0.0,-0.5388402428863972,0.0,0.0,0.0,0.5629898340701117
-0.6752006152531937,0.0,1.0,0.0,0.0,0.37772480580170886,0.31878118133730793,0.0,0.0,0.5627360958625993
-0.7667808996655423,0.0,1.0,0.0,0.0,0.2653513142725507,-0.06124106303535339,0.0,0.0,0.5619748123870302
0.8663061861633483,0.0,1.149512058475987,0.0,0.0,0.7912906657020088,0.41128985457575656,1.0560115612601553,1.3444369791715767,0.5619748123870302
-0.5077420958126283,0.0,0.0,0.0,0.0,-0.6090237295442844,-0.8610819189340483,0.0,0.0,0.5619748123870302
1.0657487026647214,0.0,0.7106121022478595,0.0,0.0,-0.028824721264191302,-0.12561320434640574,0.0,0.0,0.5612134255820986
0.6821254208624394,4.33065725152426,0.0,0.0,0.0,0.1735412457827398,0.4555743605292723,1.0867820259609333,1.4186096146759073,0.56019808233015
-0.17499450098724353,0.0,1.0,0.0,0.0,0.47153578970840976,0.3657267131137707,0.0,0.0,0.6571034565310089
0.01648491604625646,4.330656852736567,1.149512058475987,0.0,0.0,0.7579944809754168,0.6606974057623132,0.0,0.0,0.5596903417276555
-0.36259361516095673,0.0,0.0,0.0,0.0,-0.23067550606198362,-0.12561320434640574,0.0,0.0,0.5591825551154328
-0.08149956760163851,0.0,0.7106121022478595,0.0,0.0,0.05867612151319665,0.16837786189877654,0.0,0.0,0.5584207888871736
1.2550946793868236,0.0,0.0,0.0,0.0,-0.3052666337569913,-0.6167169445693365,1.0394896384476304,1.2182136440140021,0.5584207888871736
0.25073236450298136,0.0,0.0,0.0,0.0,-0.7077869673735322,-1.022273554629209,1.022831460331992,1.0,0.5596903417276555
-0.6032327520031219,0.0,0.0,0.0,0.0,-0.08375093381618523,0.16837786189877654,0.0,0.0,0.5579128871672376
0.8755931008320414,0.0,1.2380816024689916,0.0,0.0,1.0236517006497663,0.11452748252207769,0.0,0.0,0.5604519353836994
1.513769380378738,0.0,1.2380816024689916,0.0,0.0,1.0568342119422962,0.5406638713926494,1.0575225954243708,1.3444369791715767,0.5563889054721312
-0.6040724992129599,0.0,0.0,0.0,0.0,-0.2890451527501276,-0.193584983678676,0.0,0.0,0.5563889054721312
-0.4784009765272674,0.0,0.0,0.0,0.0,-0.3463579279866599,0.0,0.0,0.0,0.5558808193316046
0.27996293905725683,0.0,1.0,0.0,0.0,0.22713920195377776,0.05848678361057452,0.0,0.0,0.5713567735119908
0.8426732612784364,0.0,0.7106121022478595,0.0,0.0,-0.012631280316867066,0.22025285618736773,0.0,0.0,0.5548645085724634
-0.9092321829159372,0.0,0.0,0.0,0.0,-0.4276680827230703,-0.34288385740687394,0.0,0.0,0.5596903417276555
1.4043952994845408,0.0,1.0,0.0,0.0,0.45581230884610546,0.16837786189877654,0.0,0.0,0.5538480130480683
0.8498005786565889,0.0,1.0,0.0,0.0,0.4238623421634102,0.22025285618736773,0.0,0.0,0.554356283915515
0.5911610890723002,0.0,1.0,0.0,0.0,0.260575716697345,0.05848678361057452,0.9271671564532873,1.0,0.5530855200602056
-0.1338919023911608,0.0,0.0,0.0,0.0,-0.1937894977859246,-0.42601894595792045,1.022831460331992,1.0,0.5528313326048577
0.5796355367609705,0.0,1.149512058475987,0.0,0.0,0.8376600014825781,0.3657267131137707,0.0,0.0,0.5525771335824731
0.8585102813842266,0.0,1.149512058475987,0.0,0.0,0.849306116086002,0.05848678361057452,0.0,0.0,0.5523229229906467
0.599810953173461,0.0,1.149512058475987,0.0,0.0,0.6925342691429686,0.16837786189877654,0.0,0.0,0.5518144670890425
0.1625442274392055,0.0,0.0,3.8163916471489756e-17,0.0,-0.11657677897603974,0.05848678361057452,0.0,0.0,0.5513059648807875
0.318891551251141,0.0,0.0,0.0,0.0,-0.06194124141530229,-0.6167169445693365,0.0,0.0,0.5510516964056424
0.35874500937582693,0.0,1.149512058475987,0.0,0.0,0.7505901041953404,0.31878118133730793,0.0,0.0,0.5502888214672127
-0.28269185838061855,0.0,1.149512058475987,0.0,0.0,0.5876338342508357,0.16837786189877654,0.0,0.0,0.5505431247012675
1.117700564286146,4.330655285737183,1.2380816024689916,0.0,0.0,1.1314826748151738,0.8441827789462959,0.0,0.0,0.5495258422086199
-0.9569964524513065,0.0,0.0,0.0,0.0,-1.3513954655373794,-1.2436386091883012,0.0,0.0,0.5490171313817153
0.36129161821966777,4.330657298552446,1.149512058475987,0.0,0.0,0.965138374270727,0.05848678361057452,0.0,0.0,0.5487627585646597
-0.52100291955354,0.0,0.0,0.0,0.0,-0.9674664273370567,-1.022273554629209,0.0,0.0,0.5201989903054466
-1.0870187915312162,0.0,0.0,0.0,0.0,-0.7639698418247773,-1.022273554629209,0.0,0.0,0.4703676576069653
0.2768114540671913,0.0,1.0,0.0,0.0,0.18549180624599337,0.05848678361057452,0.0,0.0,0.4172035515383169
-0.720826571839843,0.0,0.0,0.0,0.0,-1.3513954655373794,-1.2436386091883012,0.0,0.0,0.282250606843549
-0.015421398714311122,4.330657244573287,1.0,0.0,0.0,0.17447315155160578,-0.12561320434640574,0.0,0.0,0.5485083741419771
0.4326449210937938,0.0,1.149512058475987,0.0,0.0,1.0156388078623964,0.7363445937263972,1.039641967157173,1.3025175370208548,0.5477451512159708
0.8732009744652915,0.0,1.149512058475987,0.0,0.0,0.6659528010803156,0.3657267131137707,1.0531584011826194,1.3025175370208548,0.5533396959509211
0.20729733034982897,0.0,1.0,0.0,0.0,0.4257163516139818,-0.6167169445693365,0.0,0.0,0.5472362778594515
-1.6834117066845307,0.0,0.0,0.0,0.0,-0.7176339400963846,-0.6167169445693365,0.0,0.0,0.5469818237521684
0.3636303884463328,0.0,0.0,0.0,0.0,-0.33719185222212733,-0.34288385740687394,1.0531584011826194,1.3025175370208548,0.5467273580223033
0.2981128034678595,0.0,1.0,0.0,0.0,0.3885546403702198,0.49867188906910564,1.0125842817931043,1.2182136440140021,0.5459638910729533
0.19260662918316426,0.0,1.2380816024689916,0.0,0.0,0.899306962041593,0.22025285618736773,1.022831460331992,1.0,0.5477451512159708
0.5438904457739248,0.0,1.149512058475987,0.0,0.0,0.7812210380493824,0.11452748252207769,0.0,0.0,0.5454548549493132
0.762885218487593,0.0,1.2380816024689916,0.0,0.0,0.9570466622144479,0.11452748252207769,0.8663642547672894,1.0,0.5454548549493132
-0.34871899115913635,0.0,0.7106121022478595,0.0,0.0,0.4194105579608993,-0.193584983678676,0.0,0.0,0.5441820609475214
0.2606164365188864,0.0,0.0,0.0,0.0,-1.3513954655373794,-1.2436386091883012,0.0,0.0,0.5441820609475214
-1.2520527308516385,0.0,0.0,0.0,0.0,-0.5627380187757388,-1.022273554629209,0.0,0.0,0.543418244774128
-1.3185543989818311,0.0,1.149512058475987,0.0,0.0,0.8903537182656259,0.878778350041491,0.0,0.0,0.543418244774128
-0.0975909634348851,0.0,0.0,0.0,0.0,-0.0006431570035517499,0.11452748252207769,0.0,0.0,0.5467273580223033
1.5882687360778631,4.330657260127807,0.0,0.0,0.0,-0.06478726765201102,-0.06124106303535339,1.0689577040329925,1.4013322872298855,0.5423996600054592
1.0013238301822247,0.0,0.0,0.0,0.0,-0.17669690665531276,-0.34288385740687394,0.0,0.0,0.5421449846534324
1.1577378871089377,0.0,0.0,0.0,0.0,0.06145896729951087,-0.6167169445693365,0.0,0.0,0.5418902976325786
2.285973116493184,0.0,1.2380816024689916,0.0,0.0,0.9886660028685098,0.11452748252207769,0.0,0.0,0.541380888574619
0.14664108116530833,0.0,0.0,0.0,0.0,-1.3513954655373794,-1.2436386091883012,0.0,0.0,0.5406166874103739
0.31473220458147244,0.0,1.0,0.0,0.0,0.32542153757118086,0.05848678361057452,0.0,0.0,0.5403619303252248
0.45956386760762835,4.330657263096596,0.0,0.0,0.0,0.2412471022218439,-0.7296649225245023,0.0,0.0,0.5388331423236871
0.07213162634043384,0.0,0.0,0.0,0.0,-1.3513954655373794,-1.2436386091883012,0.0,0.0,0.5388331423236871
0.38999789959574555,0.0,1.149512058475987,0.0,0.0,0.7087669945678526,0.16837786189877654,1.0462299458179467,1.2182136440140021,0.543418244774128
-0.31811594918668923,0.0,1.0,0.0,0.0,0.16738952072994373,0.22025285618736773,0.998116281742044,1.2182136440140021,0.5380685903971564
0.14970518942297892,0.0,1.0,0.0,0.0,0.436312550537276,1.2807778127702338,1.0768506549437087,1.3685309911523162,0.5446912134791461
0.3657358977645216,0.0,1.149512058475987,0.0,0.0,0.6274427670046233,0.31878118133730793,0.0,0.0,0.5367941029929933
1.4011600722950834,0.0,1.2380816024689916,0.0,0.0,1.0075767265479683,0.16837786189877654,1.049929575826221,1.2182136440140021,0.5370490239046267
0.6637361888880505,4.330657301309229,0.0,0.0,0.0,-0.26595859788190596,0.05848678361057452,1.0657284073158733,1.4165481093681518,0.5362842260062979
-0.4812849318330071,0.0,1.0,0.0,0.0,0.5056562674185193,0.49867188906910564,0.0,0.0,0.5360292699263106
-0.11083717683202196,0.0,1.2380816024689916,0.0,0.0,1.0686065865068255,0.3657267131137707,1.0462299458179467,1.3685309911523162,0.5352643313102206
0.792199673243931,0.0,1.149512058475987,0.0,0.0,0.691554403337978,0.16837786189877654,0.0,0.0,0.5347543135613909
0.9738019914255973,0.0,1.149512058475987,0.0,0.0,0.6239373211598734,0.05848678361057452,0.0,0.0,0.5342442488523779
-0.554787022540853,0.0,0.0,0.0,0.0,-0.8315310573768225,-0.8610819189340483,0.0,0.0,0.5334790636952835
0.6949928224606801,0.0,1.0,0.0,0.0,0.4622948970312867,0.6606974057623132,1.0927577720050328,1.4140046247801077,0.5324586522739578
0.8325945999235557,0.0,1.149512058475987,0.0,0.0,0.650146721067261,0.16837786189877654,0.0,0.0,0.5314380526557219
0.3809649505053484,0.0,1.2380816024689916,0.0,0.0,0.9685000550712352,-0.34288385740687394,0.0,0.0,0.5309276822231843
0.8368050710524864,0.0,1.0,0.0,0.0,0.48715099557945335,0.11452748252207769,0.0,0.0,0.5840103395200286
0.3622297534207774,0.0,0.0,0.0,0.0,-0.48535217061394836,-0.7296649225245023,1.022831460331992,1.0,0.5299068000119845
0.5368231926368817,0.0,1.149512058475987,0.0,0.0,0.7903455532846334,0.41128985457575656,0.0,0.0,0.5293962881935627
-0.13036726017336012,0.0,0.0,0.0,0.0,-0.6257406946473614,-0.516595772466355,1.033883362385476,1.3444369791715767,0.5288857292067276
0.017335089190717138,0.0,0.7106121022478595,0.0,0.0,0.03671985468340531,-0.2657509156119179,0.0,0.0,0.5281198022421288
0.3513153326581383,0.0,1.2380816024689916,0.0,0.0,1.0126718865912503,0.3657267131137707,0.0,0.0,0.5350093283045941
-0.4476535684845541,0.0,0.0,0.0,0.0,-1.3513954655373794,-1.2436386091883012,0.0,0.0,0.5263322260487399
0.1702070836798939,0.0,1.149512058475987,0.0,0.0,0.6538747170284483,0.11452748252207769,0.9271671564532873,1.0,0.5171298080278502
-0.31144800938949924,0.0,1.149512058475987,0.0,2.740863092043355e-16,1.3258982986417105,1.0112311364854392,1.0306204699037194,1.2182136440140021,0.5040665924783418
0.3225612463852766,0.0,1.0,0.0,0.0,0.6415378765019752,0.8441827789462959,1.0608533667743183,1.4203058441177223,0.4950835361743832
-1.0279169077975994,0.0,0.0,0.0,0.0,-0.4829047233080281,-0.2657509156119179,0.0,0.0,0.4884007923811669
0.5309602713020761,0.0,1.0,0.0,0.0,0.19565072677861658,0.11452748252207769,0.0,0.0,0.48119476480811363
0.1171501298022536,0.0,1.149512058475987,0.0,0.0,0.7587408033158544,0.2703350774754977,0.0,0.0,0.4765572394639915
0.4472443252068264,0.0,1.149512058475987,0.0,0.0,0.6499499180973286,0.16837786189877654,0.0,0.0,0.5273537690365011
0.40308196970157406,0.0,0.0,0.0,0.0,-0.3266019649922968,-0.8610819189340483,0.8663642547672894,1.0,0.5360292699263106
0.19699695942836695,0.0,0.0,0.0,0.0,-0.37662997428474326,-0.12561320434640574,0.0,0.0,0.5258213836326449
0.3187859080474748,0.0,1.2380816024689916,0.0,0.0,1.0952563340390606,0.0,0.0,0.0,0.5255659446852932
0.5150484488387355,0.0,1.0,0.0,0.0,0.41532367567009065,0.16837786189877654,0.0,0.0,0.525310493908402
0.7640048992742843,0.0,0.7106121022478595,0.0,0.0,0.5635171797773302,0.8441827789462959,1.095647546042892,1.4140046247801077,0.5242885724553688
1.0696641472308714,0.0,1.0,0.0,0.0,0.33087441104033316,0.05848678361057452,0.0,0.0,0.5235220070326798
-0.4204351449831442,0.0,0.0,0.0,0.0,-0.15673552667537866,-0.8610819189340483,0.0,0.0,0.5207103542148919
0.5138819224639547,0.0,0.0,0.0,0.0,-0.8187448491723216,-0.7296649225245023,0.9271671564532873,1.0,0.5237775406864884
0.17411413296512337,4.330657286676097,1.149512058475987,0.0,0.0,0.9839968126999532,0.11452748252207769,0.9271671564532873,1.0,0.5227553349636611
-0.06564487617026253,0.0,1.149512058475987,0.0,0.0,0.6717628724014686,0.05848678361057452,0.0,0.0,0.5222441609695336
-0.5579693180565566,0.0,0.7106121022478595,0.0,0.0,0.06267137571664826,0.0,0.0,0.0,0.5219885561804947
0.22795342442503183,0.0,0.7106121022478595,0.0,0.0,0.04630591437158394,0.6216146055503267,0.0,0.0,0.5209660183524601
1.1137910808268896,0.0,0.0,0.0,0.0,-0.1142016304609341,0.22025285618736773,1.0763472940434367,1.4140046247801077,0.5204546782000616
1.486793947612252,0.0,0.0,0.0,0.0,0.08266066846677947,-0.516595772466355,1.022831460331992,1.0,0.519943290528525
0.37733616147913485,0.0,1.0,0.0,0.0,0.44368745646308716,0.2703350774754977,0.0,0.0,0.5191761198786856
-0.4693704876943289,0.0,1.0,0.0,0.0,0.339651485986449,0.3657267131137707,0.0,0.0,0.5184088421971964
-0.18777399409285114,0.0,0.7106121022478595,0.0,0.0,0.05640302802688244,0.16837786189877654,0.0,0.0,0.517385638676883
-0.03251695563297179,0.0,0.0,0.0,0.0,-0.13264958983037317,-0.34288385740687394,1.0597350169929474,1.3685309911523162,0.517385638676883
-0.5426588743012818,0.0,0.0,0.0,0.0,-0.3052666337569913,0.16837786189877654,0.0,0.0,0.5171298080278502
0.2705728795315372,0.0,0.0,0.0,0.0,0.25619970151968646,-0.34288385740687394,1.0768506549437087,1.3685309911523162,0.5166181109893067
-0.8057432432323197,0.0,0.0,0.0,0.0,-1.3513954655373794,-1.2436386091883012,0.0,0.0,0.5153386597884725
-0.4119780356312274,0.0,1.0,0.0,0.0,0.756279998041995,0.7363445937263972,0.0,0.0,0.5155945738793019
-0.24016559262565954,0.0,0.7106121022478595,0.0,0.0,-0.03476320542775473,0.0,0.0,0.0,0.5153386597884725
-0.3323434170076676,0.0,0.0,0.0,0.0,-0.2619668817852141,-0.06124106303535339,1.022831460331992,1.0,0.5150827337672323
1.4267406853012572,0.0,1.2380816024689916,0.0,0.0,1.0046601537894446,0.31878118133730793,1.022831460331992,1.0,0.5138029246158873
1.2158055845345495,0.0,1.0,0.0,0.0,0.4332462049368846,0.16837786189877654,0.9750538018491568,1.0,0.5145708459233533
-0.08054498004806632,0.0,0.0,0.0,0.0,-1.3513954655373794,-1.2436386091883012,0.0,0.0,0.5138029246158873
0.7839280843617964,0.0,1.149512058475987,0.0,0.0,0.5858291703795987,0.22025285618736773,0.998116281742044,1.2182136440140021,0.5132909173534508
0.7810460838862524,0.0,1.149512058475987,0.0,0.0,0.7488307582071981,0.2703350774754977,1.071809633436447,1.2182136440140021,0.5127788622879361
-0.43301749584640054,0.0,1.0,0.0,0.0,0.40841029159308095,0.22025285618736773,0.0,0.0,0.5120106900142716
-1.0908912061376368,0.0,0.0,0.0,0.0,-0.3178106803504075,-0.42601894595792045,0.0,0.0,0.5114985153517934
0.5017963472397661,0.0,1.149512058475987,0.0,0.0,0.5437531564996055,0.11452748252207769,0.0,0.0,0.5112424100688814
1.7683906304911545,0.0,0.0,0.0,0.0,-1.3513954655373794,-1.2436386091883012,0.0,0.0,0.5109862928147801
0.52028546833998,0.0,0.0,0.0,0.0,-0.034443075271142036,-0.6167169445693365,1.022831460331992,1.0,0.5102178691997654
0.767604476835449,0.0,0.7106121022478595,0.0,0.0,0.2860258706733142,0.5816230273987638,1.0461901614099471,1.3025175370208548,0.5097055268869062
0.8625515112015669,0.0,1.2380816024689916,0.0,0.0,1.18308141932426,1.4432881067660903,1.0608533667743183,1.3444369791715767,0.5091931366278645
0.5935457411590794,0.0,0.0,0.0,0.0,-0.33213687257001856,-1.022273554629209,0.0,0.0,0.5081682121891926
-0.07282491891827153,0.0,1.149512058475987,0.0,0.0,0.7110895044828537,0.11452748252207769,0.0,0.0,0.5076556779685049
-1.5407170145281452,0.0,0.0,0.0,0.0,-1.0219636296145476,-0.8610819189340483,0.0,0.0,0.5066304654216588
0.14750073403787278,0.0,0.0,0.0,0.0,-0.37587202624168203,-0.193584983678676,0.9833787774422321,1.0,0.5066304654216588
1.1598020953428965,4.3306573014421135,0.0,0.0,0.0,0.18190183923641215,-0.42601894595792045,1.0546270911177729,1.3025175370208548,0.5063741322479725
-0.29867766766708753,4.3306568732308985,0.0,0.0,0.0,-0.19146825436608575,-0.42601894595792045,1.0806808526760237,1.3444369791715767,0.5099617040353276
-0.26283501624121114,0.0,0.0,0.0,0.0,-1.3513954655373794,-1.2436386091883012,0.0,0.0,0.5056050605969851
0.6675528780428971,0.0,0.7106121022478595,0.0,0.0,0.07711165802642109,0.16837786189877654,0.0,0.0,0.5045794633296211
0.7513683165441606,0.0,1.2380816024689916,0.0,0.0,0.9921744568832328,0.4555743605292723,0.0,0.0,0.5081682121891926
0.9689120506058438,4.330657301781813,1.2380816024689916,0.0,0.0,0.43974582939981377,0.5406638713926494,1.0481458543966122,1.3025175370208548,0.4984218291648273
0.8284120106315348,0.0,0.0,0.0,0.0,-0.28022120518858756,-0.6167169445693365,1.0629354125627655,1.3025175370208548,0.4884007923811669
0.6983272340042459,0.0,0.7106121022478595,0.0,0.0,0.09921698299381138,0.11452748252207769,0.0,0.0,0.4793917562573922
-0.5776396598031095,0.0,0.7106121022478595,0.0,2.740863092043355e-16,1.3551350050711035,0.22025285618736773,0.0,0.0,0.46778656096221666
1.3918701060228282,0.0,1.2380816024689916,0.0,0.0,1.5438105608529054,0.9789536507197586,1.022831460331992,1.0,0.4584843116510618
-0.17896922723719175,0.0,0.0,0.0,0.0,-0.23461282284029972,0.11452748252207769,0.0,0.0,0.45305051666821466
-1.7744597255085295,0.0,0.0,0.0,0.0,-0.5672988789182561,-0.8610819189340483,0.0,0.0,0.4395714831483304
-0.44341131932685385,0.0,0.0,0.0,0.0,-1.3513954655373794,-1.2436386091883012,0.0,0.0,0.4007569664668099
0.6388158362975841,0.0,1.149512058475987,0.0,0.0,0.8716688177477527,0.3657267131137707,1.006052142399291,1.0,0.3939543048866825
-1.4925627705183981,0.0,0.0,0.0,0.0,-0.9674664273370567,-1.022273554629209,0.0,0.0,0.5030407062372743
1.484602868461754,0.0,1.149512058475987,0.0,0.0,0.8034733570374621,0.5406638713926494,0.988153482273682,1.0,0.5027842045497349
-1.173619833108892,0.0,0.0,0.0,0.0,-0.9208823982699547,-1.022273554629209,0.0,0.0,0.5022711650038159
-0.36358527271262786,0.0,0.0,0.0,0.0,-0.4426947065713736,-0.7296649225245023,0.9565747954222968,1.0,0.5020146271402565
1.128645084119491,0.0,0.0,0.0,0.0,0.08357243571229259,0.5816230273987638,1.0916955885921862,1.4255561880983532,0.5007317568127753
-0.04339462892678287,0.0,0.0,0.0,0.0,-1.3513954655373794,-1.2436386091883012,0.0,0.0,0.5004751465271831
-0.40457838071968416,0.0,0.0,0.0,0.0,-1.3513954655373794,-1.2436386091883012,0.0,0.0,0.4192883076476885
1.134583098717271,0.0,1.2380816024689916,0.0,0.0,1.1101849670646866,0.5406638713926494,1.0811779028880648,1.3837532157583627,0.38923953091290336
1.321570914799312,0.0,0.0,0.0,0.0,-0.12273672847268986,-1.022273554629209,0.0,0.0,0.4049387949510074
0.14524210188723907,0.0,1.149512058475987,0.0,0.0,0.7488438071511847,0.11452748252207769,1.006052142399291,1.0,0.49970524318347187
-0.31407588607667547,0.0,0.0,0.0,0.0,-1.3513954655373794,-1.2436386091883012,0.0,0.0,0.35505938280080596
-0.24953020781465968,0.0,0.0,0.0,0.0,-0.37662997428474326,-0.8610819189340483,0.0,0.0,0.3582240688485573
1.1621135247433034,0.0,1.2380816024689916,0.0,0.0,1.3173228341010463,0.4555743605292723,0.9565747954222968,1.2182136440140021,0.5002185241621672
0.9312107104764632,0.0,1.0,0.0,0.0,0.17281525155525312,-0.06124106303535339,0.0,0.0,0.49944858456459296
0.09053893609476155,0.0,0.0,0.0,0.0,-0.2613210019676533,-0.6167169445693365,1.0368224148220306,1.3025175370208548,0.5224997538964179
-0.8090679735522075,0.0,0.0,0.0,0.0,-0.7077869673735322,-1.022273554629209,1.022831460331992,1.0,0.49893523105476595
-0.37338640712197885,0.0,0.7106121022478595,0.0,0.0,0.09684573041380595,0.11452748252207769,1.0560115612601553,1.3444369791715767,0.4984218291648273
-0.5167150994590431,0.0,0.0,0.0,0.0,-0.7333959943020201,-0.6167169445693365,0.0,0.0,0.49765163557162373
0.87502578965115,0.0,0.0,0.0,0.0,-0.06194124141530229,-0.42601894595792045,1.071083660422793,1.3444369791715767,0.49713811264020596
-0.13778382637267353,0.0,0.0,0.0,0.0,-0.3184546644554274,-0.12561320434640574,0.0,0.0,0.49688133300588533
0.7198056117560672,0.0,1.2380816024689916,0.0,0.0,0.9836682200094976,0.22025285618736773,0.0,0.0,0.495854093283581
-0.5291358719327449,0.0,0.0,0.0,0.0,-0.3463579279866599,0.0,0.0,0.0,0.495854093283581
1.3938069490890714,0.0,1.2380816024689916,0.0,0.0,1.0091579019305197,0.31878118133730793,1.033883362385476,1.2182136440140021,0.4950835361743832
-0.23721942068409715,0.0,1.0,0.0,0.0,0.1568253409042418,0.11452748252207769,0.0,0.0,0.49867853615861274
0.43882908626015704,0.0,1.149512058475987,0.0,0.0,0.569659468310463,0.11452748252207769,0.0,0.0,0.49405595680447373
0.7732887825035974,0.0,1.2380816024689916,0.0,0.0,1.0925570943684944,0.4555743605292723,0.0,0.0,0.4937990316068533
0.7248006018219753,0.0,1.0,0.0,0.0,0.601693170032259,0.22025285618736773,0.0,0.0,0.49328514476708096
-0.05823655051371465,0.0,1.149512058475987,0.0,0.0,0.5582763393163669,0.05848678361057452,0.0,0.0,0.49225722523589577
-0.6789018144211755,0.0,1.0,0.0,0.0,0.2447838662150607,0.22025285618736773,0.0,0.0,0.49225722523589577
0.4949942734435173,0.0,1.0,0.0,0.0,0.492799216295716,0.05848678361057452,0.0,0.0,0.4920002149520132
0.024620998141371964,0.0,0.0,3.8163916471489756e-17,0.0,0.4338693472375037,0.3657267131137707,1.071083660422793,1.3444369791715767,0.4912291110956776
-1.2710664292684115,0.0,0.0,0.0,0.0,-0.5877704693943072,-0.12561320434640574,0.0,0.0,0.4912291110956776
0.01713680189990152,0.0,1.0,0.0,0.0,0.45107558132075515,0.4555743605292723,0.9271671564532873,1.0,0.49045789767701914
-0.19437432745279426,0.0,0.0,0.0,0.0,0.018461494022216158,-0.516595772466355,0.0,0.0,0.4902008021779871
-0.034716145299578394,0.0,1.0,0.0,0.0,0.25625867761874055,-0.06124106303535339,0.0,0.0,0.4902008021779871
0.756790442957138,0.0,0.0,0.0,0.0,-0.9108696839149778,-1.022273554629209,0.9565747954222968,1.0,0.4896865746248805
0.726034573393804,0.0,1.0,0.0,0.0,0.4502615443527589,0.11452748252207769,0.0,0.0,0.4884007923811669
1.1892526890314234,0.0,1.2380816024689916,0.0,0.0,1.2242826361910135,0.4555743605292723,1.022831460331992,1.0,0.48865797322458543
-0.07542132082580277,0.0,1.0,0.0,0.0,0.3301796267977355,0.16837786189877654,0.0,0.0,0.47526832993920765
-0.4417492458139653,0.0,0.0,0.0,0.0,-0.25302225042189586,-0.193584983678676,0.0,0.0,0.4688191484780939
0.0379236096128824,0.0,0.7106121022478595,0.0,0.0,-0.03454975995666514,0.05848678361057452,0.0,0.0,0.461586857442618
0.8344555038035075,0.0,0.0,0.0,0.0,-0.29676339017850084,-0.6167169445693365,0.0,0.0,0.45744972942901946
-0.08477731883054128,0.0,0.7106121022478595,0.0,0.0,0.001283617379331142,0.16837786189877654,0.0,0.0,0.4514969863815873
0.6449571754406297,0.0,1.0,0.0,0.0,0.511022164247774,0.11452748252207769,0.0,0.0,0.44424117498220506
-0.20739606141751715,0.0,1.0,0.0,0.0,0.854279352443779,0.22025285618736773,0.0,0.0,0.43437810177961617
0.16706025910157543,0.0,1.2380816024689916,0.0,0.0,1.0442812602622973,0.5406638713926494,0.0,0.0,0.48685745097289335
-0.7457410741301792,0.0,0.0,0.0,0.0,-0.4001770721301168,0.05848678361057452,0.0,0.0,0.4876291766245774
-0.5155256926516605,0.0,0.0,0.0,0.0,-1.3513954655373794,-1.2436386091883012,0.0,0.0,0.4863429061169477
-0.6661985856451902,4.330657290874346,1.149512058475987,0.0,0.0,0.3049999789744963,1.2238098830387245,1.1026955089832915,1.4294229069220834,0.4912291110956776
0.6866009324348338,0.0,1.0,0.0,0.0,0.4406806415756705,0.3657267131137707,0.0,0.0,0.4850563300137922
-0.6529939172269209,0.0,0.0,0.0,0.0,-1.3513954655373794,-1.2436386091883012,0.0,0.0,0.48299717178117596
-0.7644113608284548,0.0,0.0,0.0,0.0,-1.3513954655373794,-1.2436386091883012,0.0,0.0,0.48299717178117596
-0.8839244140261928,0.0,1.149512058475987,0.0,0.0,0.7662740177124282,0.49867188906910564,1.0481458543966122,1.3685309911523162,0.48248225969232417
1.3689548404611624,0.0,1.2380816024689916,0.0,0.0,0.9036429469561078,0.22025285618736773,0.0,0.0,0.48145228832844716
-0.29510034621792186,0.0,1.0,0.0,0.0,0.40168584597962037,0.16837786189877654,0.0,0.0,0.4804221205738695
0.7011918126139374,0.0,0.0,0.0,0.0,-0.17115568492354238,-0.6167169445693365,0.998116281742044,1.2182136440140021,0.47964936577356176
-1.3753641617141539,0.0,1.149512058475987,0.0,0.0,0.7978948935539439,0.9789536507197586,1.0992843885700638,1.4262157565009101,0.4791341344453885
-0.7311511391841653,0.0,0.0,0.0,0.0,-1.3513954655373794,-1.2436386091883012,0.0,0.0,0.4778458408539648
0.48426667687109715,0.0,0.0,0.0,0.0,-0.28549062604553876,-0.6167169445693365,1.0703440164940925,1.3025175370208548,0.4876291766245774
-0.43202458866776555,0.0,1.149512058475987,0.0,0.0,0.6071371101312693,0.5816230273987638,1.0531584011826194,1.3685309911523162,0.47578393074684605
-0.6025338183427483,0.0,0.0,0.0,0.0,-0.29504555590324955,0.22025285618736773,0.0,0.0,0.48093722901068947
-0.32759847564585065,0.0,1.0,0.0,0.0,0.31849633364906277,0.05848678361057452,0.9565747954222968,1.0,0.47604171264910783
0.7712966313556572,0.0,1.2380816024689916,0.0,0.0,1.1044625786970221,1.308707513613585,0.988153482273682,1.0,0.47578393074684605
0.22565731486886875,0.0,0.7106121022478595,0.0,0.0,-0.010704053990309275,-0.12561320434640574,0.0,0.0,0.4216326678871898
-1.4914717708777936,0.0,0.0,0.0,0.0,-0.6204247180824238,-0.34288385740687394,0.0,0.0,0.41172711326690997
-0.0624674615166516,0.0,1.0,0.0,0.0,0.6792472138846559,0.6606974057623132,1.0827159453069313,1.4013322872298855,0.39709510359344596
-0.43751764141283656,0.0,0.0,0.0,0.0,0.03129833596017163,0.41128985457575656,1.0987691108553728,1.4248002454769926,0.38084706436311966
0.7636242520221406,0.0,1.2380816024689916,0.0,0.0,1.014377707511487,0.16837786189877654,0.0,0.0,0.3642842213688068
0.1631408690971547,0.0,1.0,0.0,0.0,0.28789209318935693,0.05848678361057452,0.0,0.0,0.3534763000703921
0.4479089506589292,0.0,1.149512058475987,0.0,0.0,0.7696744386906866,0.16837786189877654,0.0,0.0,0.3400000770976223
0.8098190279640225,0.0,1.0,0.0,0.0,0.432966650311122,0.7363445937263972,0.8663642547672894,1.0,0.33814758913910326
0.8907639931914857,0.0,0.0,0.0,0.0,-0.013954623967043615,-0.193584983678676,0.0,0.0,0.32489563364861096
-0.34167591494317395,0.0,0.0,0.0,0.0,-0.29859097097203935,-0.42601894595792045,0.0,0.0,0.3214443746762478
0.6057246418652266,0.0,1.0,0.0,0.0,0.3173907552941487,0.4555743605292723,1.022831460331992,1.0,0.3089467686678798
1.230859303635269,0.0,1.2380816024689916,0.0,0.0,0.9871533389278792,0.16837786189877654,1.0441638598214986,1.2182136440140021,0.47397911194269915
0.3215759982938225,0.0,0.0,0.0,0.0,-1.3513954655373794,-1.2436386091883012,0.0,0.0,0.47423698023593297
-0.18920198828038318,0.0,0.0,0.0,0.0,-0.26801716360215333,0.0,0.0,0.0,0.4732054329379637
0.5730013723210698,0.0,1.0,0.0,0.0,0.39077952431475343,0.0,0.0,0.0,0.47346333829641873
0.772096276961795,0.0,1.0,0.0,0.0,0.34881614610292955,0.16837786189877654,0.0,0.0,0.47243164268886456
-0.0899838091563166,0.0,1.0,0.0,0.0,0.3061306794215149,0.3657267131137707,0.0,0.0,0.4721736878722273
-0.597905554881668,0.0,0.0,0.0,0.0,-1.3513954655373794,-1.2436386091883012,0.0,0.0,0.47165774112228814
-0.42141082478427555,0.0,0.0,0.0,0.0,0.0,0.878778350041491,0.0,0.0,0.4713997491835622
0.41155035128026035,0.0,1.149512058475987,0.0,0.0,0.6369044799753448,0.41128985457575656,0.0,0.0,0.4713997491835622
0.03462345049866002,0.0,1.2380816024689916,0.0,0.0,0.9589711100630788,0.11452748252207769,0.0,0.0,0.4703676576069653
-1.1133815997175558,0.0,0.0,0.0,0.0,-0.3831401642731029,-0.06124106303535339,0.0,0.0,0.470109603743813
0.5708210206068687,0.0,1.0,0.0,0.0,0.4832109718117477,0.2703350774754977,0.0,0.0,0.470109603743813
-0.9482500822792347,0.0,0.0,0.0,0.0,-1.3513954655373794,-1.2436386091883012,0.0,0.0,0.4698515374876246
1.288297962475889,0.0,1.2380816024689916,0.0,0.0,0.9884234350277546,0.22025285618736773,0.0,0.0,0.4695934588356792
1.0552250405966392,0.0,1.149512058475987,0.0,0.0,0.9170939153032108,1.469264262620619,1.0560115612601553,1.3025175370208548,0.4688191484780939
1.6061278266764438,0.0,1.2380816024689916,0.0,0.0,0.8671352996670811,0.0,0.0,0.0,0.4680447264606943
0.8183806415737005,0.0,1.2380816024689916,0.0,0.0,0.9972636923876278,-0.42601894595792045,0.0,0.0,0.4683028795443484
0.4846356413180074,0.0,1.0,0.0,0.0,0.45701125345327687,0.11452748252207769,0.0,0.0,0.46675377476549473
1.5063068452503614,0.0,0.0,0.0,0.0,-1.3513954655373794,-1.2436386091883012,0.0,0.0,0.46701198995055776
0.08659586159218566,0.0,1.149512058475987,0.0,0.0,0.6234327264051912,0.22025285618736773,0.0,0.0,0.46701198995055776
0.6582326628635875,0.0,0.7106121022478595,0.0,0.0,0.3199145510156851,0.5816230273987638,0.988153482273682,1.0,0.46597905462852385
0.7196503682772064,0.0,0.7106121022478595,0.0,0.0,0.12178353323393264,0.0,0.0,0.0,0.46520422256144117
-0.7891575017695626,0.0,0.0,0.0,0.0,-1.3513954655373794,-1.2436386091883012,0.0,0.0,0.46520422256144117
-0.9022811151985166,0.0,0.0,0.0,0.0,-0.2900385441066555,-0.6167169445693365,0.9565747954222968,1.0,0.46494592031961535
-0.31517945492519506,0.0,0.7106121022478595,0.0,0.0,0.03804273235561749,0.11452748252207769,0.0,0.0,0.4646876056301581
0.44862221560635523,0.0,1.149512058475987,0.0,0.0,0.7941793635612453,0.4555743605292723,0.0,0.0,0.46313745593958244
-0.7456529131071434,0.0,0.0,0.0,0.0,0.5009723315251151,-0.06124106303535339,0.0,0.0,0.4778458408539648
0.14815676964026053,0.0,0.0,0.0,0.0,-1.3513954655373794,-1.2436386091883012,0.0,0.0,0.46313745593958244
0.12620748923091893,0.0,0.0,0.0,0.0,-0.7316881965741578,0.0,0.0,0.0,0.46236221282900763
0.40778781788279705,0.0,0.0,0.0,0.0,-0.7077869673735322,-1.022273554629209,0.0,0.0,0.46236221282900763
0.5400629258163592,4.330656981359478,0.0,0.0,0.0,0.19697265492823737,0.3657267131137707,1.1006677281706558,1.423927592080586,0.461586857442618
-0.8389909216249666,0.0,0.0,0.0,0.0,-0.09991229179319266,0.11452748252207769,0.0,0.0,0.46313745593958244
0.18534400732922005,0.0,0.0,0.0,0.0,-0.31899218662729606,-0.42601894595792045,0.0,0.0,0.4610698914395382
0.7622138721770355,0.0,1.0,0.0,0.0,0.6335123558970087,0.16837786189877654,0.0,0.0,0.46055287548101975
-0.046536677676533654,0.0,1.0,0.0,0.0,0.2877808565429335,0.4555743605292723,0.0,0.0,0.459777257828529
0.33067471807906257,0.0,0.0,0.0,0.0,-0.2590231572750571,-0.193584983678676,1.0306204699037194,1.2182136440140021,0.4595186936094018
0.9189996020492653,0.0,1.0,0.0,0.0,0.5432338909787392,-0.06124106303535339,1.049929575826221,1.2182136440140021,0.45926011688485535
0.4174259595450289,0.0,0.0,0.0,0.0,-0.2136753377677934,-0.516595772466355,0.988153482273682,1.3025175370208548,0.4590015276521266
0.27572778282164756,0.0,0.7106121022478595,0.0,0.0,0.5434309050280879,0.8089350854960184,1.0785191822814537,1.394034397226019,0.4587429259084509
-0.9334610817535426,0.0,0.0,0.0,0.0,-0.8673452578999283,-1.022273554629209,0.0,0.0,0.45796704558407575
-0.2739542094219674,0.0,0.0,0.0,0.0,-0.27216806677983646,-0.6167169445693365,0.0,0.0,0.46752838304618793
0.8806731134357138,0.0,0.0,0.0,0.0,0.18650329402568785,-0.42601894595792045,1.0674057257981981,1.3444369791715767,0.45719105256153886
-0.0015525148825694074,0.0,0.0,0.0,0.0,-0.10077990636762113,-0.7296649225245023,0.0,0.0,0.46236221282900763
-0.5503969038660345,0.0,0.0,0.0,0.0,-1.3513954655373794,-1.2436386091883012,0.0,0.0,0.45563872812258877
-0.08401335616018758,0.0,1.0,0.0,0.0,0.3478440239135525,-0.34288385740687394,0.0,0.0,0.46597905462852385
0.1360440127301477,0.0,1.0,0.0,0.0,0.3357902604471742,0.0,0.0,0.0,0.45563872812258877
0.0033118343174559075,0.0,0.0,0.0,0.0,-0.540935219026,-0.34288385740687394,1.0531584011826194,1.394034397226019,0.45512118629665826
0.6557504650197188,0.0,1.0,0.0,0.0,0.18768085294897632,0.0,0.0,0.0,0.45434477940667933
0.38823630055410624,0.0,1.149512058475987,0.0,0.0,0.7127710461257879,0.9789536507197586,1.0853368178860445,1.4248002454769926,0.45434477940667933
-0.2680986049380712,0.0,1.0,0.0,0.0,0.5627017345974629,0.22025285618736773,1.022831460331992,1.0,0.45408595199193186
-0.1482370806475055,0.0,0.0,0.0,0.0,-0.357557609348307,-0.34288385740687394,1.049929575826221,1.2182136440140021,0.453827112013499
0.9595172003653085,4.3306572852658105,0.7106121022478595,0.0,0.0,0.13126589049157122,0.22025285618736773,1.0394896384476304,1.2182136440140021,0.453568259468594
0.8861964419475241,0.0,1.149512058475987,0.0,2.740863092043355e-16,1.0910407829651154,0.9127530921308108,0.0,0.0,0.45330939435442874
-0.09519484768868246,0.0,1.149512058475987,0.0,0.0,0.6687686527461129,0.2703350774754977,0.0,0.0,0.45253272356847885
0.2946462704229666,0.0,0.0,0.0,0.0,-0.994819647666771,-1.022273554629209,0.0,0.0,0.45201488014705327
0.18360317642310536,0.0,0.7106121022478595,0.0,0.0,0.16426794188194482,0.22025285618736773,0.0,0.0,0.453568259468594
-0.764365884705669,0.0,0.0,0.0,0.0,-0.4504732070810026,-0.516595772466355,0.0,0.0,0.4514969863815873
0.39121119814964334,0.0,0.0,0.0,0.0,-0.05228869843919823,0.05848678361057452,1.022831460331992,1.0,0.4504610477290429
0.550187976045246,0.0,1.2380816024689916,0.0,0.0,1.0416153803378154,0.7730013276593265,0.0,0.0,0.4496839614200348
-0.8420431715929064,0.0,1.0,0.0,0.0,0.17066578848313993,0.05848678361057452,0.0,0.0,0.4499430027971745
-1.1200959820286869,0.0,0.0,0.0,0.0,0.6478722887715418,-0.7296649225245023,0.8663642547672894,1.0,0.4496839614200348
-0.8235119032034673,0.0,0.0,0.0,0.0,-0.2706533879479112,-0.8610819189340483,0.0,0.0,0.4496839614200348
-0.13321341229351147,0.0,1.0,0.0,0.0,0.3659851784784701,0.11452748252207769,0.0,0.0,0.44890676161013754
0.8015292758517558,0.0,1.2380816024689916,0.0,0.0,1.0472488299004798,0.05848678361057452,0.0,0.0,0.4496839614200348
0.2503139192032547,0.0,1.149512058475987,0.0,0.0,0.6277405564964067,0.11452748252207769,0.0,0.0,0.447870318509016
1.1537268259202387,0.0,1.149512058475987,0.0,0.0,0.8789521025911897,0.41128985457575656,0.0,0.0,0.4470928535688635
-0.6385462172139431,0.0,0.0,0.0,0.0,-0.7176339400963846,-0.6167169445693365,0.0,0.0,0.4481294482235734
0.01334507832828321,0.0,0.7106121022478595,0.0,0.0,0.2029451587019844,0.31878118133730793,1.0328773395340514,1.0,0.44527832620098384
0.23591092329681915,4.330657215003662,1.149512058475987,0.0,0.0,0.7276642244133736,0.31878118133730793,0.0,0.0,0.44527832620098384
0.9385974018277519,0.0,1.2380816024689916,0.0,0.0,1.0697899554724395,0.31878118133730793,1.049929575826221,1.2182136440140021,0.44475977592100274
0.03207282747686153,0.0,1.0,0.0,0.0,0.2709462361363976,-0.193584983678676,0.0,0.0,0.4445004817853694
0.3372537837029364,0.0,1.2380816024689916,0.0,0.0,0.9371017227353895,0.22025285618736773,0.0,0.0,0.44346317853924533
1.0479116864571871,0.0,1.2380816024689916,0.0,0.0,1.0524039165054824,0.22025285618736773,1.0057648184318375,1.0,0.4426850679866404
1.2202035164977503,0.0,1.0,0.0,0.0,0.3149877181816623,0.16837786189877654,0.0,0.0,0.4426850679866404
1.4382154799877893,0.0,1.2380816024689916,0.0,0.0,1.1334103601713519,0.6989246298564699,1.033883362385476,1.3025175370208548,0.44164740961370064
0.9197173346479081,0.0,0.0,0.0,0.0,0.041175394183696624,-0.42601894595792045,1.0306204699037194,1.2182136440140021,0.44112850424639066
-0.06373045284325914,0.0,0.0,0.0,0.0,-0.29504555590324955,0.05848678361057452,1.022831460331992,1.0,0.4429444508544121
-0.015480594461075444,4.330656905792317,0.0,0.0,0.0,0.26174442284259974,0.2703350774754977,1.0877666521854072,1.4186096146759073,0.4398310184516973
0.5412452871311724,0.0,0.7106121022478595,0.0,0.0,0.028284889688617806,0.11452748252207769,0.0,0.0,0.4393119351235119
-0.33971033955750646,0.0,0.0,0.0,0.0,-0.25673902615686917,-0.7296649225245023,0.988153482273682,1.0,0.4387928008981191
1.5674012127077013,0.0,1.2380816024689916,0.0,0.0,1.121553463788776,0.7730013276593265,1.0853368178860445,1.4067157636187435,0.4380140040778676
-0.05698298315621163,0.0,1.0,0.0,0.0,0.494721989351285,0.22025285618736773,0.0,0.0,0.43697542996427685
-2.0064131206152904,0.0,0.0,0.0,0.0,0.5424272708726807,0.11452748252207769,1.0269662977944063,1.3025175370208548,0.4374947425096304
0.8422412318223715,0.0,1.149512058475987,0.0,0.0,0.5373121860003264,0.2703350774754977,1.0368224148220306,1.3025175370208548,0.46701198995055776
-0.001421804708489917,0.0,1.149512058475987,0.0,0.0,0.6591807723351194,0.0,1.006052142399291,1.0,0.42319499314742287
-0.09144307683050992,0.0,1.0,0.0,0.0,0.3941237692641757,0.11452748252207769,0.0,0.0,0.24705636127401995
-1.0434886995222534,0.0,1.149512058475987,0.0,0.0,0.5619199907416992,0.11452748252207769,0.0,0.0,0.3952632023763533
0.6244987125296095,0.0,1.0,0.0,0.0,0.4080512257278284,0.2703350774754977,0.0,0.0,0.31852221386314483
-0.3218613008338703,0.0,0.0,0.0,0.0,-0.7077869673735322,-1.022273554629209,1.022831460331992,1.0,0.39552494219395057
0.3000715209736232,0.0,1.0,0.0,0.0,0.2462881483950567,0.0,0.0,0.0,0.3986647897432599
0.3235452921030476,0.0,0.7106121022478595,0.0,0.0,0.08083195762039364,0.16837786189877654,0.0,0.0,0.43437810177961617
-1.744093578222755,0.0,0.0,0.0,0.0,-0.735115881599933,-0.516595772466355,0.0,0.0,0.4151179653027238
-0.12196418142838536,0.0,1.2380816024689916,0.0,0.0,1.0625608563227604,0.0,0.0,0.0,0.3921212923200991
-0.5399313702832831,0.0,0.0,0.0,0.0,-1.3513954655373794,-1.2436386091883012,0.0,0.0,0.40467752912854765
-1.4175959876106352,0.0,0.0,0.0,0.0,-0.04721072962383992,-0.12561320434640574,0.0,0.0,0.4044162501924356
1.0718211457020261,0.0,0.0,0.0,0.0,0.25619970151968646,-0.7296649225245023,0.0,0.0,0.40807296304873414
1.332078220597872,0.0,0.0,0.0,0.0,0.12247235311724529,-1.022273554629209,0.0,0.0,0.375857555210682
0.476536084273177,0.0,0.0,0.0,0.0,-0.33213687257001856,-0.8610819189340483,0.0,0.0,0.27448147604537393
-0.8801451908323679,0.0,0.0,0.0,0.0,-0.39280971116364305,-0.193584983678676,0.0,0.0,0.42787918435476463
-0.09517835017691975,0.0,0.0,0.0,0.0,-0.2925336452859802,0.22025285618736773,0.0,0.0,0.38110953599558894
1.7334358255350584,0.0,0.7106121022478595,0.0,0.0,-0.06041199588179292,0.0,0.0,0.0,0.40598372716443004
1.2967993781226084,0.0,1.149512058475987,0.0,0.0,0.8514144305154824,0.2703350774754977,0.0,0.0,0.4242362852177978
0.3658718426855738,0.0,0.7106121022478595,0.0,0.0,0.017843565133268728,0.11452748252207769,0.0,0.0,0.41172711326690997
-0.13857175584956666,0.0,1.0,0.0,0.0,0.4723011251478207,0.0,0.0,0.0,0.41224892600950575
0.424374615697813,0.0,0.0,0.0,0.0,0.039271040743975485,-0.7296649225245023,0.0,0.0,0.4143356561389539
-0.1357217964725632,0.0,0.0,0.0,0.0,-0.4666110923155345,-0.8610819189340483,0.0,0.0,0.41250981283887495
0.5087268868131102,0.0,0.0,0.0,0.0,-0.10577165351310085,-0.42601894595792045,0.0,0.0,0.4010184293104234
0.5272752158720668,0.0,0.0,0.0,0.0,-0.5109376799694366,-0.7296649225245023,1.0573198567524453,1.3025175370208548,0.42787918435476463
-0.45222738937204887,0.0,0.0,0.0,0.0,-1.3513954655373794,-1.2436386091883012,0.0,0.0,0.2221849328775474
0.05655320713731506,0.0,1.149512058475987,0.0,0.0,0.7400178730602393,0.31878118133730793,0.0,0.0,0.4033710032512888
-1.5853933845620356,0.0,0.0,0.0,0.0,-0.5109376799694366,-0.7296649225245023,0.988153482273682,1.0,0.3973567509374495
0.5701331972392549,0.0,0.0,0.0,0.0,0.045768477508744354,0.22025285618736773,1.0136429499206276,1.2182136440140021,0.36270400677928455
0.3016036600913416,0.0,0.7106121022478595,0.0,0.0,-0.0554642309600741,0.0,0.0,0.0,0.3434386067267839
0.3681884793141151,0.0,0.7106121022478595,0.0,0.0,0.5543298010968751,-0.193584983678676,0.0,0.0,0.334705444435478
-0.009613642114291186,0.0,0.0,0.0,0.0,-0.7005541308865523,-0.12561320434640574,0.0,0.0,0.3434386067267839
-0.5195909174132017,0.0,1.149512058475987,0.0,0.0,0.9778139273313267,0.41128985457575656,0.0,0.0,0.42501711889931204
-0.33619121925498563,0.0,0.0,0.0,0.0,-1.3513954655373794,-1.2436386091883012,0.0,0.0,0.42787918435476463
0.44531307420587607,0.0,1.0,0.0,0.0,0.15111641468455797,-0.12561320434640574,0.0,0.0,0.3776963592667545
0.5904547901652092,4.330657119249411,1.2380816024689916,0.0,0.0,1.508682720929607,0.4555743605292723,1.0546270911177729,1.3025175370208548,0.43515743428037545
-0.04866981684392654,0.0,1.2380816024689916,0.0,0.0,1.2531840171709219,1.0742563978161945,0.9565747954222968,1.0,0.4338584828906167
0.06707157532811071,0.0,1.0,0.0,0.0,0.2150069099387465,0.05848678361057452,0.0,0.0,0.4374947425096304
0.479928985017081,0.0,1.149512058475987,0.0,0.0,0.807571132417861,0.41128985457575656,1.033883362385476,1.2182136440140021,0.4338584828906167
0.7539801193691485,0.0,1.2380816024689916,0.0,0.0,1.025235304199595,0.8089350854960184,0.0,0.0,0.43333881286401327
-0.38335734642318275,0.0,0.0,0.0,0.0,-0.2406817715518523,-0.7296649225245023,0.0,0.0,0.43255921189078195
0.059825828546730124,0.0,0.7106121022478595,0.0,0.0,0.6214736706682602,0.3657267131137707,1.0730034399359627,1.3685309911523162,0.43229931930597426
0.3495050382960365,0.0,0.7106121022478595,0.0,0.0,0.1297608268234492,0.11452748252207769,0.0,0.0,0.29214506943215607
1.26174905423224,0.0,1.149512058475987,0.0,0.0,0.8799695650846712,0.41128985457575656,1.022831460331992,1.0,0.273677066034413
1.4083274818287923,0.0,1.2380816024689916,0.0,0.0,1.4892658825951968,0.6989246298564699,0.0,0.0,0.2578298627836102
0.6801976416392352,4.330657289459473,1.149512058475987,0.0,0.0,0.6372288188080302,0.4555743605292723,1.0306204699037194,1.2182136440140021,0.23787984217044786
0.5828845041833114,0.0,1.2380816024689916,0.0,0.0,1.2169618765985715,0.41128985457575656,0.0,0.0,0.4356769254258705
0.4879099391089901,0.0,0.7106121022478595,0.0,0.0,0.26259014458899155,0.22025285618736773,1.006052142399291,1.0,0.43021971752539445
2.2514321457732187,0.0,0.0,0.0,0.0,0.4971217207998746,-0.2657509156119179,1.0018134395699367,1.0,0.4296996888905182
0.3087055010157136,0.0,1.0,0.0,0.0,0.35663148129029343,0.05848678361057452,0.0,0.0,0.4268386133946221
0.8150333652406149,0.0,1.0,0.0,0.0,0.3096692375695036,0.2703350774754977,0.0,0.0,0.4281392949605308
-0.31133593140897153,4.330657257630068,0.0,0.0,0.0,-1.3513954655373794,-1.2436386091883012,0.0,0.0,0.4257978366357757
0.4240201267090671,0.0,1.149512058475987,0.0,0.0,0.7494437879518122,-0.193584983678676,0.0,0.0,0.4260580501292868
-0.15731494453707082,0.0,0.0,0.0,0.0,-0.5627380187757388,-1.022273554629209,0.0,0.0,0.4260580501292868
0.5323556535885617,0.0,1.0,0.0,0.0,0.270917544916896,0.05848678361057452,0.0,0.0,0.4247568538921425
-0.26881468386570456,0.0,0.0,0.0,0.0,0.04867231453996218,0.9461359278251181,1.0681963516467783,1.4229121222943437,0.4247568538921425
0.4243239837287917,0.0,1.2380816024689916,0.0,0.0,0.9523702713292784,0.16837786189877654,0.0,0.0,0.42449657599927615
-0.5748923246242156,4.330657260956641,1.2380816024689916,0.0,0.0,1.3144511599412159,0.6216146055503267,0.9750538018491568,1.2182136440140021,0.42319499314742287
0.8131265592879497,0.0,1.149512058475987,0.0,0.0,0.6333570383619401,0.22025285618736773,0.0,0.0,0.42267426970468397
1.6187557384567974,0.0,0.7106121022478595,0.0,0.0,0.3678664102729103,0.8089350854960184,1.0531584011826194,1.3025175370208548,0.422934637879117
-0.25562336849254386,0.0,0.7106121022478595,0.0,0.0,0.0668478740900715,0.0,0.0,0.0,0.42267426970468397
-0.16088463457130034,0.0,1.0,0.0,0.0,0.6123584650566007,0.11452748252207769,1.022831460331992,1.0,0.4216326678871898
-1.5910251288849944,0.0,0.0,0.0,0.0,-0.4879956411652101,-0.6167169445693365,0.0,0.0,-0.8169306822989997
0.12917044934941677,0.0,1.149512058475987,0.0,0.0,0.7126884461178735,0.16837786189877654,1.049929575826221,1.2182136440140021,0.4211117894656135
-1.2892823225409593,4.330657195913765,0.0,0.0,0.0,0.2707453655122144,-0.34288385740687394,0.0,0.0,0.42059085933757157
-0.6144871759195064,0.0,0.0,0.0,0.0,-0.7077869673735322,-1.022273554629209,0.0,0.0,0.41954884386823904
-0.0905901153459937,0.0,0.7106121022478595,0.0,0.0,0.04822672893071959,-0.2657509156119179,0.0,0.0,0.419027758479975
0.6683256120557676,0.0,1.149512058475987,0.0,0.0,1.0146571320506161,0.4555743605292723,1.022831460331992,1.0,0.4174641914185555
1.000749788571511,0.0,1.0,0.0,0.0,0.27858101428381277,0.22025285618736773,0.9750538018491568,1.2182136440140021,0.4169428986873622
-0.33914978973322674,0.0,0.7106121022478595,0.0,0.0,0.2110708221457201,0.05848678361057452,0.0,0.0,0.4161608622807015
-0.13544265435674896,0.0,0.0,0.0,0.0,-0.4247427161063798,-0.193584983678676,0.988153482273682,1.3025175370208548,0.4151179653027238
0.8346917853157811,0.0,1.149512058475987,0.0,0.0,0.8552765533135952,0.16837786189877654,0.0,0.0,0.4138140516852426
-0.3299898489165138,0.0,0.0,0.0,0.0,-0.18870031030568585,-0.12561320434640574,0.0,0.0,0.3105439581093209
0.07845202130052178,0.0,1.2380816024689916,0.0,0.0,1.0766114315674473,0.11452748252207769,0.0,0.0,0.2790372935910656
-0.39515097066517085,0.0,1.0,0.0,0.0,0.4274342326706058,0.11452748252207769,0.0,0.0,0.3734924098700416
-0.8915017391986748,0.0,0.0,0.0,0.0,-1.3513954655373794,-1.2436386091883012,0.0,0.0,0.4004954904642998
-0.1094561684879899,0.0,1.0,0.0,0.0,0.4631743656808281,0.49867188906910564,0.9565747954222968,1.0,0.3365591996450139
-0.5437404015878816,0.0,0.0,0.0,0.0,0.5826080901151315,-0.34288385740687394,0.0,0.0,0.3776963592667545
0.24346190690022168,0.0,0.0,0.0,0.0,0.06145896729951087,-0.6167169445693365,0.0,0.0,0.3884533169981277
-0.9594114587850676,0.0,0.0,0.0,0.0,0.0026619756235597243,-0.06124106303535339,1.0791768467992444,1.394034397226019,0.31400277373174357
-1.4660352304676856,0.0,0.0,0.0,0.0,0.2866393669530198,-0.8610819189340483,0.0,0.0,0.3978800060334957
0.28514786173667495,0.0,0.0,0.0,0.0,0.34579456805964254,0.41128985457575656,1.071083660422793,1.4013322872298855,0.3737552576762845
0.4471458169146528,0.0,0.0,3.8163916471489756e-17,0.0,-0.013903654912419296,0.05848678361057452,0.0,0.0,0.39552494219395057
0.32593829114019035,4.330657271573691,0.0,0.0,0.0,0.3617659418486607,0.2703350774754977,1.089783668988605,1.4140046247801077,0.29374769946292356
-0.05166354073751998,0.0,0.0,0.0,0.0,-0.4465608616397132,-0.42601894595792045,0.0,0.0,0.3879291078810195
-0.3208150759394323,0.0,0.0,0.0,0.0,-0.5627380187757388,-1.022273554629209,0.0,0.0,0.4088562106910469
0.07808629762174982,0.0,1.0,0.0,0.0,0.35055677358191145,0.16837786189877654,0.0,0.0,0.4062449274636986
0.4229557457588033,0.0,1.2380816024689916,0.0,0.0,1.012726098707507,0.49867188906910564,0.0,0.0,0.3640208862686462
0.048241101015865234,0.0,1.0,0.0,0.0,0.528661103090612,0.11452748252207769,0.9565747954222968,1.0,0.3566419721596293
-0.3699080043958975,0.0,0.0,0.0,0.0,-0.12065177979543158,-0.12561320434640574,0.0,0.0,0.3832088273006499
0.5662297788326384,0.0,1.0,0.0,0.0,0.21780488029221584,0.4555743605292723,0.0,0.0,0.38110953599558894
0.8085607011809751,0.0,1.2380816024689916,0.0,0.0,1.00319763269872,0.11452748252207769,0.0,0.0,0.38452044992118767
-0.18589942869653686,0.0,0.0,0.0,0.0,-1.3513954655373794,-1.2436386091883012,0.0,0.0,0.3737552576762845
0.2141628566251415,0.0,1.0,0.0,0.0,0.3440893217940929,0.11452748252207769,0.0,0.0,0.3439674033642198
-0.15648817066089282,0.0,0.0,0.0,0.0,-1.3513954655373794,-1.2436386091883012,0.0,0.0,0.3640208862686462
0.2055161430192141,0.0,1.0,0.0,0.0,0.4714551710803161,-0.06124106303535339,0.0,0.0,0.37690838102854485
1.12689679701173,0.0,1.2380816024689916,0.0,0.0,1.118714860550711,1.1050458926679774,0.0,0.0,0.38766698336103245
-0.3638515753050157,0.0,0.7106121022478595,0.0,0.0,0.18400467857003994,0.6216146055503267,0.0,0.0,0.38294646269569643
-0.3886877902687193,0.0,1.0,0.0,0.0,0.27832636526814086,0.0,0.0,0.0,0.23679909353926493
-0.3701523750143349,0.0,0.0,0.0,0.0,-0.17625082598057065,-0.34288385740687394,0.0,0.0,0.41329239519491767
0.043086348631428344,0.0,0.0,0.0,0.0,-0.4465608616397132,-0.7296649225245023,1.022831460331992,1.0,0.41172711326690997
0.5257518418171032,0.0,1.149512058475987,0.0,0.0,0.7207896300433879,0.16837786189877654,1.022831460331992,1.0,0.4099003579749709
-0.7179989489917078,0.0,1.149512058475987,0.0,0.0,0.5877506255803153,0.16837786189877654,0.0,0.0,0.41172711326690997
0.1723248757321952,0.0,0.7106121022478595,0.0,0.0,0.0950293649242862,-0.06124106303535339,0.0,0.0,0.40859514121329044
0.6070438629555359,0.0,1.0,0.0,0.0,0.45009442391582694,0.49867188906910564,1.0560115612601553,1.3444369791715767,0.4078118543559545
0.7067113456749968,0.0,1.0,0.0,0.0,0.36588853661673093,0.31878118133730793,1.071083660422793,1.3444369791715767,0.4065061146673347
-1.219450603211656,0.0,1.0,0.0,0.0,0.3092682735184874,0.3657267131137707,0.0,0.0,0.4062449274636986
-0.40640770419447125,0.0,1.0,0.0,0.0,0.29575979335899555,0.16837786189877654,0.9271671564532873,1.0,0.4052000476628205
-0.10001162353115442,0.0,1.0,0.0,0.0,0.270917544916896,0.05848678361057452,0.0,0.0,0.4049387949510074
0.38090267487411716,0.0,1.0,0.0,0.0,0.23129696927794358,0.41128985457575656,1.0689577040329925,1.3837532157583627,0.4044162501924356
-0.17761717434572868,4.3306573025080555,1.0,0.0,0.0,0.21694800319302066,-0.12561320434640574,0.0,0.0,0.4031096587017741
-0.010892161561115983,0.0,1.149512058475987,0.0,0.0,0.5825239877584928,0.11452748252207769,0.0,0.0,0.4078118543559545
-0.1373989308616485,0.0,0.0,0.0,0.0,0.5486024458887674,-0.34288385740687394,0.0,0.0,0.4004954904642998
-1.2180031267150802,0.0,0.0,0.0,0.0,-0.7615470556773098,-0.7296649225245023,0.0,0.0,0.40154131553305783
0.21935996683012732,4.33065677805932,1.2380816024689916,0.0,0.0,0.9392881680680106,0.31878118133730793,0.8663642547672894,1.0,0.3986647897432599
0.017674887986905963,0.0,0.0,0.0,0.0,-0.29504555590324955,-0.7296649225245023,1.006052142399291,1.0,0.39761838508311903
0.3776935141599312,0.0,1.0,0.0,0.0,0.3607915396600493,0.05848678361057452,0.0,0.0,0.39552494219395057
-0.2603950481116014,0.0,0.0,0.0,0.0,-0.06194124141530229,-0.7296649225245023,0.0,0.0,0.3942161108483552
0.29331889824500224,0.0,1.0,0.0,0.0,0.4921764034354434,0.16837786189877654,0.0,0.0,0.3934306532463315
-0.20901904823850892,0.0,1.149512058475987,0.0,0.0,0.7223656243495011,0.6216146055503267,0.0,0.0,0.3368239660474996
0.7175100031114089,0.0,0.0,0.0,0.0,0.2083978714865463,0.8089350854960184,1.0763472940434367,1.4296674257788191,0.26884781116207424
2.3761061556319856,0.0,0.0,0.0,0.0,0.37194505671006617,0.16837786189877654,1.0619187631672482,1.3444369791715767,0.3497805177438164
-1.0127759210938534,0.0,0.0,0.0,0.0,-1.3513954655373794,-1.2436386091883012,0.0,0.0,0.2819829114051823
-0.5243920444202852,0.0,0.0,0.0,0.0,-0.08734395951503074,-0.6167169445693365,0.0,0.0,0.3516287457127601
-0.24093444673878642,0.0,0.0,0.0,0.0,-0.286573156226593,-0.42601894595792045,0.0,0.0,0.166562238300038
-0.4768776315709579,0.0,0.0,0.0,0.0,-0.6048002118302626,-0.06124106303535339,0.0,0.0,0.31559833882847066
0.17265995319791483,0.0,1.149512058475987,0.0,0.0,0.68894858969172,0.8441827789462959,1.022831460331992,1.0,0.3571693924291044
-0.9026842782500246,0.0,0.0,0.0,0.0,-1.3513954655373794,-1.2436386091883012,0.0,0.0,0.2942817934778195
-0.6560308471923942,0.0,0.0,0.0,0.0,-0.4666110923155345,-0.516595772466355,0.0,0.0,0.22949762704544463
-0.6155560476034152,0.0,0.0,0.0,0.0,-0.42040214786227165,-0.6167169445693365,1.0419259054467114,1.3025175370208548,0.33894159597783585
-0.20824573107878064,0.0,0.0,0.0,0.0,-0.25673902615686917,0.0,0.0,0.0,0.2548695513144869
-0.7584382024062915,0.0,0.0,0.0,0.0,-1.3513954655373794,-1.2436386091883012,0.0,0.0,0.23679909353926493
-0.5733229820505735,0.0,0.0,0.0,0.0,-1.3513954655373794,-1.2436386091883012,0.0,0.0,0.3370887185174669
-1.0879037506910978,0.0,0.0,0.0,0.0,-0.2662386563720534,0.11452748252207769,0.0,0.0,0.3476674309363252
-0.06471077160650612,0.0,0.0,0.0,0.0,-0.39280971116364305,-0.193584983678676,0.0,0.0,0.3315259863546655
-1.458534164224665,0.0,0.0,0.0,0.0,-1.3513954655373794,-1.2436386091883012,0.0,0.0,0.27850153582775583
-0.05605984786074441,0.0,0.0,0.0,0.0,-0.1714493247972344,-0.12561320434640574,0.0,0.0,0.3012197526702827
-0.3228407455568231,0.0,0.0,0.0,0.0,-0.4097900255070059,-0.2657509156119179,0.0,0.0,0.28974014429752704
-0.7991494509692652,0.0,0.0,0.0,0.0,-0.5109376799694366,-0.7296649225245023,0.0,0.0,0.3915974551551266
0.7838225377795612,0.0,0.0,0.0,0.0,0.2932324336346337,0.3657267131137707,1.0865033616969215,1.423927592080586,0.3217099408150619
-1.1445155935812628,0.0,0.0,0.0,0.0,-0.5862940284804599,-0.7296649225245023,1.0419259054467114,1.2182136440140021,0.2790372935910656
0.9312673939096577,0.0,1.149512058475987,0.0,0.0,0.7338692981306696,0.31878118133730793,1.0777609424765606,1.3444369791715767,0.22922698722577706
1.115241041557874,0.0,0.0,0.0,0.0,-0.2261034492420216,-0.6167169445693365,0.9271671564532873,1.0,0.36006922657263507
0.5942632949563683,0.0,1.149512058475987,0.0,0.0,0.7215101552462418,0.5406638713926494,1.0619187631672482,1.3685309911523162,0.2580988919862601
0.76610972455038,0.0,1.0,0.0,0.0,0.2101384578039472,0.22025285618736773,0.0,0.0,0.3495164301226774
-1.4631226983191392,0.0,0.0,0.0,0.0,-1.3513954655373794,-1.2436386091883012,0.0,0.0,0.297218275477131
-0.14379390111318335,0.0,1.0,0.0,0.0,0.40213960785452785,0.31878118133730793,1.0629354125627655,1.3025175370208548,0.3421163727137337
-0.8789830755335867,0.0,0.0,0.0,0.0,-0.5109376799694366,-0.7296649225245023,0.0,0.0,0.35558696737145756
1.2420926871911506,0.0,1.149512058475987,0.0,0.0,0.7580717245929145,0.05848678361057452,0.0,0.0,0.3513647544134449
-0.2868104577635499,0.0,1.0,0.0,0.0,0.1930299383222889,0.11452748252207769,0.0,0.0,0.3590149326606048
0.2752614524256889,0.0,0.0,0.0,0.0,-0.3266019649922968,-0.516595772466355,1.0515961795290998,1.3025175370208548,0.36191371577924414
-0.8127568411945166,0.0,0.0,0.0,0.0,-1.3513954655373794,-1.2436386091883012,0.0,0.0,0.3444961446312571
1.6254030946583657,0.0,0.0,0.0,0.0,0.5815981207925531,-0.193584983678676,1.0747827824328542,1.3444369791715767,0.3590149326606048
-0.03156348363533305,4.330657302143432,0.0,0.0,0.0,0.11670265461806877,-0.06124106303535339,1.0689577040329925,1.3837532157583627,0.36454754287721364
0.18445701046866675,0.0,1.149512058475987,0.0,0.0,0.89233403696092,0.3657267131137707,0.9565747954222968,1.0,0.36770634198635144
0.3295003216582445,0.0,0.0,0.0,0.0,0.030974741802869164,0.2703350774754977,0.0,0.0,0.2717995922634676
0.6333955383531316,0.0,1.0,0.0,0.0,0.2469786912226812,0.22025285618736773,0.0,0.0,0.3230375596906871
0.4365372606928402,4.330656510538694,1.2380816024689916,0.0,0.0,1.2871135332336376,0.6989246298564699,1.0665838155427505,1.3685309911523162,0.31214063378362045
0.606534094499158,4.330657295261619,0.7106121022478595,0.0,0.0,0.16497109363414944,0.6606974057623132,0.0,0.0,0.31400277373174357
-0.25599562515883706,0.0,1.2380816024689916,0.0,0.0,1.290787753151609,0.22025285618736773,0.0,0.0,0.3217099408150619
-0.9686587475228224,0.0,1.0,0.0,0.0,0.3077687533192993,0.16837786189877654,0.0,0.0,0.3418518843269639
0.2512655620567313,0.0,0.0,0.0,0.0,-1.3513954655373794,-1.2436386091883012,0.0,0.0,0.2918779136412743
-0.18220234867991542,0.0,0.0,0.0,0.0,-0.4504732070810026,-0.6167169445693365,1.006052142399291,1.2182136440140021,0.277429843846457
0.5468336465339811,0.0,0.0,0.0,0.0,-0.21975758813409563,-0.12561320434640574,0.0,0.0,0.3328510052169376
-0.9022811151985166,0.0,0.0,0.0,0.0,-1.3513954655373794,-1.2436386091883012,0.0,0.0,0.32197549282807136
-0.804428310185676,0.0,0.7106121022478595,0.0,0.0,-0.10227133733420457,0.16837786189877654,0.0,0.0,0.24732599310716458
-0.3540676513533869,0.0,0.0,0.0,0.0,0.33688529136212547,-0.6167169445693365,0.0,0.0,0.34740323303620946
-0.16285741334212575,0.0,0.0,0.0,0.0,-0.053233408584406484,0.6216146055503267,1.0629354125627655,1.3025175370208548,0.33629441930665877
-0.12240942344070425,0.0,0.0,0.0,0.0,-0.5109376799694366,-0.6167169445693365,1.022831460331992,1.0,0.33841227199668067
0.8426160162026738,0.0,0.0,0.0,0.0,-0.011058457457534025,0.2703350774754977,1.0981035509121866,1.423927592080586,0.3423808472346911
-0.5940687396277294,0.0,0.0,0.0,0.0,-0.49245131483031374,-0.6167169445693365,0.0,0.0,0.346082036474649
-0.6605377116239078,0.0,0.0,0.0,0.0,-0.12273672847268986,-1.022273554629209,0.0,0.0,0.29374769946292356
-0.6443821004901452,0.0,0.0,0.0,0.0,-1.3513954655373794,-1.2436386091883012,0.0,0.0,0.35004459159486284
0.5588003641002338,0.0,0.0,0.0,0.0,0.26060496543247663,-0.06124106303535339,1.0730034399359627,1.4067157636187435,0.35690568913538023
0.09412918373615643,0.0,1.0,0.0,0.0,0.24109543180284657,0.11452748252207769,0.0,0.0,0.12689087190930293
-0.35621900766461695,0.0,0.7106121022478595,0.0,0.0,-0.08662296931150057,-0.12561320434640574,0.0,0.0,0.391335516675842
0.15989474802569983,4.3306568732308985,0.0,0.0,0.0,-1.3513954655373794,-1.2436386091883012,0.0,0.0,0.3328510052169376
0.9429499423189902,0.0,1.149512058475987,0.0,2.740863092043355e-16,1.2716467798343207,0.8089350854960184,0.0,0.0,0.391335516675842
0.5280731445562444,0.0,1.0,0.0,0.0,0.6103813064317039,0.8089350854960184,1.075275807817614,1.4013322872298855,0.391335516675842
0.40999759910497424,0.0,0.0,0.0,0.0,-0.37348267634169646,-0.8610819189340483,0.9565747954222968,1.0,0.391335516675842
0.08475910742174313,0.0,1.0,0.0,0.0,0.21123140616968533,0.3657267131137707,1.0306204699037194,1.2182136440140021,0.3444961446312571
0.41734936816140217,0.0,0.7106121022478595,0.0,0.0,0.1420438269143029,0.11452748252207769,1.0614986787435996,1.0,0.2916107433305708
0.0794177299238782,0.0,0.7106121022478595,0.0,0.0,0.18566052587847945,0.9789536507197586,1.0089406844593778,1.2182136440140021,0.34925232872816475
0.9355463786338616,0.0,1.149512058475987,0.0,0.0,0.6801153541401854,0.31878118133730793,1.067146219916517,1.2182136440140021,0.32595708025699077
-0.22559687597723968,0.0,0.0,0.0,0.0,-0.8008686164877915,-0.7296649225245023,0.0,0.0,0.3238339616847277
-0.2960203315647981,0.0,0.7106121022478595,0.0,0.0,0.2724360790346963,0.41128985457575656,1.0587990437773054,1.2182136440140021,0.38871540160142065
-0.24883371965550632,0.0,1.0,0.0,0.0,0.25157938468335916,-0.516595772466355,0.0,0.0,0.38766698336103245
0.875000679234758,0.0,1.0,0.0,0.0,0.33929696040045176,0.41128985457575656,1.022831460331992,1.0,0.38583173881936406
-0.5179372852003244,0.0,0.0,0.0,0.0,-1.3513954655373794,-1.2436386091883012,0.0,0.0,0.38452044992118767
0.3205607948416469,4.330657253141467,0.0,0.0,0.0,0.5169958713193712,0.16837786189877654,1.0394896384476304,1.2182136440140021,0.38294646269569643
-0.5907005790810728,0.0,0.0,0.0,0.0,-1.0525103976331662,-1.022273554629209,0.8663642547672894,1.0,0.38294646269569643
0.3317056424101656,0.0,1.2380816024689916,0.0,0.0,0.9044903125027577,0.6216146055503267,0.8663642547672894,1.0,0.3792719532170718
-0.07902668897665911,0.0,1.0,0.0,0.0,0.5149736120187344,-0.34288385740687394,0.0,0.0,0.47294751521902445
0.19708653033815962,0.0,1.0,0.0,0.0,0.4647052215623974,0.05848678361057452,0.0,0.0,0.3755948151340254
-0.2003104355730397,0.0,0.0,0.0,0.0,-0.07930103901474633,-0.42601894595792045,1.0560115612601553,1.3444369791715767,0.37401809200529035
-0.7436726980365947,0.0,0.0,0.0,0.0,0.05819617909610467,0.16837786189877654,1.090876589664345,1.4140046247801077,0.3797970438772972
-0.271390253393731,0.0,0.0,0.0,0.0,-1.3160988271026641,-0.7296649225245023,0.0,0.0,0.372966673813213
0.023722903425446393,0.0,0.0,0.0,0.0,-0.2701812889004685,-0.42601894595792045,0.9271671564532873,1.2182136440140021,0.3713891418603607
-0.9705396926337503,0.0,0.0,0.0,0.0,-0.34323808328214933,0.05848678361057452,0.0,0.0,0.3698111237020052
0.5069021511687894,0.0,1.149512058475987,0.0,0.0,0.7565251881815716,0.11452748252207769,0.0,0.0,0.36823261865277435
-0.3772532951079225,0.0,0.0,0.0,0.0,-0.15673552667537866,0.16837786189877654,0.0,0.0,0.36796948709307
0.2024977059508136,0.0,1.149512058475987,0.0,0.0,0.8296949785746875,0.878778350041491,0.0,0.0,0.36612718668017524
-0.3347283453171915,0.0,1.2380816024689916,0.0,0.0,0.9946215878714965,0.4555743605292723,0.0,0.0,0.3648108507970711
-0.5687043129596774,0.0,0.0,3.8163916471489756e-17,0.0,0.15284668434146595,0.05848678361057452,0.0,0.0,0.3640208862686462
0.10989160681491478,0.0,0.0,0.0,0.0,-0.39280971116364305,-0.6167169445693365,1.071083660422793,1.3444369791715767,0.22435283226409186
-0.33264396693107123,0.0,0.0,0.0,0.0,-0.4962435671276746,-0.516595772466355,1.022831460331992,1.0,0.0484449843311395
0.47397240413683234,0.0,1.2380816024689916,0.0,0.0,0.9030879616397061,0.3657267131137707,1.0125842817931043,1.0,0.2717995922634676
0.3569878611721641,0.0,0.0,0.0,0.0,-0.09127032435189496,-0.7296649225245023,0.0,0.0,0.2988192557771702
-0.052487790817356064,0.0,0.0,0.0,0.0,-0.18870031030568585,0.0,0.0,0.0,0.3658639466550463
-1.6922140307937705,0.0,0.0,0.0,0.0,-1.3513954655373794,-1.2436386091883012,0.0,0.0,0.4577083937689411
0.8009081300788997,0.0,0.0,0.0,0.0,0.4948964840894328,-0.193584983678676,0.0,0.0,0.3621771597289571
-0.5074110275948148,0.0,0.0,0.0,0.0,-0.8995092591160481,-0.6167169445693365,0.0,0.0,0.36112330219330663
0.6211027268088771,0.0,0.7106121022478595,0.0,0.0,0.06568900225076998,-0.2657509156119179,0.0,0.0,0.36112330219330663
-0.4022154286553169,0.0,0.0,0.0,0.0,-0.4879956411652101,-0.6167169445693365,0.0,0.0,0.3598056735675099
-0.7415676252108024,0.0,1.149512058475987,0.0,0.0,0.855813789528151,0.22025285618736773,1.0629354125627655,1.3025175370208548,0.3582240688485573
-0.02130483417436282,0.0,1.149512058475987,0.0,0.0,0.6335434149213246,0.9789536507197586,1.0736033659228592,1.3685309911523162,0.3590149326606048
-0.047726144320380935,0.0,1.149512058475987,0.0,0.0,0.8181777813417674,0.7730013276593265,0.0,0.0,0.3553231819368869
-0.610229822706388,0.0,0.0,0.0,0.0,-0.4666110923155345,-0.8610819189340483,0.0,0.0,0.35505938280080596
0.5897964392374173,0.0,1.2380816024689916,0.0,0.0,0.9997954634025783,0.6606974057623132,0.988153482273682,1.0,0.2559462384059997
0.3085693305717858,0.0,0.0,0.0,0.0,-0.11368982455935188,-0.8610819189340483,0.0,0.0,0.19227474896802021
-0.4083973099117823,0.0,0.7106121022478595,0.0,0.0,-0.08758455638875012,0.05848678361057452,0.0,0.0,0.33099588083479714
0.22250951887420295,0.0,1.2380816024689916,0.0,0.0,0.9329807529970499,0.2703350774754977,0.0,0.0,0.2640137494508914
0.8527954461166376,0.0,0.0,0.0,0.0,0.13194168694300668,-0.8610819189340483,0.988153482273682,1.0,0.3307308070667148
-0.7795176434647533,0.0,0.0,0.0,0.0,-0.8673452578999283,-0.8610819189340483,0.9750538018491568,1.2182136440140021,0.3230375596906871
-2.1869917964490115,0.0,0.0,0.0,0.0,-0.5627380187757388,-1.022273554629209,0.0,0.0,0.3049515423659874
-0.10591466733838696,0.0,0.0,0.0,0.0,0.06577494091957264,0.05848678361057452,1.0778175216248964,1.4067157636187435,0.2801086328103902
0.8997482087044477,0.0,1.2380816024689916,0.0,0.0,1.0397166962337705,0.22025285618736773,0.0,0.0,0.28572931566457316
-1.6176656748097173,0.0,0.0,0.0,0.0,-0.3611691579503857,-0.06124106303535339,0.0,0.0,0.2640137494508914
1.0243398301754838,0.0,1.149512058475987,0.0,0.0,0.8158727731637369,0.05848678361057452,1.022831460331992,1.0,0.24732599310716458
0.8065805409009649,0.0,0.0,0.0,0.0,-1.3513954655373794,-1.2436386091883012,0.0,0.0,0.24085064122061892
0.4265656918454413,0.0,0.0,0.0,0.0,-0.32104202253892156,0.05848678361057452,0.0,0.0,0.26938463201203056
0.6679203287263702,4.330656747736993,0.0,0.0,0.0,0.10297128893940366,0.41128985457575656,1.0768506549437087,1.4229121222943437,0.24139058829668178
0.6139738884842563,0.0,0.0,0.0,0.0,-0.1657610199821456,-0.516595772466355,1.069313299390919,1.3444369791715767,0.26723699243118704
2.2488105259253657,0.0,1.0,0.0,2.740863092043355e-16,0.7962284122921598,1.1353788601052053,1.0730034399359627,1.394034397226019,0.25836790620182576
-0.3725273837388408,0.0,0.0,0.0,0.0,-1.3513954655373794,-1.2436386091883012,0.0,0.0,0.273677066034413
0.004422121165832706,4.330657209256604,0.0,0.0,0.0,-0.24773596849262608,0.0,1.0837484482849882,1.4165481093681518,-0.04757352862708834
-0.581546592171675,0.0,0.7106121022478595,0.0,0.0,-0.07694622427403139,0.05848678361057452,0.0,0.0,0.24327992361980966
0.747117824035424,0.0,0.0,0.0,0.0,0.06145896729951087,-0.7296649225245023,0.0,0.0,0.2942817934778195
-0.8737001959230231,0.0,0.0,0.0,0.0,-0.13681615159774993,-0.42601894595792045,1.0422965521627436,1.3025175370208548,0.12578390922952334
0.5255948679531995,0.0,1.2380816024689916,0.0,0.0,0.9521645744467511,0.6216146055503267,1.0419259054467114,1.394034397226019,0.17861567478629461
-0.276186855059966,0.0,0.7106121022478595,0.0,0.0,-0.01949320804526974,0.0,0.0,0.0,0.14291133767637335
0.26505577476201453,0.0,0.0,0.0,0.0,-0.5336658061251055,0.05848678361057452,0.0,0.0,0.24921299220690876
-1.0469108322655523,0.0,0.0,0.0,0.0,-1.3513954655373794,-1.2436386091883012,0.0,0.0,0.26965302019255494
0.3321592106450206,0.0,1.149512058475987,0.0,0.0,0.7362397337290839,0.41128985457575656,0.0,0.0,0.23301454463266028
-0.19125507216946175,0.0,0.0,0.0,0.0,-0.2682987425518662,-0.06124106303535339,0.0,0.0,0.005979479604844569
-0.5089474102076269,0.0,0.0,0.0,0.0,-1.3513954655373794,-1.2436386091883012,0.0,0.0,0.24867392523466164
-0.031124997294949424,0.0,1.149512058475987,0.0,0.0,0.5471801167542901,0.16837786189877654,1.022831460331992,1.0,0.271263038088987
1.3822926974627288,4.330656905792317,1.2380816024689916,0.0,0.0,1.0835300453335837,0.8441827789462959,1.08123225311969,1.4140046247801077,0.15942487282548687
1.1082157357132618,0.0,1.149512058475987,0.0,0.0,0.6054520236270018,0.3657267131137707,0.0,0.0,0.19391114467696743
0.3599508502136082,0.0,0.7106121022478595,0.0,0.0,0.423534552256701,-0.2657509156119179,0.0,0.0,0.3526845734710723
1.1576784201349541,0.0,1.0,0.0,0.0,0.505084660715602,0.2703350774754977,0.0,0.0,0.31453468563087045
-0.394745187793399,0.0,0.0,0.0,0.0,-1.3513954655373794,-1.2436386091883012,0.0,0.0,0.290541916817394
0.43600491597146723,4.330657153270268,0.0,0.0,0.0,0.1687513847602189,0.05848678361057452,1.0733177380992,1.2182136440140021,0.26884781116207424
0.47353507932729844,0.0,1.0,0.0,0.0,0.39618976775015136,0.05848678361057452,0.0,0.0,0.2969513948798346
0.8743123847630798,0.0,1.2380816024689916,0.0,0.0,1.116442919562438,1.0742563978161945,1.06569346051118,1.41081075138084,0.24921299220690876
-1.2185196118303125,0.0,0.0,0.0,0.0,-0.2136753377677934,-0.193584983678676,0.0,0.0,0.3065500195377322
-0.3194982030617921,0.0,0.0,0.0,0.0,-1.3513954655373794,-1.2436386091883012,0.0,0.0,0.3009530884190843
-0.40180533335257873,0.0,0.0,0.0,0.0,-0.8673452578999283,-0.7296649225245023,0.0,0.0,0.3524206371407992
0.249340178972584,0.0,1.149512058475987,0.0,0.0,0.8554556771516558,0.05848678361057452,0.0,0.0,0.3524206371407992
-0.3420978509087328,0.0,0.7106121022478595,0.0,0.0,-0.03136019010410385,-0.12561320434640574,0.0,0.0,0.32409940081473365
0.21414094735962944,0.0,1.149512058475987,0.0,0.0,0.7979313411078864,0.22025285618736773,0.0,0.0,0.061383476842534646
-0.8356466519580142,0.0,0.0,0.0,0.0,-0.30943552233959903,-0.7296649225245023,0.0,0.0,0.2675054993437325
-0.2172688694806042,0.0,0.7106121022478595,0.0,0.0,0.09056061770954639,0.16837786189877654,0.0,0.0,0.24840436906798916
-0.6942983799284268,0.0,0.0,0.0,0.0,-0.18420460737220118,0.5816230273987638,0.0,0.0,0.12439982189517314
-0.8201547277362374,0.0,0.0,0.0,0.0,-0.9688021386147351,-1.022273554629209,0.9263844087406272,1.0,0.265088401913167
-0.8098039012444664,0.0,0.0,0.0,0.0,-0.8673452578999283,-1.022273554629209,0.0,0.0,0.23220317882722008
-1.4724383104125507,0.0,0.0,0.0,0.0,-1.3513954655373794,-1.2436386091883012,0.0,0.0,0.27662592034640504
-0.037470571382763856,0.0,0.0,0.0,0.0,-1.3513954655373794,-1.2436386091883012,0.0,0.0,0.2819829114051823
-1.0811825931794865,0.0,0.0,0.0,0.0,-0.08125338761981055,-0.6167169445693365,0.0,0.0,0.23328496919690886
0.21000009494763291,0.0,0.0,0.0,0.0,-0.2563748252899571,-0.34288385740687394,0.0,0.0,0.14180829970663275
0.7470483536930633,4.330657300880698,1.149512058475987,0.0,0.0,0.7999330159963455,0.22025285618736773,0.8663642547672894,1.0,0.2918779136412743
0.7370518042052888,0.0,0.0,0.0,0.0,-0.34927118551515574,-0.8610819189340483,1.006052142399291,1.0,0.2950828258533405
1.043524014723922,0.0,1.0,0.0,0.0,0.4204003425531889,0.41128985457575656,0.0,0.0,0.32569173972002546
-0.06816816139590705,0.0,0.0,0.0,0.0,-0.6635769177752666,-0.516595772466355,0.0,0.0,0.299619551119633
0.3436400956590464,0.0,1.0,0.0,0.0,0.22367002031686245,0.31878118133730793,0.0,0.0,0.2637450490858041
0.24395782871283048,4.330655285737183,0.0,0.0,0.0,-0.1392546002083886,-0.2657509156119179,1.0726467297989328,1.3837532157583627,0.26911622900311816
-0.16218714271760504,4.330656553681684,0.0,0.0,0.0,-0.11050489997474243,-0.516595772466355,0.0,0.0,0.20371749859480173
-0.007648723856629083,0.0,1.0,0.0,0.0,0.4487557580250629,0.11452748252207769,0.9271671564532873,1.0,0.26911622900311816
-0.06710382917200905,0.0,0.0,0.0,0.0,-0.36727189643767366,-0.193584983678676,1.049929575826221,1.3685309911523162,0.3017530379924051
-1.10951073377805,0.0,0.0,0.0,0.0,-0.3581569760423467,-0.193584983678676,0.0,0.0,0.2728725231049844
1.1953603738128675,0.0,0.7106121022478595,0.0,0.0,0.5061702544129648,0.11452748252207769,1.022831460331992,1.0,0.22976825146375182
0.0446583306019509,0.0,0.0,0.0,0.0,-0.07812204198799648,-0.12561320434640574,1.0419259054467114,1.3025175370208548,0.27501767559194107
0.656232064402673,0.0,1.0,0.0,0.0,0.21373013573648775,0.11452748252207769,0.0,0.0,0.30361908359928447
0.601241887014022,0.0,0.0,0.0,0.0,-0.6257406946473614,-0.6167169445693365,1.0368224148220306,1.2182136440140021,0.22976825146375182
-0.04713889437433122,0.0,1.0,0.0,0.0,0.3369107316560408,0.11452748252207769,0.0,0.0,0.32569173972002546
0.5103878486838012,0.0,1.149512058475987,0.0,0.0,0.6528354393195851,0.16837786189877654,0.0,0.0,0.2998862873971666
-0.3220889533102461,0.0,1.2380816024689916,0.0,0.0,0.8905136230068517,0.2703350774754977,0.0,0.0,0.2715313225754768
0.42563940723360816,0.0,0.7106121022478595,0.0,0.0,0.5047414385245369,-0.42601894595792045,0.0,0.0,0.322506554490405
0.5424699728190424,0.0,0.7106121022478595,0.0,0.0,0.12262529414135355,-0.7296649225245023,0.0,0.0,0.31559833882847066
0.8788895712817353,0.0,0.7106121022478595,0.0,0.0,0.2767959485969104,0.2703350774754977,0.9271671564532873,1.0,0.3009530884190843
0.1655111996179636,0.0,0.0,0.0,0.0,-0.21851710883028516,-0.42601894595792045,1.022831460331992,1.0,0.31745918515915056
-0.3515901293229683,0.0,1.149512058475987,0.0,0.0,0.6851281677224188,0.3657267131137707,0.0,0.0,0.2586369054341207
0.04837699242388936,4.330656905792317,0.0,0.0,0.0,-1.3513954655373794,-1.2436386091883012,0.0,0.0,0.26804246860868985
-0.9612615158419917,0.0,0.0,0.0,0.0,-1.3513954655373794,-1.2436386091883012,0.0,0.0,0.2637450490858041
0.02751842428222511,0.0,0.0,0.0,0.0,-0.5627380187757388,-1.022273554629209,0.0,0.0,0.3110762403820422
-0.5679763692705359,0.0,1.0,0.0,0.0,0.47894645739883945,0.2703350774754977,0.0,0.0,0.3065500195377322
-2.2454591991038595,0.0,0.0,0.0,0.0,-0.8673452578999283,-1.022273554629209,0.9750538018491568,1.0,0.3182564779464348
1.0704420453219385,0.0,1.2380816024689916,0.0,0.0,1.2704586484427385,1.1353788601052053,1.0773405256346573,1.4067157636187435,0.3044186019191994
0.1457326309060362,0.0,0.7106121022478595,0.0,0.0,0.08016525141100947,0.2703350774754977,0.0,0.0,0.19363845193944215
-0.5910777433413239,0.0,0.0,0.0,0.0,-0.7116791819903217,-0.7296649225245023,0.0,0.0,0.28974014429752704
0.17067048207092386,0.0,0.0,0.0,0.0,-0.33213687257001856,-0.7296649225245023,1.049929575826221,1.2182136440140021,0.16546490469931893
-1.7630606091534862,0.0,0.0,0.0,0.0,-1.3513954655373794,-1.2436386091883012,0.0,0.0,0.18763516966715527
0.03282227858914963,0.0,0.0,0.0,0.0,-0.540935219026,-0.7296649225245023,1.0531584011826194,1.3025175370208548,0.2940147537158871
-0.4088373753396041,0.0,1.0,0.0,0.0,0.15255871835028892,0.16837786189877654,0.0,0.0,0.16738506651069388
-0.5439314491348162,0.0,0.0,0.0,0.0,-1.3513954655373794,-1.2436386091883012,0.0,0.0,0.26965302019255494
0.4565741041804683,0.0,1.149512058475987,0.0,0.0,0.6281165149353822,0.31878118133730793,0.0,0.0,0.3518927232649111
-0.18558124508565543,0.0,0.0,0.0,0.0,-0.31460766306425303,-0.12561320434640574,0.0,0.0,0.3516287457127601
-0.5398680778926984,0.0,0.0,0.0,0.0,-0.45844167095356486,-0.7296649225245023,1.0515961795290998,1.2182136440140021,0.3513647544134449
-1.0688414194089229,0.0,0.0,0.0,0.0,-1.3513954655373794,-1.2436386091883012,0.0,0.0,0.3571693924291044
-0.5213717771605696,0.0,0.0,0.0,0.0,0.35286101963985894,-0.34288385740687394,0.0,0.0,0.34819578535070683
-1.7630606091534862,0.0,0.0,0.0,0.0,-1.3513954655373794,-1.2436386091883012,0.0,0.0,0.34819578535070683
0.5012886744572783,0.0,1.149512058475987,0.0,0.0,0.8455929027955091,0.2703350774754977,1.049929575826221,1.2182136440140021,0.3476674309363252
0.5099386454988142,0.0,1.2380816024689916,0.0,0.0,0.9878166720924948,0.5406638713926494,1.006052142399291,1.0,0.345817755727066
-0.19788811384662539,0.0,1.0,0.0,0.0,0.4120110671073891,0.2703350774754977,0.0,0.0,0.34423178091738266
0.1786667987962384,0.0,0.0,0.0,0.0,-0.32441145079940753,0.05848678361057452,0.0,0.0,0.34370301196845726
0.28078915279705696,0.0,1.149512058475987,0.0,0.0,0.8132274448075558,0.22025285618736773,0.9750538018491568,1.0,0.33338091485775934
-0.5041694999611515,0.0,0.0,3.8163916471489756e-17,0.0,0.02767986310481764,0.22025285618736773,0.0,0.0,0.33311596702712554
1.4806933722182771,4.330657259765598,1.2380816024689916,0.0,0.0,1.156568367164622,0.5816230273987638,0.0,0.0,0.3423808472346911
-0.6297660676650276,0.0,1.149512058475987,0.0,0.0,0.8740611887387681,0.22025285618736773,0.0,0.0,0.3797970438772972
0.007298280810394243,0.0,0.0,0.0,0.0,0.3406884483837645,-0.6167169445693365,0.9271671564532873,1.0,0.33973547766464995
-1.5456020628446774,0.0,0.0,0.0,0.0,-0.5988379990205733,-0.6167169445693365,1.006052142399291,1.3025175370208548,0.33814758913910326
0.8930023177438148,0.0,0.7106121022478595,0.0,0.0,-0.08261931387565032,0.05848678361057452,0.0,0.0,0.3368239660474996
0.08290492577769855,0.0,0.0,3.8163916471489756e-17,0.0,0.2181535764162826,0.49867188906910564,1.0763472940434367,1.394034397226019,0.3365591996450139
-0.7369448178697289,0.0,0.0,0.0,0.0,-0.7176339400963846,-0.6167169445693365,0.0,0.0,0.3352351585274907
-0.6232340726302393,0.0,0.0,0.0,0.0,-0.14797249113643662,0.7363445937263972,0.0,0.0,0.334970308459485
-0.780124330153397,0.0,0.0,0.0,0.0,-0.3052666337569913,0.16837786189877654,0.0,0.0,0.33444056645210923
-0.08508638242266749,0.0,0.0,0.0,0.0,-0.9674664273370567,-1.022273554629209,0.0,0.0,0.3410583359385564
1.1280856716704761,0.0,1.2380816024689916,0.0,0.0,0.9367216767560449,0.11452748252207769,0.0,0.0,0.33099588083479714
-0.2997346703621522,0.0,1.0,0.0,0.0,0.48965915475906335,0.22025285618736773,0.0,0.0,0.3296703718611327
-0.18045389129670217,0.0,0.0,0.0,0.0,-0.540935219026,-0.42601894595792045,0.0,0.0,0.32914007013098395
1.5686466925409461,0.0,1.2380816024689916,0.0,0.0,0.9867326125157975,0.7730013276593265,1.042204358757102,1.4013322872298855,0.3272835719439352
-1.0553342270504442,0.0,0.0,0.0,0.0,-1.3513954655373794,-1.2436386091883012,0.0,0.0,0.32675301745510776
-0.2025110690725981,0.0,1.0,0.0,0.0,0.1758850227440161,-0.06124106303535339,0.0,0.0,0.32595708025699077
-0.23444605269658192,0.0,1.0,0.0,0.0,0.29002897791724824,0.05848678361057452,0.0,0.0,0.32489563364861096
1.169650177197105,0.0,1.149512058475987,0.0,0.0,0.6313345021197183,0.4555743605292723,0.0,0.0,0.3238339616847277
0.009562630820236657,0.0,0.0,0.0,0.0,-0.09750456070191116,0.22025285618736773,0.0,0.0,0.32197549282807136
-0.41374956128363577,0.0,0.0,0.0,0.0,-0.12013214308482419,-0.8610819189340483,0.0,0.0,0.3203819687942548
0.6248049622972607,0.0,0.0,0.0,0.0,-0.25221116312748526,-0.193584983678676,1.083411375551137,1.4067157636187435,0.31958501589342186
-0.3236618280386374,0.0,1.149512058475987,0.0,0.0,0.7557247682641005,0.3657267131137707,1.0269662977944063,1.2182136440140021,0.31958501589342186
0.386285316354045,0.0,1.149512058475987,0.0,0.0,0.6916112467172734,0.3657267131137707,0.9271671564532873,1.2182136440140021,0.317990727859168
-0.3846547710337752,4.330656905792317,1.149512058475987,0.0,0.0,0.45701125345327687,0.2703350774754977,0.9271671564532873,1.0,0.316661764743574
-0.3188180566625788,0.0,1.0,0.0,0.0,0.1702834831993065,0.05848678361057452,0.0,0.0,0.31586421660631364
-0.7257535665040518,0.0,0.0,0.0,0.0,-1.3513954655373794,-1.2436386091883012,0.0,0.0,0.31453468563087045
0.9907507577187894,0.0,0.0,0.0,0.0,-0.35528922982002537,-0.193584983678676,0.0,0.0,0.312938779193845
-0.8799236546244589,0.0,1.2380816024689916,0.0,0.0,1.1233488522411659,0.16837786189877654,0.0,0.0,0.31214063378362045
-0.8609685323828514,0.0,0.0,0.0,0.0,-0.44315624759143746,-0.193584983678676,0.0,0.0,0.3105439581093209
0.8361501133035809,0.0,1.149512058475987,0.0,0.0,0.7060610568989805,0.16837786189877654,0.0,0.0,0.3089467686678798
0.7568362522015916,0.0,1.2380816024689916,0.0,0.0,0.9881994566254163,0.16837786189877654,0.988153482273682,1.0,0.3073490647031588
-0.5858518479485968,4.330657294415908,1.149512058475987,0.0,0.0,0.7076859354389071,0.05848678361057452,0.0,0.0,0.30628364250611095
-0.3165106088048227,0.0,0.0,0.0,0.0,-0.37662997428474326,-0.34288385740687394,1.022831460331992,1.0,0.30468507931688776
-0.13505901093441333,0.0,0.0,0.0,0.0,-0.010451077230087666,0.4555743605292723,1.0629354125627655,1.394034397226019,0.3044186019191994
-0.1757876696647647,0.0,1.149512058475987,0.0,0.0,0.586364423128326,0.6989246298564699,0.0,0.0,0.35611449714906923
0.9542242277935562,0.0,1.149512058475987,0.0,0.0,0.7115309737951372,0.5816230273987638,1.0125842817931043,1.2182136440140021,0.3009530884190843
0.3043561154001584,4.330657188617976,1.149512058475987,0.0,0.0,0.7088500805190975,0.11452748252207769,1.022831460331992,1.0,0.29801883059510104
-0.5067493987978207,0.0,0.0,0.0,0.0,-1.3513954655373794,-1.2436386091883012,0.0,0.0,0.2969513948798346
0.7947826834444874,0.0,1.2380816024689916,0.0,0.0,1.2317097657033254,0.41128985457575656,0.0,0.0,0.2958837279387893
-0.2908667799577041,0.0,0.0,0.0,0.0,-0.9674664273370567,-1.022273554629209,0.0,0.0,0.23030945411229475
-0.39573471528860227,0.0,1.0,0.0,0.0,0.28089564867159483,-0.06124106303535339,0.9750538018491568,1.0,-0.4566268377837009
0.19607826575153722,4.330657195038436,1.149512058475987,0.0,0.0,0.8509865097578501,0.3657267131137707,1.022831460331992,1.2182136440140021,0.07232280916233058
-0.2263895336721532,0.0,0.0,0.0,0.0,-0.10333091381142379,0.3657267131137707,0.0,0.0,0.20725364246388314
0.47330439765994814,0.0,1.0,0.0,0.0,0.29920231314223356,0.05848678361057452,1.00503661544306,1.0,0.15777620781274837
1.8244098907930197,4.330655285737183,0.0,0.0,0.0,-0.2261034492420216,0.0,1.084719994083769,1.4140046247801077,0.2624013235743575
0.2400135243918285,0.0,1.149512058475987,0.0,0.0,0.6586431394807035,0.3657267131137707,0.8663642547672894,1.0,0.2200160408403445
-0.4245585849595515,0.0,1.149512058475987,0.0,0.0,0.7992058015677332,0.31878118133730793,0.0,0.0,0.1731407467074211
0.0223878053327007,0.0,0.0,0.0,0.0,-0.7827296072725455,-0.8610819189340483,1.0035361251243116,1.2182136440140021,-0.14356590028823307
-0.3820126710017321,0.0,0.0,0.0,0.0,-0.4147007671244653,-0.6167169445693365,0.0,0.0,0.29534980768705044
0.696342823007478,0.0,0.0,0.0,0.0,-0.04797973229328135,0.6989246298564699,1.0862196719082846,1.4288581958896645,0.11275656302167913
0.11165643731057945,0.0,0.0,0.0,0.0,-0.16568860337489016,0.11452748252207769,0.0,0.0,0.24435920932870006
-0.16778599679193995,0.0,0.0,0.0,0.0,-0.7278888609680588,-0.7296649225245023,1.0180943570563883,1.3025175370208548,0.2637450490858041
0.9607076317989518,0.0,1.2380816024689916,0.0,0.0,1.0287466060524197,0.41128985457575656,1.0882564793698812,1.3444369791715767,0.2527154553025127
-0.4815161999839582,0.0,0.0,0.0,0.0,-0.1937894977859246,0.31878118133730793,0.0,0.0,0.29534980768705044
0.23309267688892107,0.0,1.149512058475987,0.0,0.0,0.734735870957417,0.11452748252207769,1.006052142399291,1.0,0.2924122107068203
1.0614143386868555,0.0,0.0,0.0,0.0,-0.2308458711554957,0.0,0.0,0.0,0.29134355849643934
0.18919866931748325,0.0,0.0,0.0,0.0,-0.4666110923155345,-0.7296649225245023,1.0629354125627655,1.3025175370208548,0.29027467385345884
0.9186405258381528,0.0,1.2380816024689916,0.0,0.0,0.9650902400069278,0.4555743605292723,0.0,0.0,0.28974014429752704
0.2850076287851832,4.330657251212871,0.0,0.0,0.0,-0.2389381006452756,-0.516595772466355,1.0481458543966122,1.3444369791715767,0.28974014429752704
0.3358726635027984,0.0,0.0,0.0,0.0,-0.3798059899413203,-0.12561320434640574,0.0,0.0,0.287601443835495
-0.14595009285131097,0.0,0.0,0.0,0.0,-0.8008686164877915,-0.7296649225245023,0.0,0.0,0.2846592069487034
0.5210749901646374,0.0,1.0,0.0,0.0,0.16278814367521166,0.22025285618736773,0.0,0.0,0.2827859537719918
0.13575328260510494,0.0,0.0,0.0,0.0,0.003938190667986244,-0.516595772466355,1.0962442084109165,1.3444369791715767,0.28251828763126463
-1.2809092049858222,0.0,0.0,0.0,0.0,-1.3513954655373794,-1.2436386091883012,0.0,0.0,0.2809119830718964
-0.23286333551472357,0.0,0.7106121022478595,0.0,0.0,-0.07140391063131794,-0.6167169445693365,0.0,0.0,0.29134355849643934
-0.2555199992160882,0.0,1.0,0.0,0.0,0.22423414888844437,0.05848678361057452,0.998116281742044,1.0,0.2793051504287861
0.6867807178817147,0.0,1.2380816024689916,0.0,0.0,0.8793635908087061,0.3657267131137707,0.0,0.0,0.27850153582775583
-0.33352325917775955,0.0,0.7106121022478595,0.0,0.0,0.001727112062953429,0.11452748252207769,0.0,0.0,0.2867991907297562
0.851605898664732,0.0,1.149512058475987,0.0,0.0,0.7774145298621765,0.31878118133730793,0.0,0.0,0.2790372935910656
1.0475906150344296,0.0,1.149512058475987,0.0,0.0,0.7069781414117683,1.0742563978161945,1.0681963516467783,1.3837532157583627,0.2747495831955909
-1.4073256385805142,0.0,0.0,0.0,0.0,-0.9369838393770169,-1.022273554629209,0.0,0.0,0.273677066034413
0.08669920890064003,0.0,1.149512058475987,0.0,0.0,0.6608356942313053,0.11452748252207769,0.0,0.0,0.2731407188563738
-0.3273001431207426,0.0,1.0,0.0,0.0,0.2277307378206507,-0.193584983678676,0.0,0.0,0.2728725231049844
0.4870495217108739,0.0,0.7106121022478595,0.0,0.0,0.08506072144869868,-0.06124106303535339,0.0,0.0,0.2717995922634676
0.05094074451505979,0.0,0.7106121022478595,0.0,0.0,0.12273996891795597,0.31878118133730793,0.0,0.0,0.2717995922634676
1.4651888276582208,0.0,0.0,0.0,0.0,0.2127064633401993,-0.193584983678676,1.0880237223785418,1.3444369791715767,0.2715313225754768
-2.5695346982579914,0.0,0.0,0.0,0.0,-1.0525103976331662,-1.022273554629209,0.8663642547672894,1.0,0.26992139354843364
0.5443804697045764,0.0,1.2380816024689916,0.0,0.0,1.002950552557447,0.7730013276593265,0.0,0.0,0.2752857532381333
0.7418458115985574,0.0,1.2380816024689916,0.0,0.0,1.0173200128739346,0.4555743605292723,0.988153482273682,1.0,0.2675054993437325
0.809738072782249,0.0,1.149512058475987,0.0,0.0,0.8329495800426273,0.16837786189877654,0.0,0.0,0.21214545322877973
-0.7777477899403606,0.0,0.0,0.0,0.0,-1.3513954655373794,-1.2436386091883012,0.0,0.0,0.23030945411229475
0.1824176438042174,0.0,0.0,0.0,0.0,-0.7591490285750823,-0.7296649225245023,0.0,0.0,0.2465170521690126
-0.15313696846227268,0.0,0.0,0.0,0.0,-0.32115022849759056,0.11452748252207769,0.0,0.0,0.14235985225202022
0.1339337294448255,0.0,0.0,0.0,0.0,0.17409369163684837,-0.12561320434640574,0.0,0.0,0.24840436906798916
-0.8234114103814043,0.0,0.0,0.0,0.0,-1.3513954655373794,-1.2436386091883012,0.0,0.0,0.23950050685266264
-0.5401846023669712,0.0,0.7106121022478595,0.0,0.0,0.1350833385258738,0.16837786189877654,0.0,0.0,0.21893122192806774
0.04570904378478607,0.0,1.149512058475987,0.0,0.0,0.6609994675362805,0.41128985457575656,1.0531584011826194,1.2182136440140021,0.21133050446928078
0.6835389207320961,0.0,1.149512058475987,0.0,0.0,0.7877120757110662,0.22025285618736773,1.022831460331992,1.0,0.21431796111751672
-0.22708384508962862,0.0,0.0,0.0,0.0,-1.3513954655373794,-1.2436386091883012,0.0,0.0,0.22272700070410523
0.9328295415188046,0.0,1.0,0.0,0.0,0.44655292200639185,0.11452748252207769,0.0,0.0,-0.020853042779314986
-0.6617655984705264,0.0,0.0,0.0,0.0,-1.3513954655373794,-1.2436386091883012,0.0,0.0,0.2151323935916423
-0.10581421403597631,0.0,0.0,0.0,0.0,-0.07460404855461504,-0.42601894595792045,0.0,0.0,0.1412566800028716
1.048511839257752,4.33065729830926,0.0,0.0,0.0,0.5574890288915887,-0.06124106303535339,1.0629354125627655,1.3025175370208548,0.24327992361980966
0.6981497995552322,0.0,1.2380816024689916,0.0,0.0,0.9065991952003234,0.16837786189877654,1.006052142399291,1.0,0.20698172593007988
-0.12622234690977027,0.0,0.0,0.0,0.0,-0.1937894977859246,-0.06124106303535339,0.0,0.0,0.23517751169576623
1.1221419522756215,0.0,1.2380816024689916,0.0,0.0,0.9311988781573763,0.8441827789462959,1.022831460331992,1.0,0.09384073440814804
-0.2069330366848727,0.0,0.0,0.0,0.0,-1.3513954655373794,-1.2436386091883012,0.0,0.0,0.24921299220690876
0.899924163180731,0.0,1.149512058475987,0.0,0.0,0.8121093665309769,0.31878118133730793,0.0,0.0,0.10553356729999129
-0.34270777732434615,0.0,0.0,0.0,0.0,-0.3463579279866599,0.0,0.0,0.0,0.004271930584864222
0.09380931251294074,0.0,1.149512058475987,0.0,0.0,0.7980892583984883,0.6989246298564699,1.0769496880100204,1.3444369791715767,0.19690971353286962
-0.012010833771109345,4.3306568260159555,0.0,0.0,0.0,-0.1861034639724407,-0.42601894595792045,1.0648370576179522,1.3685309911523162,0.17204498116871297
0.20304232789799037,0.0,0.0,0.0,0.0,-0.32991274256345127,-0.34288385740687394,0.0,0.0,0.175879022139343
0.6292864142951526,0.0,1.2380816024689916,0.0,0.0,1.000135453271959,0.3657267131137707,1.022831460331992,1.0,0.26535702779808396
-0.21033563906250724,0.0,0.0,0.0,0.0,-1.3513954655373794,-1.2436386091883012,0.0,0.0,0.2640137494508914
1.2386304612172767,4.330657246679007,1.149512058475987,0.0,0.0,1.0002548727729572,0.49867188906910564,1.006052142399291,1.0,0.2624013235743575
1.3233811127131407,0.0,0.0,0.0,0.0,0.055789181464039134,0.8089350854960184,1.09699173032409,1.4294229069220834,0.26159490918247447
-0.428921312282614,0.0,0.0,0.0,0.0,0.2908592650195192,-0.6167169445693365,0.0,0.0,0.2599816769798938
0.6084017717332566,0.0,0.0,0.0,0.0,-0.5382145909517446,-0.34288385740687394,0.0,0.0,0.2599816769798938
0.2753932691013962,0.0,0.0,0.0,0.0,-0.4276680827230703,-0.6167169445693365,1.0394896384476304,1.3025175370208548,0.25836790620182576
-0.8646777868013634,0.0,0.0,0.0,0.0,-0.4526847736161137,-0.193584983678676,0.0,0.0,0.23220317882722008
-0.5692011167652233,0.0,1.0,0.0,0.0,0.35986429946208315,0.16837786189877654,0.0,0.0,0.13103955552307275
-0.809313180673373,0.0,0.0,0.0,0.0,-0.6824506364388458,-0.2657509156119179,0.0,0.0,0.15530209471160994
0.07923512242832817,0.0,1.2380816024689916,0.0,0.0,1.067278388415321,0.31878118133730793,1.0515961795290998,1.3025175370208548,0.23003886048470135
0.7962522252191319,0.0,0.0,0.0,0.0,-0.5742767490190575,-0.42601894595792045,0.9750538018491568,1.3025175370208548,0.1646417323523654
0.3254431129448353,4.330656905792317,0.0,0.0,0.0,0.12247235311724529,-1.022273554629209,0.0,0.0,0.2015400842577242
-0.43395810616594843,0.0,0.0,0.0,0.0,-0.3868973395532678,-0.6167169445693365,0.0,0.0,0.15310175684883487
0.6903625299672855,4.330657141715592,0.0,0.0,0.0,0.0939362857803043,0.41128985457575656,1.058558970906916,1.3837532157583627,0.15695165231259478
0.1448590333850988,4.330657209256604,1.0,0.0,0.0,0.6767957872554481,0.11452748252207769,0.0,0.0,0.2091566178235625
-0.09966294867957813,0.0,0.0,0.0,0.0,-0.4465608616397132,-0.42601894595792045,0.0,0.0,0.18162412361350014
1.890680217870738,0.0,1.149512058475987,0.0,0.0,0.8850246431991057,0.31878118133730793,1.0180943570563883,1.0,0.18790821421668977
0.07738047563035517,0.0,0.0,0.0,0.0,0.38163969624618216,0.0,0.998116281742044,1.3025175370208548,0.1610729440035123
1.6541700923316673,0.0,1.0,0.0,0.0,0.5569811236411195,0.41128985457575656,1.0648370576179522,1.394034397226019,0.2246237499949501
0.47786641317402556,0.0,0.7106121022478595,0.0,0.0,0.11820926898420843,0.16837786189877654,0.9271671564532873,1.0,0.22408189905545525
0.04194974464201359,0.0,0.0,0.0,0.0,-0.36813480179117536,-0.06124106303535339,0.0,0.0,0.09105215590766995
-1.528140780719837,0.0,0.0,0.0,0.0,-0.5265673842483647,-0.8610819189340483,0.0,0.0,0.14539219246244325
0.04134651064543256,0.0,0.0,0.0,0.0,-0.16568860337489016,0.6989246298564699,0.0,0.0,0.13186883344653758
-0.19594862305927566,0.0,0.0,0.0,0.0,-0.3611691579503857,0.05848678361057452,0.0,0.0,0.11996786859213529
-0.4982981601772797,0.0,0.0,0.0,0.0,-1.3513954655373794,-1.2436386091883012,0.0,0.0,0.1808038314457293
-1.1569349563931506,0.0,0.0,0.0,0.0,-0.6718344272042854,-0.8610819189340483,0.0,0.0,0.23030945411229475
0.7242423756783088,4.330657189724927,0.0,0.0,0.0,0.17897064085123313,-0.2657509156119179,1.0368224148220306,1.2182136440140021,0.20888481135491174
0.28487739043527116,0.0,1.0,0.0,0.0,0.34167304668296,0.0,0.0,0.0,0.21648946877871425
-0.34879002948565835,0.0,0.0,0.0,0.0,-0.6927936682722089,-0.7296649225245023,0.0,0.0,0.22353998618868196
0.685626970179789,4.330657249012649,0.0,0.0,0.0,-0.15851063820028097,-0.12561320434640574,0.9271671564532873,1.0,0.1260606754840237
-1.3825082701741835,0.0,0.0,0.0,0.0,0.039271040743975485,-0.7296649225245023,0.0,0.0,0.1379455493588331
0.31959228718518373,0.0,0.0,0.0,0.0,-0.1937894977859246,-0.6167169445693365,1.049929575826221,1.2182136440140021,0.22028720670159457
0.33353725156627023,0.0,1.149512058475987,0.0,0.0,0.6436664173010695,0.05848678361057452,1.022831460331992,1.0,0.05773088242341007
0.7343367573916204,0.0,0.0,0.0,0.0,-0.06524434428908578,0.05848678361057452,1.0826590374012182,1.4140046247801077,0.18463061998189306
-0.0540143169813129,0.0,1.0,0.0,0.0,0.3297417245061955,0.31878118133730793,1.0751782345929854,1.2182136440140021,0.21893122192806774
-0.9653017918953907,0.0,0.0,0.0,0.0,-1.3513954655373794,-1.2436386091883012,0.0,0.0,0.0022789073636437294
-1.1515503284539843,0.0,1.0,0.0,0.0,0.4849674675739126,0.22025285618736773,1.022831460331992,1.0,0.2567535960258369
0.35108465227730073,0.0,1.0,0.0,0.0,0.5194770910917276,0.11452748252207769,1.049929575826221,1.2182136440140021,0.2559462384059997
0.8938784077435971,0.0,1.2380816024689916,0.0,0.0,0.9278651322016854,0.5816230273987638,0.0,0.0,0.2543311175861667
0.66019033348022,0.0,1.149512058475987,0.0,0.0,0.6613864050826085,0.16837786189877654,0.0,0.0,0.2527154553025127
-0.3498090648346586,0.0,0.0,3.8163916471489756e-17,0.0,0.006723727852940538,0.22025285618736773,1.0269662977944063,1.3025175370208548,0.25109925072472794
0.03771691233255882,0.0,0.0,0.0,0.0,-0.1532080274085085,-0.06124106303535339,1.058558970906916,1.394034397226019,0.25082983051362934
0.18840661721603066,4.33065698478727,0.0,0.0,0.0,0.9934731698707072,1.0429915279268975,1.1071011328646032,1.4296674257788191,0.24921299220690876
-0.4511775611358923,0.0,0.0,0.0,0.0,-0.17049576564115287,0.05848678361057452,0.0,0.0,0.24894346627967667
-0.22958907720545568,0.0,0.0,0.0,0.0,-0.13425754583168586,0.22025285618736773,1.022831460331992,1.2182136440140021,0.24840436906798916
-1.0538204289995774,4.3306571511506355,0.0,0.0,0.0,-1.3513954655373794,-1.2436386091883012,0.0,0.0,0.2465170521690126
-0.2604783244307577,0.0,1.0,0.0,0.0,0.5190114636987377,0.22025285618736773,1.0789926768964269,1.2182136440140021,0.24516851416577912
-0.3998097187369339,0.0,1.149512058475987,0.0,0.0,0.5516141194255595,0.16837786189877654,1.0269662977944063,1.0,0.24327992361980966
0.19854062219880683,0.0,0.0,0.0,0.0,-0.034443075271142036,1.0742563978161945,0.0,0.0,0.24327992361980966
0.4570447518821197,0.0,1.149512058475987,0.0,0.0,0.680924588537515,0.4555743605292723,0.0,0.0,0.24274018958383958
-0.900958435535518,0.0,0.0,0.0,0.0,-0.37662997428474326,-0.12561320434640574,0.0,0.0,0.24139058829668178
-0.2843492791824656,0.0,1.0,0.0,0.0,0.2989843835713929,0.16837786189877654,0.0,0.0,0.24085064122061892
0.776593588263732,0.0,1.2380816024689916,0.0,0.0,1.0426845827686888,0.11452748252207769,0.0,0.0,0.23950050685266264
0.3400463938165512,0.0,0.0,0.0,0.0,-1.3513954655373794,-1.2436386091883012,0.0,0.0,0.23869024320981533
-0.09598716933723386,0.0,0.0,3.8163916471489756e-17,0.0,0.084647767658399,-0.06124106303535339,0.0,0.0,0.23706930362805378
0.0905517885506706,0.0,1.2380816024689916,0.0,0.0,0.9772837438808736,0.49867188906910564,1.0269662977944063,1.2182136440140021,0.23571810020537481
0.14189581080148445,0.0,0.0,0.0,0.0,-0.02130272454637091,0.6606974057623132,0.0,0.0,0.2340961508326705
-1.1142268382611902,0.0,0.0,0.0,0.0,-1.3513954655373794,-1.2436386091883012,0.0,0.0,0.11247897221175429
0.7669027083107004,4.330657299632178,1.0,0.0,0.0,0.4194325714485718,0.31878118133730793,1.0587990437773054,1.3444369791715767,-0.051611228117356224
1.4759617484878031,0.0,1.2380816024689916,0.0,0.0,1.0744304133074871,1.0112311364854392,0.0,0.0,0.166562238300038
1.5133683591987739,4.33065723689383,1.149512058475987,0.0,0.0,0.8876834059532326,0.8441827789462959,1.089129758066012,1.4165481093681518,0.10497746554751068
-0.38650544411824306,0.0,0.0,0.0,0.0,-0.9622236067802765,-0.8610819189340483,0.0,0.0,0.033771707493466606
0.2655897075318578,0.0,0.7106121022478595,0.0,0.0,0.13638654090542135,0.0,0.0,0.0,-0.15955178981434537
0.015889219110609944,0.0,1.149512058475987,0.0,0.0,0.5720243657525258,0.05848678361057452,0.0,0.0,-0.12147418207132006
-0.4958698296248093,0.0,0.0,0.0,0.0,-0.263725512531714,-0.193584983678676,0.0,0.0,-0.04757352862708834
-1.0300834410519801,0.0,0.0,0.0,0.0,-0.22125133346673498,0.0,0.0,0.0,-0.11267293517976669
-1.2735954422249647,0.0,0.0,0.0,0.0,-0.5277725099474745,-0.7296649225245023,0.0,0.0,-0.14297512527162096
-0.058644421701779664,0.0,0.0,0.0,0.0,-0.5707668900267201,-0.7296649225245023,0.0,0.0,-0.09775646048670883
0.24837573013595618,0.0,1.0,0.0,0.0,0.32091038109054015,0.16837786189877654,1.006052142399291,1.0,-0.16044188589855832
1.1653638754132751,0.0,0.0,0.0,0.0,0.06145896729951087,-0.6167169445693365,0.0,0.0,0.1731407467074211
-2.109553743115811,0.0,1.0,0.0,0.0,0.4829935202887995,0.11452748252207769,0.0,0.0,0.21458945423195888
-0.3873825452283892,0.0,0.0,0.0,0.0,-0.6562020314525373,-0.8610819189340483,0.0,0.0,-0.04152452533027512
-0.09734272230847035,0.0,1.0,0.0,0.0,0.22642224096662728,0.22025285618736773,0.0,0.0,-0.08551486173543418
0.24916205401039365,0.0,0.7106121022478595,0.0,0.0,-0.0005441510870383281,0.16837786189877654,0.0,0.0,0.13987733668021712
-0.866839015010998,4.330657292068595,0.0,0.0,0.0,-1.3513954655373794,-1.2436386091883012,0.0,0.0,0.028963694553249892
-0.9260891825920818,0.0,0.0,0.0,0.0,-1.3513954655373794,-1.2436386091883012,0.0,0.0,0.11109075859499036
0.6560587193244957,0.0,0.0,0.0,0.0,-0.43509608803976185,-0.516595772466355,1.0368224148220306,1.3444369791715767,0.10859088234808853
-0.6964485573977387,0.0,0.0,0.0,0.0,-1.3513954655373794,-1.2436386091883012,0.0,0.0,0.021032703532393126
0.03978133250155632,0.0,0.0,0.0,0.0,-0.6477978285484794,-0.42601894595792045,1.022831460331992,1.2182136440140021,-0.382665378474921
0.11068065083287873,0.0,1.0,0.0,0.0,0.42141038829524985,0.11452748252207769,0.0,0.0,0.08798267678242824
-2.0443984182032566,0.0,0.0,0.0,0.0,0.22586045831328094,-1.022273554629209,0.0,0.0,0.18545023544053568
-0.9153257602891108,0.0,0.0,0.0,0.0,-0.3052666337569913,0.16837786189877654,0.0,0.0,0.18954614489824442
0.49795040608709723,0.0,1.2380816024689916,0.0,0.0,1.1306839059676264,0.6606974057623132,0.0,0.0,0.06362969409612768
-0.5275196640219164,0.0,0.0,0.0,0.0,-1.3513954655373794,-1.2436386091883012,0.0,0.0,0.03857429083472762
0.11966580327559964,0.0,0.0,0.0,0.0,-0.5498980223231736,-0.2657509156119179,1.0358559766262958,1.394034397226019,-0.18664626252560806
0.0941163914632372,0.0,1.0,0.0,0.0,0.4280852730114965,0.22025285618736773,0.8663642547672894,1.0,0.11275656302167913
0.03182284407205055,0.0,1.0,0.0,0.0,0.2580543311164817,0.22025285618736773,1.022831460331992,1.0,0.15777620781274837
1.091415438108202,0.0,0.0,0.0,0.0,-0.05273301726154645,-0.6167169445693365,0.9565747954222968,1.0,0.19118349919431857
0.45554261734315654,0.0,0.7106121022478595,0.0,0.0,0.027400355607644176,-0.193584983678676,0.0,0.0,0.166562238300038
-1.2093017581504053,0.0,0.0,0.0,0.0,-0.28022120518858756,-0.34288385740687394,0.0,0.0,0.014790740880996047
0.1652663284726472,0.0,0.0,0.0,0.0,-0.06194124141530229,-0.7296649225245023,0.0,0.0,0.06924014735674631
-0.0014072827728516056,0.0,0.0,0.0,0.0,-0.5065873929015272,-0.6167169445693365,0.965971320647522,1.0,0.15392700792213823
-1.0887095292632696,0.0,0.0,0.0,0.0,-0.3984213202235921,0.2703350774754977,0.0,0.0,-0.11032931161633387
-1.4982413855973389,0.0,0.0,0.0,0.0,-1.3513954655373794,-1.2436386091883012,0.0,0.0,0.15090035658127451
0.008488637894978807,0.0,0.0,0.0,0.0,-0.19077448390588253,0.0,0.0,0.0,0.0655941786183978
-0.7657316755246505,0.0,0.0,0.0,0.0,-0.828262722629982,-0.516595772466355,0.0,0.0,0.06194514050475466
-0.8060358489731676,0.0,1.0,0.0,0.0,0.5421222739332064,0.0,0.0,0.0,0.11608630529365306
-0.12677362523664007,0.0,1.0,0.0,0.0,0.31844373717061164,0.6606974057623132,0.0,0.0,0.015926331703618832
-0.7275474106853972,0.0,0.7106121022478595,0.0,0.0,-0.05412439011777278,-0.193584983678676,0.0,0.0,0.1596995925672874
-0.03030919856238644,0.0,0.0,0.0,0.0,-0.5215967805364475,-0.7296649225245023,0.0,0.0,0.21133050446928078
-0.32560442455138655,0.0,0.0,0.0,0.0,-0.5382145909517446,-0.7296649225245023,0.0,0.0,0.2124170714868009
1.0635778456614169,4.330657136684045,0.0,0.0,0.0,0.2100097247955169,-0.42601894595792045,0.0,0.0,0.1690302811945468
0.2750890438820608,0.0,1.149512058475987,0.0,0.0,0.673488612590467,0.11452748252207769,0.0,0.0,0.20344537711276967
1.3194674675595348,0.0,0.0,0.0,0.0,-0.1461037463806638,0.05848678361057452,0.0,0.0,0.20942840858522674
0.22629399672002112,0.0,0.0,0.0,0.0,-0.4666110923155345,-0.516595772466355,0.0,0.0,0.18381085972881128
0.6841484496005407,0.0,1.0,0.0,0.0,0.4296231894890915,0.31878118133730793,1.0128223138172896,1.0,0.19908928249447383
1.018633121305695,0.0,0.0,0.0,0.0,0.6157679356495513,0.11452748252207769,1.1077436413246669,1.4067157636187435,0.2091566178235625
0.5530515831761333,0.0,0.0,0.0,0.0,-0.5698380426847015,0.0,0.0,0.0,0.15860061460956526
-0.3847546769460894,0.0,0.0,0.0,0.0,-0.1152912671002749,0.41128985457575656,1.0840787559660336,1.4229121222943437,0.2137749279988855
-1.426354738518534,0.0,0.0,0.0,0.0,0.29871184948524904,-0.6167169445693365,1.022831460331992,1.0,0.18545023544053568
0.7162160931981216,0.0,1.149512058475987,0.0,0.0,0.8656692116082645,0.2703350774754977,0.0,0.0,0.19554696646254077
-0.10710442410620523,0.0,0.0,0.0,0.0,-0.19038957156173955,-0.12561320434640574,0.0,0.0,0.13987733668021712
0.22757658847509246,4.330647096981612,0.7106121022478595,0.0,0.0,0.6366263457387135,0.41128985457575656,1.0597350169929474,1.4013322872298855,0.20371749859480173
-1.256822765771247,0.0,0.0,0.0,0.0,-0.8827775754493167,-0.7296649225245023,0.0,0.0,0.18408412924199102
-0.5699636379533566,0.0,0.0,0.0,0.0,-1.3513954655373794,-1.2436386091883012,0.0,0.0,0.1013611027698512
1.6831913036294959,0.0,1.2380816024689916,0.0,0.0,1.1042138770596353,0.05848678361057452,0.0,0.0,0.19172915603405213
-0.24515798124869076,0.0,0.0,0.0,0.0,-1.3513954655373794,-1.2436386091883012,0.0,0.0,0.1550271104990108
-0.28213310745433734,0.0,0.7106121022478595,0.0,0.0,0.008571444486969984,0.05848678361057452,0.0,0.0,0.15585201345079003
1.3593409982964706,0.0,1.149512058475987,0.0,0.0,0.8755428514938836,0.6606974057623132,0.0,0.0,0.1808038314457293
-1.1305480232615135,0.0,0.0,0.0,0.0,-0.7077869673735322,-1.022273554629209,0.0,0.0,0.17697387768631817
0.003484974884213554,0.0,0.0,0.0,0.0,-0.5627380187757388,-0.6167169445693365,1.049929575826221,1.3444369791715767,0.050697953086757466
-0.3596995460278333,0.0,0.0,0.0,0.0,-0.3463579279866599,0.0,0.0,0.0,0.15860061460956526
-0.18130898118732416,0.0,0.0,0.0,0.0,-0.06194124141530229,-0.42601894595792045,0.0,0.0,0.13407949538533642
0.2698279000477358,0.0,0.0,0.0,0.0,-0.5627380187757388,-0.8610819189340483,1.022831460331992,1.0,0.19227474896802021
-0.0606557179973367,0.0,0.0,0.0,0.0,-0.27349839636642626,-0.516595772466355,0.0,0.0,0.18244427055723741
0.6225788518105247,0.0,1.149512058475987,0.0,0.0,0.6979470829781256,0.05848678361057452,0.0,0.0,0.15337685713389984
0.4076156013254454,0.0,1.149512058475987,0.0,0.0,0.8350380253459115,0.11452748252207769,0.0,0.0,0.07232280916233058
-0.3129291607806328,0.0,0.0,0.0,0.0,-0.7991578522523525,-0.2657509156119179,0.0,0.0,-0.17024692610630773
-0.5085855800526226,0.0,1.149512058475987,0.0,0.0,0.6507065270038662,0.16837786189877654,0.0,0.0,0.15915013658828403
0.1160197302535713,0.0,1.0,0.0,0.0,0.5299619631630209,0.41128985457575656,0.0,0.0,0.1497992573124319
-0.4099258440007669,0.0,0.0,0.0,0.0,-0.5229803967627462,-0.193584983678676,0.0,0.0,0.19363845193944215
1.2114159143021632,0.0,1.2380816024689916,0.0,0.0,1.2981199166065356,-0.06124106303535339,0.0,0.0,0.19363845193944215
1.0717642313208013,0.0,1.2380816024689916,0.0,0.0,0.9380809356703288,0.4555743605292723,0.0,0.0,0.19363845193944215
1.3537823207359498,0.0,0.0,0.0,0.0,0.1743696904580771,0.11452748252207769,1.096746366436643,1.4140046247801077,0.19363845193944215
-0.43258794768369146,0.0,0.0,0.0,0.0,-1.3513954655373794,-1.2436386091883012,0.0,0.0,0.23382577229293763
0.8892374156442431,0.0,1.149512058475987,0.0,0.0,0.5522147063796509,0.22025285618736773,0.0,0.0,0.23030945411229475
1.0671591435537773,0.0,0.0,0.0,0.0,0.12707806592879498,0.05848678361057452,1.09053992633148,1.41081075138084,0.23139167476907474
1.4430824474992145,4.3306565977966525,1.149512058475987,0.0,0.0,0.7527472292143975,0.5816230273987638,0.988153482273682,1.0,0.19363845193944215
0.6021307416625428,0.0,0.7106121022478595,0.0,0.0,0.4726431952883117,-0.7296649225245023,0.0,0.0,0.19745470106218482
-0.025523234179333498,0.0,1.0,0.0,0.0,0.5512959265507522,0.16837786189877654,0.0,0.0,0.19772717099404
0.20618041263382808,0.0,0.0,0.0,0.0,-0.09127032435189496,0.4555743605292723,1.022831460331992,1.2182136440140021,0.20779742832746226
0.7600142310213331,4.330657263096596,1.149512058475987,0.0,0.0,0.6046727866490802,0.41128985457575656,1.0531584011826194,1.3837532157583627,0.19418382147218283
0.0910657090815796,4.330657250687993,1.0,0.0,0.0,0.20160569948900187,0.0,0.0,0.0,0.18981907728266606
0.1987640889972919,0.0,1.149512058475987,0.0,0.0,0.5717677431037826,0.05848678361057452,0.0,0.0,0.2284149753185464
-0.07423416465778769,0.0,0.0,0.0,0.0,-0.3225598385444296,-0.12561320434640574,0.0,0.0,0.20262891788289583
0.5167650020560984,0.0,1.2380816024689916,0.0,0.0,0.9563748454986633,0.11452748252207769,0.0,0.0,0.20344537711276967
1.9368497538838538,0.0,1.2380816024689916,0.0,0.0,1.4057077064401475,0.31878118133730793,0.0,0.0,0.20344537711276967
-0.12886196993039523,0.0,1.0,0.0,0.0,0.4874454608264821,0.22025285618736773,0.0,0.0,0.18381085972881128
0.6654211475097703,0.0,1.0,0.0,0.0,0.3541206453761307,0.5816230273987638,0.0,0.0,0.2015400842577242
-0.1960625635423957,0.0,0.0,0.0,0.0,-0.6079618651621661,-0.516595772466355,1.0426168062509753,1.3685309911523162,0.231662191489846
0.5530226329016487,0.0,1.0,0.0,0.0,0.3504574542086591,0.16837786189877654,0.0,0.0,0.2284149753185464
1.6403561600222554,0.0,0.0,0.0,0.0,-1.3513954655373794,-1.2436386091883012,0.0,0.0,0.22408189905545525
0.7891122948139209,0.0,1.149512058475987,0.0,0.0,1.0500501210403685,1.4432881067660903,1.0719902237818328,1.4013322872298855,0.22760282465476933
-0.34935860438480193,0.0,0.0,0.0,0.0,-0.3066163570692523,0.11452748252207769,0.0,0.0,0.2246237499949501
0.959049767832044,0.0,1.149512058475987,0.0,0.0,0.8449910713224532,0.4555743605292723,0.0,0.0,0.22191387570106033
0.32723193796892447,0.0,1.2380816024689916,0.0,0.0,1.2413808363466603,0.2703350774754977,1.049929575826221,1.2182136440140021,0.22408189905545525
0.33051381307204863,0.0,1.0,0.0,0.0,0.4297962229007734,0.11452748252207769,0.0,0.0,0.22191387570106033
0.8686051929556036,0.0,0.7106121022478595,0.0,0.0,0.24532589850583977,0.4555743605292723,1.0531584011826194,1.0,0.22191387570106033
0.9322210429913723,4.3306572508988355,1.149512058475987,0.0,0.0,0.6813865628657394,0.5406638713926494,1.0531584011826194,1.3025175370208548,0.21865997831281145
-0.4909228875353305,0.0,0.0,0.0,0.0,-0.9674664273370567,-1.022273554629209,0.0,0.0,0.2200160408403445
0.08531577580934895,0.0,1.0,0.0,0.0,0.4845731958247963,0.0,0.9271671564532873,1.0,0.2200160408403445
0.0033118343174559075,0.0,0.0,0.0,0.0,-0.181260059873341,0.0,0.0,0.0,0.21811744438913055
-0.7171153851344837,0.0,0.0,0.0,0.0,-1.3513954655373794,-1.2436386091883012,0.0,0.0,0.21838871913452554
0.5511314941832456,0.0,1.149512058475987,0.0,0.0,0.6311163119175239,0.22025285618736773,0.0,0.0,0.24247029975678236
0.4318174215955665,0.0,1.149512058475987,0.0,0.0,0.810381152937499,0.05848678361057452,0.0,0.0,0.22489465225206845
0.6382130677103166,0.0,0.0,0.0,0.0,0.22272845667785593,-0.2657509156119179,1.0481458543966122,1.3444369791715767,0.21051541464491327
0.3891351894355095,0.0,1.0,0.0,0.0,0.49384875963381836,0.5406638713926494,0.0,0.0,0.2129602610348775
0.9875553792710997,0.0,1.0,0.0,0.0,0.21570780777301718,-0.2657509156119179,0.9565747954222968,1.0,0.2129602610348775
1.234077564579391,0.0,1.0,0.0,0.0,0.23517682282176905,0.0,0.0,0.0,0.20942840858522674
2.114628605520529,0.0,1.149512058475987,0.0,0.0,0.7175444943305751,0.16837786189877654,1.049929575826221,1.2182136440140021,0.20725364246388314
-0.02546323024777486,0.0,1.2380816024689916,0.0,0.0,0.8803912811099374,-0.193584983678676,0.0,0.0,0.20752554326162406
0.5107379087833529,0.0,0.0,0.0,0.0,-0.42532574054310085,-0.12561320434640574,0.0,0.0,0.20344537711276967
-0.9564259972327744,0.0,0.0,0.0,0.0,0.14123428853866984,-0.516595772466355,0.0,0.0,0.19363845193944215
0.2994421034612224,0.0,0.0,0.0,0.0,-0.2389381006452756,-0.7296649225245023,1.0481458543966122,1.2182136440140021,0.18353757411436863
-0.4978532739215333,0.0,0.0,0.0,0.0,-0.540935219026,-0.7296649225245023,1.0531584011826194,1.3025175370208548,0.19145633560454348
1.078222542272485,0.0,1.149512058475987,0.0,0.0,0.8539316840562643,0.16837786189877654,0.0,0.0,0.18927319650312094
-0.7308500065706846,0.0,1.149512058475987,0.0,0.0,0.579099921549442,0.41128985457575656,1.0462299458179467,1.2182136440140021,0.18927319650312094
1.1402311518434878,0.0,0.0,0.0,0.0,-0.3052666337569913,0.16837786189877654,0.0,0.0,0.18271762062010316
-0.6687183517118311,0.0,0.0,0.0,0.0,-1.3513954655373794,-1.2436386091883012,0.0,0.0,0.18381085972881128
1.1166926903798546,0.0,1.149512058475987,0.0,0.0,0.9281587063475908,0.2703350774754977,1.022831460331992,1.0,0.18545023544053568
-0.31012665654004945,4.330657252543471,0.0,0.0,0.0,-0.2703700580276072,-0.12561320434640574,0.0,0.0,0.18353757411436863
1.3005331272876208,0.0,0.0,0.0,0.0,-0.2069626511873895,0.4555743605292723,1.0675982501607706,1.4067157636187435,0.1517260063309874
1.3890152252475398,0.0,0.0,0.0,0.0,0.31063036109268516,-0.2657509156119179,1.0617516789805395,1.3685309911523162,0.17998339393636778
-1.2806753679758123,0.0,0.0,0.0,0.0,-0.931459594075383,-0.7296649225245023,0.0,0.0,0.17697387768631817
0.4426100042198515,0.0,1.2380816024689916,0.0,0.0,1.131203584999781,0.16837786189877654,0.0,0.0,0.17806847386894462
-1.1568432280792178,0.0,0.0,0.0,0.0,-1.3513954655373794,-1.2436386091883012,0.0,0.0,0.17779484912334836
0.4740916348157905,0.0,1.149512058475987,0.0,0.0,0.8416661125616253,0.49867188906910564,1.022831460331992,1.0,0.19172915603405213
0.6026567841852448,0.0,1.149512058475987,0.0,0.0,0.619556232812235,0.05848678361057452,0.0,0.0,0.17615276035685282
-0.3313040752685075,0.0,0.0,0.0,0.0,0.02637406130308196,0.6606974057623132,1.022831460331992,1.2182136440140021,0.1750577101022338
0.11043024875478857,4.330657110882536,0.0,0.0,0.0,0.18057465302690015,1.1353788601052053,1.104086724088813,1.4308999242507208,0.17094895499683063
-0.7049609367950305,0.0,0.0,0.0,0.0,-0.3995007138698424,-0.34288385740687394,1.0560115612601553,1.3444369791715767,0.1690302811945468
0.41476663014760395,0.0,0.0,0.0,0.0,-0.16294619610618707,-0.516595772466355,0.0,0.0,0.17067490769672028
-1.0851731297792047,0.0,0.0,0.0,0.0,-0.1638823286617628,-0.6167169445693365,1.0125842817931043,1.0,0.17040084408488854
0.2958232148624327,0.0,1.2380816024689916,0.0,0.0,1.3974678922980928,0.9127530921308108,1.022831460331992,1.0,0.16930442643157934
0.6191283935387064,0.0,1.149512058475987,0.0,0.0,0.8097364471796242,0.2703350774754977,1.049929575826221,1.2182136440140021,0.16848194170091083
-0.5249792491458568,0.0,0.0,0.0,0.0,-0.1861034639724407,-0.193584983678676,1.0768506549437087,1.3685309911523162,0.16628792947878002
0.8013331709592283,0.0,1.2380816024689916,0.0,0.0,1.0400741478866147,0.2703350774754977,0.0,0.0,0.166562238300038
-1.2246539345467435,0.0,0.0,0.0,0.0,-0.7077869673735322,-0.6167169445693365,0.0,0.0,0.16436730875637032
-0.04224282776220335,0.0,0.0,0.0,0.0,0.389946203304056,0.05848678361057452,0.0,0.0,0.16436730875637032
-0.6694957413983587,0.0,0.0,0.0,0.0,-0.263632750644092,-0.516595772466355,0.0,0.0,0.16299494447197382
0.7591065785275213,0.0,1.149512058475987,0.0,0.0,0.892057544678805,0.16837786189877654,0.0,0.0,0.1616221692683493
-0.6288183230122448,0.0,1.149512058475987,0.0,0.0,0.5785415371010229,0.05848678361057452,0.0,0.0,0.1607983066709099
-0.3183650015410859,0.0,1.0,0.0,0.0,0.4894635800294766,0.22025285618736773,0.0,0.0,0.16134756486782187
0.15956586266874045,0.0,1.0,0.0,0.0,0.49044082038154735,0.16837786189877654,0.0,0.0,0.15777620781274837
0.7802153687696735,0.0,1.2380816024689916,0.0,0.0,0.967109201249629,0.878778350041491,1.0558224931323954,1.2182136440140021,0.15860061460956526
0.24784058369930798,0.0,1.149512058475987,0.0,0.0,0.5885342377495556,-0.06124106303535339,0.0,0.0,0.1596995925672874
0.49073527455795063,0.0,0.0,0.0,0.0,-0.26595859788190596,-0.7296649225245023,1.033883362385476,1.2182136440140021,0.1588753838511529
-1.4769914350329492,0.0,0.0,0.0,0.0,0.3140341707881807,0.0,0.0,0.0,0.15722652067613765
0.00939089578948988,4.3306572968365185,0.0,0.0,0.0,0.1052338838185004,-0.516595772466355,0.0,0.0,0.1588753838511529
-0.9377346452377041,0.0,0.0,0.0,0.0,-0.7615470556773098,-0.7296649225245023,0.0,0.0,0.15750137250800855
-0.5664569938951939,0.0,0.0,0.0,0.0,-0.2925336452859802,0.22025285618736773,0.0,0.0,0.1566767674128353
1.0554814967812782,4.330656905792317,0.0,0.0,0.0,0.13006220405992944,-0.7296649225245023,0.9750538018491568,1.2182136440140021,0.1566767674128353
-0.1125587050436026,0.0,1.0,0.0,0.0,0.3046764935124692,-0.06124106303535339,0.0,0.0,0.15475210971832667
0.048825260333171173,0.0,0.7106121022478595,0.0,0.0,0.05367852615380111,0.0,0.0,0.0,0.15365194082347644
0.14716653822390605,0.0,0.0,0.0,0.0,-0.020164470809223074,-0.34288385740687394,0.988153482273682,1.0,0.16820774743540634
0.03560534675262603,0.0,1.149512058475987,0.0,0.0,0.5851762172560022,0.22025285618736773,1.006052142399291,1.0,0.14814710866277403
1.414423962632402,0.0,1.0,0.0,0.0,0.5559991679520717,0.22025285618736773,0.0,0.0,0.1497992573124319
0.5125847296116868,0.0,0.7106121022478595,0.0,0.0,0.028982025483671958,0.31878118133730793,0.0,0.0,0.1497992573124319
-0.2622294380266928,0.0,0.0,0.0,0.0,-0.21010267754177286,-0.06124106303535339,0.0,0.0,0.14897325799792607
0.8102830304731198,0.0,1.0,0.0,0.0,0.345443911616868,0.5816230273987638,0.9271671564532873,1.2182136440140021,0.14924860776557589
1.041293125562041,0.0,1.2380816024689916,0.0,0.0,0.99646095650998,1.4949492180089137,1.022831460331992,1.0,0.14814710866277403
-0.46566308475250706,0.0,0.0,0.0,0.0,-0.3611691579503857,-0.6167169445693365,0.0,0.0,0.14814710866277403
0.2512342074215273,0.0,0.0,0.0,0.0,-0.111457880128425,0.8441827789462959,0.8663642547672894,1.0,0.1473208091824127
0.38180076405552577,0.0,1.2380816024689916,0.0,0.0,1.0311402518312793,0.22025285618736773,0.0,0.0,0.15392700792213823
-0.4787463789197726,0.0,0.0,0.0,0.0,-0.7843198732701061,-0.7296649225245023,0.0,0.0,0.14511660890891823
0.22506333410297735,0.0,0.7106121022478595,0.0,0.0,-0.014873044945275892,-0.12561320434640574,0.0,0.0,0.14373844004254982
-0.9620288474832168,0.0,0.0,0.0,0.0,-1.3513954655373794,-1.2436386091883012,0.0,0.0,0.14235985225202022
0.23476989166785944,0.0,0.7106121022478595,0.0,0.0,0.16710971259768817,0.16837786189877654,1.0515961795290998,1.2182136440140021,0.1420840843717886
-0.6790598078296849,0.0,0.0,0.0,0.0,-1.3513954655373794,-1.2436386091883012,0.0,0.0,0.14042912444351102
-0.7422246701904257,0.0,1.0,0.0,0.0,0.3349484281092366,0.6989246298564699,1.0869468760086496,1.3837532157583627,0.13656519571009662
0.3872128342511245,0.0,1.149512058475987,0.0,0.0,0.7952656257176461,0.2703350774754977,0.0,0.0,0.13766951235829653
0.3647382744932597,0.0,1.2380816024689916,0.0,0.0,1.1000383707099068,0.16837786189877654,0.0,0.0,0.14070499310336165
-0.9491874098209336,0.0,0.0,0.0,0.0,-0.6665197778840911,-0.42601894595792045,0.0,0.0,0.13766951235829653
-0.2819827517493507,0.0,0.0,0.0,0.0,-1.3513954655373794,-1.2436386091883012,0.0,0.0,0.13766951235829653
1.024784278841967,0.0,1.149512058475987,0.0,0.0,0.895580209923013,0.49867188906910564,0.0,0.0,0.175879022139343
0.518809715811345,0.0,1.2380816024689916,0.0,0.0,0.9876392178830149,0.49867188906910564,1.0180943570563883,1.3025175370208548,0.13573678101369904
0.2788936377305872,0.0,1.149512058475987,0.0,0.0,0.7526044985068889,0.11452748252207769,0.0,0.0,0.13435575193226887
0.11593270738016483,0.0,1.149512058475987,0.0,0.0,0.7636104305041065,0.11452748252207769,0.0,0.0,0.14291133767637335
0.25857903066154003,0.0,1.2380816024689916,0.0,0.0,1.002419514073761,0.05848678361057452,0.0,0.0,0.1324216005915261
0.09017897926859436,0.0,0.0,0.0,0.0,-1.3513954655373794,-1.2436386091883012,0.0,0.0,0.13021012483823408
0.05353629871194701,0.0,1.149512058475987,0.0,0.0,0.5642622946860824,0.16837786189877654,0.0,0.0,0.12855080466965377
1.0852427390791732,4.330656905792317,1.0,0.0,0.0,0.5231153938482505,1.1050458926679774,1.08270884239195,1.4067157636187435,0.12689087190930293
-0.858028797182149,0.0,0.0,0.0,0.0,-0.5202194052805817,0.05848678361057452,1.006052142399291,1.0,0.12855080466965377
0.5273423603767166,0.0,1.149512058475987,0.0,0.0,0.5333750713368233,-0.2657509156119179,0.0,0.0,0.13932548162757305
0.27259000762147095,0.0,1.0,0.0,0.0,0.45186767025843055,0.2703350774754977,0.0,0.0,0.12301530734969027
-0.8200548080852217,0.0,0.0,0.0,0.0,0.6204126566707169,0.16837786189877654,0.0,0.0,0.1260606754840237
1.2803035621240708,0.0,1.2380816024689916,0.0,0.0,1.0496972899720087,0.31878118133730793,1.049929575826221,1.2182136440140021,0.1260606754840237
-0.31342359095432715,0.0,0.0,0.0,0.0,-0.6524341223806794,-0.7296649225245023,0.0,0.0,0.11913638871973464
-1.088145357042946,0.0,0.0,0.0,0.0,-1.0314882205498326,-0.8610819189340483,0.0,0.0,0.12273835312221162
-0.0857049034348305,0.0,1.149512058475987,0.0,0.0,0.6894192488007569,0.8441827789462959,1.022831460331992,1.0,0.12384606737605534
0.286478849046774,0.0,0.0,0.0,0.0,-0.14971033719721588,-0.6167169445693365,1.022831460331992,1.0,0.12246138177733705
0.5087650189974605,0.0,1.149512058475987,0.0,0.0,0.5518084904702001,0.22025285618736773,0.0,0.0,0.11996786859213529
-0.42117336522882465,0.0,0.0,0.0,0.0,-0.2431361485453863,0.0,0.0,0.0,0.11802750834104156
0.5812545598777774,0.0,1.2380816024689916,0.0,0.0,1.0629755325167065,0.41128985457575656,0.0,0.0,0.1202449942114212
-0.5762645039872267,0.0,0.0,0.0,0.0,-1.3513954655373794,-1.2436386091883012,0.0,0.0,0.11691835276366665
-0.8671097372792594,0.0,0.0,0.0,0.0,-1.3513954655373794,-1.2436386091883012,0.0,0.0,0.11608630529365306
-1.1049192103648982,0.0,0.0,0.0,0.0,-0.39280971116364305,-0.193584983678676,0.0,0.0,0.11608630529365306
0.6258959271169064,0.0,1.149512058475987,0.0,0.0,0.6310383689550954,0.6989246298564699,0.0,0.0,0.11691835276366665
-0.36256944658527007,0.0,0.0,0.0,0.0,-0.5281752838251029,-0.12561320434640574,0.0,0.0,0.11636367167790261
0.6408568935576352,0.0,1.149512058475987,0.0,0.0,0.5427679720260329,0.11452748252207769,0.0,0.0,0.1149766673667205
0.31396925364770106,0.0,0.0,0.0,0.0,-0.14727938356265904,-0.516595772466355,0.0,0.0,0.12799756186631656
-0.7527469805898811,0.0,0.0,0.0,0.0,-0.4666110923155345,-0.516595772466355,0.0,0.0,0.11136843594372663
0.6934192945169485,4.330655285737183,0.0,0.0,0.0,-0.6891797603680089,-0.6167169445693365,1.0269662977944063,1.3444369791715767,0.10942433055590413
-0.40201034950438386,0.0,0.0,0.0,0.0,-0.5792631072984764,-0.6167169445693365,1.0463489399748842,1.3025175370208548,0.11109075859499036
-0.03394188986704082,0.0,1.149512058475987,0.0,0.0,0.7273544866747117,0.6989246298564699,1.0125842817931043,1.2182136440140021,0.11081306392369475
0.06136335337399216,0.0,0.0,0.0,0.0,0.4360772453647337,-0.12561320434640574,1.049929575826221,1.2182136440140021,0.11081306392369475
-0.4443122229063921,0.0,1.0,0.0,0.0,0.3751632669730344,1.0429915279268975,1.0665838155427505,1.3685309911523162,0.11025762259367104
-1.2971942995050603,0.0,0.0,0.0,0.0,-0.4437726461942331,-0.42601894595792045,0.0,0.0,0.10914653184546368
-0.1241244600019944,0.0,0.0,0.0,0.0,0.12090197705542735,0.11452748252207769,0.0,0.0,0.10831303155124017
0.24494874090488655,0.0,0.7106121022478595,0.0,0.0,0.08290950281872216,0.11452748252207769,0.0,0.0,0.10664556178320687
-0.42822774133985325,0.0,0.0,0.0,0.0,0.4281937093449887,-0.12561320434640574,0.0,0.0,0.10636758927766068
-0.00987798282755135,0.0,0.0,0.0,0.0,-0.5627380187757388,-1.022273554629209,0.0,0.0,0.10275236086649747
-0.10651767996397023,0.0,0.0,0.0,0.0,0.0030059204425855013,-0.34288385740687394,0.0,0.0,0.10052613798922543
-0.3876835300392456,0.0,1.0,0.0,0.0,0.18203776678364764,0.0,0.0,0.0,0.10247414421083907
-0.7428824329165739,0.0,0.0,0.0,0.0,-0.22050375305392797,0.11452748252207769,0.0,0.0,0.10247414421083907
-1.5736868569398164,0.0,0.0,0.0,0.0,-0.5147710448223202,-0.6167169445693365,0.0,0.0,0.08295525917178453
0.11251859794649287,0.0,1.0,0.0,0.0,0.29884813349819295,0.878778350041491,1.0139888463251305,1.0,0.09969101560068522
0.3201102479527291,0.0,0.0,0.0,0.0,-0.39280971116364305,-0.7296649225245023,1.049929575826221,1.2182136440140021,0.09969101560068522
1.7428399379246868,0.0,1.0,0.0,0.0,0.6076061973385745,0.22025285618736773,1.022831460331992,1.0,0.09774178301003286
-0.3126147092556929,0.0,1.149512058475987,0.0,0.0,0.6534682405362148,0.31878118133730793,0.0,0.0,0.09467696387208209
-0.536176304495466,0.0,1.0,0.0,0.0,0.24357736582970754,-0.12561320434640574,0.0,0.0,0.09523436208156813
0.5583041975830548,0.0,1.0,0.0,0.0,0.26191950921523016,0.11452748252207769,1.022831460331992,1.0,0.10052613798922543
0.29175095565379494,0.0,0.0,0.0,0.0,-1.3513954655373794,-1.2436386091883012,0.0,0.0,0.09746325100199578
-0.06319341537663395,0.0,0.0,0.0,0.0,-0.034176474425667236,0.7730013276593265,1.031836273159448,1.2182136440140021,0.09746325100199578
0.34181256701841667,0.0,1.0,0.0,0.0,0.33637624187599535,0.2703350774754977,0.8663642547672894,1.0,0.09746325100199578
0.7826440148465588,0.0,0.0,0.0,0.0,-0.7077869673735322,-1.022273554629209,0.0,0.0,0.09328315993964974
0.7057109184641839,0.0,1.149512058475987,0.0,0.0,0.6259517499349636,0.16837786189877654,0.0,0.0,0.09133109325414267
0.9238406213426389,0.0,1.0,0.0,0.0,0.4141253140053925,0.2703350774754977,0.0,0.0,0.09133109325414267
0.21033040681053877,4.330655285737183,0.0,0.0,0.0,-0.17856085872488697,-0.6167169445693365,0.9750538018491568,1.2182136440140021,0.09105215590766995
0.5343556453151399,0.0,0.0,0.0,0.0,-0.36727189643767366,-0.42601894595792045,1.0736033659228592,1.3837532157583627,0.08323471146238037
0.9681679409513677,0.0,1.0,0.0,0.0,0.3913575087109018,0.7363445937263972,0.0,0.0,0.08491105097672111
-0.5809387618044445,0.0,0.0,0.0,0.0,-0.8522737322181162,-0.7296649225245023,0.0,0.0,0.08686597068102735
0.3872128342511245,0.0,1.0,0.0,0.0,0.27889208932267107,-0.06124106303535339,0.0,0.0,0.08407296138038053
0.14068084390598634,0.0,0.0,0.0,0.0,-0.13614131824366305,0.22025285618736773,1.0180943570563883,1.0,0.08211679527343126
1.2550038560570949,0.0,1.149512058475987,0.0,0.0,0.6669124333185483,0.9789536507197586,0.0,0.0,0.08155773010034718
0.46750052152693233,0.0,1.0,0.0,0.0,0.36327295612522637,0.22025285618736773,0.0,0.0,0.08015975452064365
0.17244043599771863,0.0,1.149512058475987,0.0,0.0,0.7482824762027391,0.11452748252207769,0.0,0.0,0.07428336645925972
0.05257752448454277,0.0,0.7106121022478595,0.0,0.0,0.07618759043470462,0.2703350774754977,0.0,0.0,0.07988010576632087
0.13170803719733806,0.0,0.0,0.0,0.0,-1.3513954655373794,-1.2436386091883012,0.0,0.0,0.137117387772822
0.5384666956062084,0.0,1.2380816024689916,0.0,0.0,1.0265495041698438,0.49867188906910564,0.0,0.0,0.07512333524312836
0.22806105875556726,0.0,0.7106121022478595,0.0,0.0,0.035942639756652704,-0.12561320434640574,0.0,0.0,0.08099859348595977
-0.4927735808598064,0.0,0.0,0.0,0.0,-0.36727189643767366,-0.7296649225245023,0.0,0.0,0.07008109011375627
-0.25364135735418025,0.0,1.0,0.0,0.0,0.3737828575051001,0.05848678361057452,0.0,0.0,0.08351414592388201
0.6141558618439907,0.0,1.0,0.0,0.0,0.3025421066570258,0.16837786189877654,0.0,0.0,0.0921677992369804
-0.1721610869671621,0.0,0.0,3.8163916471489756e-17,0.0,0.2726935190859944,0.05848678361057452,0.0,0.0,0.06924014735674631
-0.8255253845579453,0.0,0.0,0.0,0.0,-0.5138082192777265,-0.7296649225245023,0.0,0.0,0.06980079394489216
-0.6795735672555361,0.0,0.0,0.0,0.0,-0.4465608616397132,-0.42601894595792045,0.0,0.0,0.06727731410858843
-0.5206956993772258,0.0,0.0,0.0,0.0,-0.6111596381461469,-0.516595772466355,1.0420654850235767,1.3685309911523162,0.06250673123894025
0.5915693692041553,0.0,0.7106121022478595,0.0,0.0,-0.06103438190195051,0.0,0.0,0.0,0.06643582801979948
-0.6470393718074369,0.0,0.0,0.0,0.0,-1.3513954655373794,-1.2436386091883012,0.0,0.0,0.06250673123894025
-0.967688324245679,0.0,0.0,0.0,0.0,-1.3513954655373794,-1.2436386091883012,0.0,0.0,0.06419106630547514
-0.6985655460628795,0.0,0.0,0.0,0.0,-0.5049016124181345,-0.42601894595792045,1.0581204573638185,1.3837532157583627,0.06447172512420322
0.5260657021235353,0.0,1.0,0.0,0.0,0.2258292305547541,0.4555743605292723,0.0,0.0,0.06054084451443735
0.4576448472247024,0.0,1.0,0.0,0.0,0.5940751159652002,-0.06124106303535339,1.022831460331992,1.0,0.06250673123894025
0.8023132675650383,0.0,1.149512058475987,0.0,0.0,0.6019216121000887,0.16837786189877654,0.8663642547672894,1.0,0.061383476842534646
0.28439632641090884,0.0,0.0,0.0,0.0,-0.2607682584439997,0.2703350774754977,0.0,0.0,0.05997899834265114
0.534155858565605,0.0,1.0,0.0,0.0,0.5245942316166978,0.3657267131137707,0.0,0.0,0.06054084451443735
-0.18959707383462246,0.0,0.0,0.0,0.0,-1.3513954655373794,-1.2436386091883012,0.0,0.0,0.05744978558015285
-0.728917728170174,0.0,0.0,0.0,0.0,-1.3513954655373794,-1.2436386091883012,0.0,0.0,0.05941707909112595
-0.3596754808175202,0.0,1.149512058475987,0.0,0.0,0.6935551964277775,-0.06124106303535339,0.0,0.0,0.05773088242341007
0.2761026768522978,0.0,0.0,0.0,0.0,0.056227724125486385,-0.2657509156119179,0.0,0.0,0.05801196095321627
0.16288355054494766,0.0,0.0,0.0,0.0,-0.3052666337569913,0.16837786189877654,0.0,0.0,0.05744978558015285
0.29782696232406436,0.0,0.0,0.0,0.0,-0.2662386563720534,-0.2657509156119179,0.9750538018491568,1.2182136440140021,0.05744978558015285
-0.07859116783278239,0.0,1.2380816024689916,0.0,0.0,0.9927406005864274,0.7363445937263972,0.0,0.0,0.05266833199207054
-0.5145514030863374,0.0,0.0,0.0,0.0,-0.4879956411652101,-0.6167169445693365,0.0,0.0,0.05604402647116723
-0.40026971603851613,0.0,0.0,0.0,0.0,-0.008533025263230631,0.9127530921308108,0.0,0.0,0.054637808706801044
-0.17118855557608437,0.0,0.0,0.0,0.0,-0.17856085872488697,-0.7296649225245023,0.9750538018491568,1.0,0.05266833199207054
0.08722864372417416,0.0,0.0,0.0,0.0,-0.09127032435189496,0.5816230273987638,0.9271671564532873,1.0,0.05266833199207054
-0.3524467072128864,0.0,1.0,0.0,0.0,0.4630108419330785,0.31878118133730793,0.988153482273682,1.3025175370208548,0.05041639662760017
0.21283624489522412,0.0,0.0,0.0,0.0,-1.3513954655373794,-1.2436386091883012,0.0,0.0,0.051542511782492216
0.363003129146817,0.0,1.149512058475987,0.0,0.0,0.6845251881956838,0.11452748252207769,1.022831460331992,1.0,0.04957161649103515
-0.45702817192578465,0.0,0.0,0.0,0.0,-0.39069587679394396,-0.193584983678676,1.022831460331992,1.0,0.045908979476538755
-0.20689446501830336,0.0,1.0,0.0,0.0,0.43676150802723424,0.49867188906910564,1.0368224148220306,1.3685309911523162,0.04872667009963783
0.5016425393749213,0.0,0.0,0.0,0.0,-0.009642493369288846,0.0,0.0,0.0,0.0484449843311395
1.1613251480394107,0.0,0.0,0.0,0.0,-0.15673552667537866,-0.516595772466355,1.071083660422793,1.3444369791715767,0.047881557303820696
-0.5558568397062116,0.0,0.0,0.0,0.0,0.3815926882503892,-0.06124106303535339,0.0,0.0,0.0467544811324151
-0.3040011991679128,0.0,0.7106121022478595,0.0,0.0,0.04751291813830345,0.6216146055503267,0.0,0.0,0.04196109579344099
-1.5741230278064728,0.0,0.0,0.0,0.0,-1.2014567450010838,-1.022273554629209,0.0,0.0,0.046472665782810736
0.3514629337110442,0.0,0.0,0.0,0.0,-1.3513954655373794,-1.2436386091883012,0.0,0.0,0.044217475299808635
-0.6892167858698381,0.0,0.0,0.0,0.0,-1.3513954655373794,-1.2436386091883012,0.0,0.0,0.04252530229768711
-0.06158466155817723,0.0,0.0,0.0,0.0,-0.5024826489043919,-0.6167169445693365,0.0,0.0,0.04252530229768711
-1.737961707772949,0.0,1.0,0.0,0.0,0.17260763467989532,-0.2657509156119179,0.0,0.0,0.038856627246867594
-0.13752137523892982,4.330657134498746,0.0,0.0,0.0,-0.37662997428474326,-0.12561320434640574,0.0,0.0,0.038856627246867594
-1.1609870329747458,0.0,0.0,0.0,0.0,-0.8156627145563565,-0.8610819189340483,0.0,0.0,0.04562710850872883
-0.026829525698315947,4.3306568732308985,0.0,0.0,0.0,-0.22075278894370332,-0.6167169445693365,1.0824583239700114,1.3025175370208548,0.038856627246867594
-1.163489200183848,0.0,0.0,0.0,0.0,-0.5627380187757388,-1.022273554629209,0.0,0.0,0.03857429083472762
0.24551742775636132,0.0,0.0,0.0,0.0,0.1956176352145175,0.41128985457575656,1.006052142399291,1.3025175370208548,0.0382919357316622
0.895475851745755,0.0,1.149512058475987,0.0,0.0,0.8271945972619542,0.05848678361057452,0.0,0.0,0.03659741228698087
-0.7117991526226024,0.0,0.0,0.0,0.0,-0.28884679087867626,-0.516595772466355,0.0,0.0,0.03687987965444654
0.573474933565859,0.0,1.0,0.0,0.0,0.2738932843430952,0.05848678361057452,0.0,0.0,0.03603242135466408
0.15710654919181333,0.0,1.149512058475987,0.0,0.0,0.5868825171781742,0.05848678361057452,0.0,0.0,0.03659741228698087
0.20594798228710487,0.0,1.149512058475987,0.0,0.0,0.6996901260229197,0.5406638713926494,1.049929575826221,1.3025175370208548,0.032640899845962905
0.12013580242201653,0.0,0.0,0.0,0.0,-0.13358681537559824,-0.34288385740687394,0.0,0.0,0.03574989777845839
1.6012049119841485,0.0,1.2380816024689916,0.0,0.0,1.5362031770559437,0.4555743605292723,1.0778175216248964,1.3837532157583627,0.03235815092259699
0.6723240154003133,0.0,1.2380816024689916,0.0,0.0,1.0156028055182995,0.31878118133730793,0.0,0.0,0.03207538318320236
0.6610334623535076,0.0,1.149512058475987,0.0,0.0,0.5991421070306995,0.49867188906910564,1.0573198567524453,1.4013322872298855,0.03687987965444654
1.793382716054325,0.0,0.0,0.0,0.0,-0.7077869673735322,-1.022273554629209,1.022831460331992,1.0,0.029812563203716072
-0.4613033865021655,0.0,0.0,0.0,0.0,-1.3513954655373794,-1.2436386091883012,0.0,0.0,0.028963694553249892
0.17009119089500332,0.0,1.149512058475987,0.0,0.0,0.7270715581697934,0.5406638713926494,1.022831460331992,1.0,0.028680700574306647
0.5798740268601087,0.0,1.149512058475987,0.0,0.0,1.0346157504241342,0.9127530921308108,1.0972060001516266,1.4203058441177223,0.026699213460394312
-0.4394673197555907,0.0,0.0,0.0,0.0,-0.194333054699664,-0.34288385740687394,1.0846759212304773,1.3837532157583627,0.027831605270482725
-0.6795340320385531,0.0,1.2380816024689916,0.0,0.0,0.9685000550712352,-0.42601894595792045,0.0,0.0,0.020749178426542485
-0.3866056261762381,0.0,1.149512058475987,0.0,0.0,0.7300699373326532,0.2703350774754977,0.0,0.0,0.0224500434682527
-0.7388594167115456,0.0,0.0,0.0,0.0,-0.9742504454392018,-0.8610819189340483,0.0,0.0,0.023016846274645338
0.3389885847485308,0.0,1.149512058475987,0.0,0.0,0.6234011760771153,0.0,0.0,0.0,0.020749178426542485
-0.15630856374616892,0.0,0.0,0.0,0.0,-1.3513954655373794,-1.2436386091883012,0.0,0.0,0.019047627469396686
1.0092542062075442,0.0,0.0,0.0,0.0,0.016652923680305007,0.4555743605292723,0.0,0.0,0.017912878475704212
-0.5240523283891078,0.0,0.0,0.0,0.0,0.35070571975957215,-0.8610819189340483,0.0,0.0,0.020182071049398193
-0.3792322717528985,0.0,0.0,0.0,0.0,-0.15673552667537866,-0.193584983678676,1.0900088286654293,1.4067157636187435,0.01989848876639907
-0.7024521837942843,0.0,0.0,0.0,0.0,-0.7591490285750823,-0.7296649225245023,0.0,0.0,0.01876396886818112
-1.0318954642193685,0.0,0.0,0.0,0.0,-1.3513954655373794,-1.2436386091883012,0.0,0.0,0.01507466733698475
0.284245934488581,0.0,1.0,0.0,0.0,0.21535747637997613,0.41128985457575656,1.0492309274287097,1.3685309911523162,0.016777823692311896
-1.7716667047466184,0.0,0.0,0.0,0.0,-0.7739208145133659,-0.7296649225245023,0.0,0.0,0.11885919440788231
1.0794331445627232,0.0,1.2380816024689916,0.0,0.0,1.0784049257222221,0.11452748252207769,1.050909606621733,1.2182136440140021,0.016777823692311896
0.10546794652418615,0.0,1.0,0.0,0.0,0.28013460492797604,0.31878118133730793,0.0,0.0,0.011097949711621468
0.4019641543267782,0.0,1.0,0.0,0.0,0.4420165446565888,0.16837786189877654,0.0,0.0,0.0142228304328648
-0.576298008902666,0.0,1.0,0.0,0.0,0.5105500441469552,0.0,0.0,0.0,0.012802718408529815
0.9079866550135455,0.0,1.149512058475987,0.0,0.0,0.39952559249934305,0.5816230273987638,1.0640396958102238,1.3837532157583627,0.011950420622445817
-0.6846153506439551,0.0,0.0,0.0,0.0,-1.3513954655373794,-1.2436386091883012,0.0,0.0,0.007970739259126827
-0.636735985807245,0.0,0.0,0.0,0.0,-0.25673902615686917,0.3657267131137707,0.0,0.0,0.010813754241400473
-1.9428139123707184,0.0,1.0,0.0,0.0,0.19637820558743302,0.11452748252207769,0.0,0.0,0.00910817675317791
0.07966548419835202,0.0,0.0,0.0,0.0,-0.1875525837362376,0.0,1.084059123988336,1.41081075138084,0.012234539112624392
-0.26717301144928385,0.0,0.0,0.0,0.0,-0.2455176867890694,0.41128985457575656,0.0,0.0,0.008823846338244654
-0.40558259900314203,0.0,1.0,0.0,0.0,0.21992516438634038,0.05848678361057452,0.0,0.0,0.0011396093983736969
-0.7822760504277982,0.0,1.149512058475987,0.0,0.0,0.7534215514687214,0.11452748252207769,1.0441638598214986,1.2182136440140021,0.0031331766933322827
1.3167939784675329,0.0,1.2380816024689916,0.0,0.0,0.9441964312586227,0.22025285618736773,0.0,0.0,0.004556570547817272
-0.12040799558585405,0.0,0.0,0.0,0.0,-0.4504732070810026,-0.7296649225245023,0.0,0.0,0.004841191118878712
0.9236453725884964,0.0,1.149512058475987,0.0,0.0,0.7633805449907081,0.16837786189877654,1.022831460331992,1.0,0.004841191118878712
-1.0399405675920972,0.0,0.0,0.0,0.0,-0.7615470556773098,-0.7296649225245023,0.0,0.0,0.0031331766933322827
1.1896663373790741,4.330656905792317,1.149512058475987,0.0,0.0,0.8056394099164443,0.2703350774754977,0.0,0.0,0.0008547362608263034
0.5231168015890486,0.0,1.2380816024689916,0.0,0.0,1.3530993812061405,-0.2657509156119179,1.006052142399291,1.0,0.002563683239079366
0.7449501049642221,0.0,1.2380816024689916,0.0,2.740863092043355e-16,1.4664479928414982,0.878778350041491,1.0125842817931043,1.2182136440140021,0.0019941120479214135
-1.2709517771777232,0.0,0.0,0.0,0.0,-1.3513954655373794,-1.2436386091883012,0.0,0.0,-0.001995067004538815
0.16729293329723913,0.0,0.0,0.0,0.0,-0.20122992000537612,-0.42601894595792045,1.066040361863561,1.0,-0.0028503885727862053
-0.033532318569490585,0.0,1.149512058475987,0.0,0.0,0.8724234411001899,1.1050458926679774,1.074185055291269,1.41081075138084,-0.0017099988864962472
-0.3373311897490838,0.0,0.0,0.0,0.0,-0.1937894977859246,-0.7296649225245023,1.022831460331992,1.0,-0.0028503885727862053
-0.1102305557886751,0.0,1.0,0.0,0.0,0.691682294086953,0.05848678361057452,0.0,0.0,-0.004846823433621156
-0.690221688418528,0.0,0.0,0.0,0.0,-0.40632550655185457,-0.6167169445693365,1.0125842817931043,1.2182136440140021,-0.0068442183480242015
0.8504405885658007,0.0,0.0,0.0,0.0,0.3908257844803646,0.3657267131137707,1.111030924151313,1.4248002454769926,-0.005702732144919761
-0.5560515448184962,0.0,0.0,0.0,0.0,-0.1325827251315172,0.6989246298564699,0.0,0.0,-0.009128133679593184
0.4443498794831261,0.0,1.0,0.0,0.0,0.46739001593092144,0.16837786189877654,0.0,0.0,-0.009413711615864913
0.354179531765729,0.0,0.7106121022478595,0.0,0.0,0.053369937237719184,0.22025285618736773,0.8663642547672894,1.0,-0.009128133679593184
-0.32828743406819855,0.0,0.0,0.0,0.0,-1.3513954655373794,-1.2436386091883012,0.0,0.0,-0.01398564089825747
0.17811637655069773,0.0,1.0,0.0,0.0,0.5900486904472081,0.878778350041491,0.0,0.0,-0.01284218458265665
-0.8841474964585063,0.0,0.0,0.0,0.0,-1.3513954655373794,-1.2436386091883012,0.0,0.0,-0.017131779765593075
-0.0922477459074723,0.0,0.0,0.0,0.0,0.4448479604610252,0.0,0.0,0.0,-0.015987451661685657
0.10301892558011291,0.0,1.149512058475987,0.0,0.0,0.7353750888481705,0.05848678361057452,0.0,0.0,-0.01284218458265665
0.8592157282168454,0.0,1.149512058475987,0.0,0.0,0.8646312107918749,0.3657267131137707,0.0,0.0,-0.018848867862275565
1.1850667532984778,0.0,0.0,0.0,0.0,-0.17203723852196182,0.16837786189877654,1.022831460331992,1.0,-0.013699747147863706
-0.43654495613220173,0.0,0.0,0.0,0.0,-0.6755519914253534,-0.34288385740687394,0.0,0.0,-0.021425843573103606
-1.2378997994836132,0.0,0.0,0.0,0.0,-0.8054959383551826,-0.2657509156119179,0.0,0.0,-0.0197076804530038
-1.12724324653954,0.0,0.0,0.0,0.0,-1.3513954655373794,-1.2436386091883012,0.0,0.0,-0.021712273899865766
0.28922388327672116,0.0,1.2380816024689916,0.0,0.0,1.0329899549877246,0.9461359278251181,1.022831460331992,1.0,0.07988010576632087
-0.7250289955776603,0.0,0.0,0.0,0.0,-0.7497933515674177,-0.6167169445693365,1.0125842817931043,1.3444369791715767,-0.023144725086609304
-0.21394953169413944,0.0,0.0,0.0,0.0,-0.37223166556109544,-0.34288385740687394,0.0,0.0,-0.02687143940916309
-0.059712235695593356,0.0,0.0,0.0,0.0,-0.637281061059662,-0.6167169445693365,0.0,0.0,-0.03692180526928399
0.12452503470078098,0.0,0.0,0.0,0.0,-0.7077869673735322,-1.022273554629209,0.0,0.0,-0.01999399114277368
-0.3650633682333964,0.0,0.0,0.0,0.0,-0.04382101613533163,-0.7296649225245023,0.0,0.0,-0.02515099665558928
-0.7805914336168548,0.0,0.7106121022478595,0.0,0.0,0.23707554484851287,0.0,0.0,0.0,-0.027158250099122327
0.13729048558541304,0.0,0.0,0.0,0.0,-1.3513954655373794,-1.2436386091883012,0.0,0.0,-0.030027462632060062
1.5693330488990833,4.330657294789151,1.0,0.0,0.0,0.420685967680374,0.41128985457575656,0.9271671564532873,1.0,-0.03807199694529038
-0.8619875530222662,0.0,0.0,0.0,0.0,-0.8126234108939935,-0.8610819189340483,0.0,0.0,-0.031175711415504622
0.7545888201658026,0.0,1.0,0.0,0.0,0.2871686479262681,0.31878118133730793,1.022831460331992,1.0,-0.031462824028751044
1.3750689351002736,0.0,1.149512058475987,0.0,0.0,0.7360270006717634,1.1050458926679774,0.9750538018491568,1.0,-0.03548452245835057
1.0427656005051131,0.0,0.0,0.0,0.0,0.3605476765151952,0.6216146055503267,1.0991712115906547,1.427761196424576,-0.03174995682190164
0.8643469484682221,0.0,0.0,0.0,0.0,-0.5627380187757388,-1.022273554629209,0.0,0.0,-0.03692180526928399
-0.15390617600744214,0.0,0.0,0.0,0.0,-0.5109376799694366,-0.8610819189340483,0.988153482273682,1.0,-0.033760451956199505
0.5468190652369961,0.0,1.0,0.0,0.0,0.21373013573648775,0.22025285618736773,1.0306204699037194,1.2182136440140021,-0.006273435999073309
0.2016299748124332,0.0,0.0,0.0,0.0,-0.8348500743739571,-0.6167169445693365,0.0,0.0,-0.03893485414356324
0.7680512834476869,0.0,1.149512058475987,0.0,0.0,0.604250301765051,0.11452748252207769,0.0,0.0,-0.03490975127663634
0.4316083261181334,0.0,1.2380816024689916,0.0,2.740863092043355e-16,1.313682077441182,1.2524829530295192,1.049929575826221,1.2182136440140021,-0.03778441854780681
0.12081555501573778,0.0,0.0,3.8163916471489756e-17,0.0,0.32046509963602116,0.11452748252207769,0.988153482273682,1.0,-0.03749686047368413
0.7155144318537997,0.0,1.149512058475987,0.0,0.0,0.6253858291883576,0.16837786189877654,0.0,0.0,-0.0392225139001662
0.7647657062910092,4.330656806077253,1.149512058475987,0.0,0.0,0.7094313929833095,0.22025285618736773,0.0,0.0,-0.041236702539396417
0.04694890911373307,0.0,0.0,0.0,0.0,-0.08632291029016848,0.5816230273987638,0.0,0.0,-0.041236702539396417
0.2009061303791261,0.0,1.0,0.0,0.0,0.24024527445725083,0.31878118133730793,0.0,0.0,-0.042963945551793094
0.8747294426878117,0.0,1.149512058475987,0.0,0.0,0.7890423739200091,0.5816230273987638,1.0368224148220306,1.3025175370208548,-0.0452680812405484
0.4108815685199652,0.0,1.0,0.0,0.0,0.4253896006746835,0.2703350774754977,0.0,0.0,-0.04210023214560601
-0.7140957490325015,0.0,0.0,0.0,0.0,-0.5285785930650984,-0.7296649225245023,0.0,0.0,-0.04497999261591373
-0.795927889006278,0.0,0.7106121022478595,0.0,0.0,-0.033910031790993035,-0.12561320434640574,0.0,0.0,-0.051034166622454864
-0.047123446759269806,0.0,0.0,0.0,0.0,-0.4276680827230703,-0.34288385740687394,0.0,0.0,-0.049880291129866076
-1.3426050084316319,0.0,0.0,0.0,0.0,-1.3513954655373794,-1.2436386091883012,0.0,0.0,-0.049591873779368065
-0.08490743488173239,0.0,0.7106121022478595,0.0,0.0,0.04567884524677161,0.11452748252207769,0.0,0.0,-0.04901510085848794
0.8414807761102098,0.0,1.2380816024689916,0.0,0.0,0.9786652205158223,0.31878118133730793,1.104037270738984,1.3444369791715767,-0.04901510085848794
-0.6339386542098768,0.0,0.0,0.0,0.0,-0.12601518588209304,0.5816230273987638,1.0665838155427505,1.3685309911523162,-0.051322687051906776
0.4668273134023452,0.0,1.0,0.0,0.0,0.24064015998033508,-0.12561320434640574,0.0,0.0,-0.053054243220780097
-0.7498105201814824,0.0,0.0,0.0,0.0,-0.9260958865407137,-0.7296649225245023,0.0,0.0,-0.051611228117356224
1.0764684731434568,0.0,1.149512058475987,0.0,0.0,0.9025011001937243,0.6216146055503267,0.988153482273682,1.2182136440140021,-0.05218837218323296
0.10138609811134662,0.0,0.0,0.0,0.0,-1.3513954655373794,-1.2436386091883012,0.0,0.0,-0.05565297359770156
0.1481090767328367,0.0,1.149512058475987,0.0,0.0,0.5577690754138819,0.11452748252207769,0.0,0.0,-0.055364142918282344
-0.20917381359476542,0.0,1.0,0.0,0.0,0.1700052626097069,0.11452748252207769,0.0,0.0,-0.056230697176098306
-0.3394066509930034,0.0,0.0,0.0,0.0,-0.5807037428592542,-0.12561320434640574,0.0,0.0,-0.05334290824399639
2.110738163977275,0.0,1.2380816024689916,0.0,0.0,1.1588633479336732,1.0112311364854392,1.0125842817931043,1.2182136440140021,-0.05767536938731013
0.1695694593652949,0.0,0.0,0.0,0.0,-0.26067621219733267,0.11452748252207769,1.006052142399291,1.0,-0.056230697176098306
-0.39952876518075187,0.0,1.149512058475987,0.0,0.0,0.5909124675700869,0.05848678361057452,0.0,0.0,-0.056230697176098306
0.375994694748175,0.0,1.2380816024689916,0.0,0.0,1.5543679359986173,1.0112311364854392,0.0,0.0,-0.057964366158142634
-0.09011485955838604,0.0,1.149512058475987,0.0,0.0,0.7220534364752442,0.31878118133730793,0.0,0.0,-0.059120561231139686
-0.07079590169806878,0.0,0.0,0.0,0.0,-0.2505940992267519,0.05848678361057452,0.0,0.0,-0.06027708941616658
-0.17861707522147877,0.0,0.0,0.0,0.0,-0.5346936063715247,-0.42601894595792045,0.988153482273682,1.0,-0.061144704423703865
0.7366184242891235,0.0,1.149512058475987,0.0,2.740863092043355e-16,1.251046829690407,0.878778350041491,1.022831460331992,1.0,-0.0620125072391766
-0.9214257649436083,0.0,0.0,0.0,0.0,-0.3611691579503857,-0.06124106303535339,0.0,0.0,-0.062301816611548176
1.066983463777404,0.0,1.0,0.0,0.0,0.48866106003165005,0.11452748252207769,0.9750538018491568,1.0,-0.0620125072391766
0.454461025980689,0.0,1.149512058475987,0.0,0.0,0.5458615522875306,0.11452748252207769,0.0,0.0,-0.11120800456417702
-0.5830009987181091,0.0,0.0,0.0,0.0,-1.3513954655373794,-1.2436386091883012,0.0,0.0,-0.2706910856238168
0.15612771406460324,0.0,0.7106121022478595,0.0,0.0,0.04113014180239106,0.05848678361057452,0.0,0.0,-0.22479632322844603
-0.03596273254409544,0.0,0.0,0.0,0.0,-0.481341294220887,-0.193584983678676,0.0,0.0,-0.35839371891968225
-0.9308518203952875,0.0,0.0,0.0,0.0,-0.6718344272042854,-0.8610819189340483,1.0306204699037194,1.2182136440140021,-0.15658632455833416
0.17745076345251468,0.0,1.149512058475987,0.0,0.0,0.6624270235555768,0.16837786189877654,0.0,0.0,-0.1156044587363459
0.503325204710911,0.0,1.0,0.0,0.0,0.35194540650547645,0.31878118133730793,0.0,0.0,0.03405436242240875
0.10024484587421797,0.0,1.0,0.0,0.0,0.23474713340534653,0.6606974057623132,0.0,0.0,0.1440141073111447
-0.4539993177715113,4.330657252493186,0.7106121022478595,0.0,0.0,0.11732130917836721,-0.06124106303535339,0.0,0.0,0.14180829970663275
0.8969920738240472,0.0,1.149512058475987,0.0,0.0,0.713926376956868,0.11452748252207769,0.0,0.0,0.11636367167790261
0.2708278493700818,0.0,0.7106121022478595,0.0,0.0,0.020499577599593657,-0.12561320434640574,0.0,0.0,0.12578390922952334
1.177831475183808,0.0,0.0,0.0,0.0,0.6426719262048421,0.05848678361057452,1.0739196815027685,1.3444369791715767,0.03800956193201734
0.5023882449568319,0.0,0.0,0.0,0.0,0.06962630270234028,-0.06124106303535339,1.071083660422793,1.3444369791715767,-0.053054243220780097
-0.7131342981671296,0.0,0.0,0.0,0.0,-1.3513954655373794,-1.2436386091883012,0.0,0.0,0.13159242443760225
-0.2939193129261073,0.0,0.0,0.0,0.0,-0.5109376799694366,-0.7296649225245023,0.0,0.0,0.13932548162757305
-0.5662920629787208,0.0,0.0,0.0,0.0,-1.3513954655373794,-1.2436386091883012,0.0,0.0,0.021032703532393126
0.023638651815361355,0.0,0.0,0.0,0.0,-1.3513954655373794,-1.2436386091883012,0.0,0.0,-0.12970685038395688
-0.35308985272113314,0.0,0.0,0.0,0.0,0.04491628366005477,1.0429915279268975,1.049929575826221,1.2182136440140021,0.14566775928688588
0.5170897709564869,0.0,0.0,0.0,0.0,-0.5186528218001187,-0.34288385740687394,1.033883362385476,1.3685309911523162,0.1621713286960899
-1.156201580254464,0.0,0.0,0.0,0.0,-0.2682987425518662,-0.2657509156119179,1.022831460331992,1.0,0.17806847386894462
1.0017180061050797,0.0,1.0,0.0,0.0,0.16948318885389377,0.16837786189877654,0.0,0.0,0.17094895499683063
0.34949579173955814,0.0,0.0,0.0,0.0,-0.14218595939831735,-0.12561320434640574,1.078815478559638,1.4067157636187435,0.06924014735674631
0.3717321164342311,0.0,0.0,0.0,0.0,-0.7077869673735322,-0.6167169445693365,0.0,0.0,0.14566775928688588
0.2801846901109775,0.0,0.0,0.0,0.0,-0.23461282284029972,-0.6167169445693365,1.049929575826221,1.2182136440140021,0.16299494447197382
-0.6323981336162521,0.0,0.0,0.0,0.0,-1.3513954655373794,-1.2436386091883012,0.0,0.0,0.06924014735674631
0.7793503822003295,0.0,1.2380816024689916,0.0,0.0,1.2813300463215023,0.31878118133730793,0.0,0.0,0.10942433055590413
-0.08279592383713744,0.0,1.0,0.0,0.0,0.6086724914878108,-0.34288385740687394,0.0,0.0,0.1607983066709099
-0.7234974663879525,0.0,0.0,3.8163916471489756e-17,0.0,0.1923643311521269,-0.12561320434640574,0.0,0.0,0.15392700792213823
0.24784058369930798,0.0,1.2380816024689916,0.0,0.0,1.214001139161717,0.9461359278251181,1.0481458543966122,1.3837532157583627,0.14235985225202022
-0.4326684667200654,0.0,0.0,0.0,0.0,-0.3728566107164076,-0.2657509156119179,0.0,0.0,-0.06722327853070494
-1.1098462137804155,0.0,0.0,0.0,0.0,-0.5338710862403588,-0.6167169445693365,0.0,0.0,0.1440141073111447
0.460622696860305,0.0,0.0,0.0,0.0,-0.12273672847268986,-0.42601894595792045,1.071083660422793,1.3444369791715767,0.14814710866277403
0.7764703685782761,0.0,0.0,0.0,0.0,-0.9674664273370567,-1.022273554629209,0.9271671564532873,1.0,0.1379455493588331
-0.21383266435530338,0.0,0.0,0.0,0.0,-0.33213687257001856,-1.022273554629209,0.0,0.0,0.06025993056079796
0.5334080899467827,0.0,0.0,0.0,0.0,0.008134495694725486,0.49867188906910564,1.006052142399291,1.2182136440140021,0.14814710866277403
-0.12646347925826967,4.330657287183581,0.0,0.0,0.0,-1.3513954655373794,-1.2436386091883012,0.0,0.0,0.1307630956079614
-0.6312635205026351,0.0,0.0,0.0,0.0,-1.3513954655373794,-1.2436386091883012,0.0,0.0,0.1412566800028716
0.6666145433879475,0.0,0.0,0.0,0.0,-0.06822698364850707,0.16837786189877654,1.0573198567524453,1.394034397226019,0.12633742467895162
0.2797310425197733,4.330656905792317,1.149512058475987,0.0,0.0,0.6743060255214145,0.3657267131137707,1.081240003377632,1.4067157636187435,0.032640899845962905
-0.9858201809287506,0.0,0.0,0.0,0.0,-0.6685001566443677,-0.7296649225245023,0.0,0.0,0.07148229991900387
-0.0477106843647004,0.0,0.0,0.0,0.0,-0.3123821019053684,0.11452748252207769,0.0,0.0,0.10525552513714609
-0.8774923646583428,0.0,0.0,0.0,0.0,-0.029721067700905743,-0.2657509156119179,1.087012332022574,1.3837532157583627,0.08407296138038053
-0.31335614762158015,0.0,0.0,0.0,0.0,-0.2548308174126969,-0.34288385740687394,0.0,0.0,0.13573678101369904
0.9427260363862093,0.0,1.149512058475987,0.0,0.0,0.5765747904743599,-0.06124106303535339,0.0,0.0,0.07372329729486081
0.3108228985091754,0.0,1.0,0.0,0.0,0.4518468393821623,0.22025285618736773,0.988153482273682,1.0,0.08295525917178453
-1.4519852298200935,0.0,0.0,0.0,0.0,-0.4702723586282651,-0.12561320434640574,0.0,0.0,0.10831303155124017
-0.8767759882869697,0.0,0.0,0.0,0.0,-0.3052666337569913,0.16837786189877654,0.0,0.0,0.03998578609915474
0.6387634382713278,0.0,0.0,0.0,0.0,0.2164077668589168,-0.34288385740687394,1.0787351585642642,1.3837532157583627,0.12661415681911142
0.022233061151722796,0.0,1.149512058475987,0.0,0.0,0.8532807505405278,0.22025285618736773,0.0,0.0,0.12190738771605827
-0.16908290492051073,0.0,0.0,0.0,0.0,-1.3513954655373794,-1.2436386091883012,0.0,0.0,0.10831303155124017
1.4970398412291273,4.330657137761639,1.2380816024689916,0.0,0.0,1.2669365401955393,0.6216146055503267,1.006052142399291,1.3025175370208548,0.0969061342783171
0.37451653156789366,0.0,0.0,0.0,0.0,-0.22711486204953024,-0.34288385740687394,0.0,0.0,0.09746325100199578
1.3275202729224678,0.0,1.0,0.0,0.0,0.5474826346338024,0.6216146055503267,0.0,0.0,0.002563683239079366
0.12150704886996011,0.0,1.149512058475987,0.0,0.0,0.6890341889642178,0.05848678361057452,0.0,0.0,0.10692351688688098
0.798309921540472,0.0,1.0,0.0,0.0,0.3995939348471318,0.31878118133730793,0.0,0.0,0.14098084495492277
1.5678115942055442,0.0,0.0,0.0,0.0,-0.06194124141530229,0.0,1.084719994083769,1.4140046247801077,0.14042912444351102
-1.346063306703686,0.0,0.0,0.0,0.0,-0.5206123079983815,-0.7296649225245023,0.0,0.0,0.07540328886881378
0.5765572631203113,0.0,0.0,3.8163916471489756e-17,0.0,0.36049889125990836,0.49867188906910564,0.9271671564532873,1.0,0.09495567178341342
-0.14210177332720555,0.0,0.0,0.0,0.0,-1.3513954655373794,-1.2436386091883012,0.0,0.0,-0.03692180526928399
-0.9601762589049017,0.0,0.0,0.0,0.0,-0.4879956411652101,-0.6167169445693365,0.0,0.0,0.1149766673667205
0.9984764605845055,0.0,1.0,0.0,0.0,0.5391000717953324,0.49867188906910564,1.0681963516467783,1.3444369791715767,0.12384606737605534
0.468997262919313,0.0,1.0,0.0,0.0,0.3036238468515771,0.11452748252207769,0.0,0.0,0.12661415681911142
-0.6200294226656613,0.0,0.0,0.0,0.0,-0.3581569760423467,-0.7296649225245023,0.0,0.0,0.1321452254962612
0.498120338082341,0.0,1.2380816024689916,0.0,0.0,0.9743134455041607,0.0,0.0,0.0,0.12218439331023136
-0.34905056708795723,0.0,0.0,0.0,0.0,-0.8315310573768225,-0.8610819189340483,0.988153482273682,1.2182136440140021,0.030661262045417328
-0.09080326192069844,0.0,0.0,0.0,0.0,0.28490864487954337,-0.6167169445693365,0.0,0.0,0.11664102083294463
0.13420086635147013,4.33065677805932,1.149512058475987,0.0,0.0,1.1447724984326486,1.7832167899648053,1.1143997641049526,1.4317853075916405,-0.07621336703798465
0.1505614432556464,0.0,1.0,0.0,0.0,0.2679252818298231,0.11452748252207769,0.0,0.0,0.038856627246867594
0.1840586709236795,0.0,0.7106121022478595,0.0,0.0,-0.08915170231313518,-0.34288385740687394,0.0,0.0,0.07568322451882356
-0.44806556200879694,0.0,0.0,0.0,0.0,-0.08208430995466762,0.0,0.0,0.0,0.1046993885260935
0.04024848091289853,0.0,1.149512058475987,0.0,0.0,0.7315038997654287,0.49867188906910564,1.0394896384476304,1.2182136440140021,0.05829302117502179
0.29508164465595005,0.0,0.0,0.0,0.0,-0.3052666337569913,-0.516595772466355,1.033883362385476,1.3025175370208548,0.03687987965444654
1.151365295350433,0.0,1.149512058475987,0.0,0.0,0.7850561486433055,0.5816230273987638,1.0768506549437087,1.3685309911523162,0.0969061342783171
0.5676965430157677,0.0,0.0,0.0,0.0,-0.1937894977859246,-0.7296649225245023,1.022831460331992,1.0,0.1016393893628901
0.1278740287542878,0.0,1.0,0.0,0.0,0.31938970921887017,0.05848678361057452,0.9271671564532873,1.0,0.09941260642368929
1.0336591051438841,0.0,1.2380816024689916,0.0,0.0,1.000796615944908,0.05848678361057452,1.022831460331992,1.0,-0.10506132186199958
-0.7351228984109646,0.0,1.0,0.0,0.0,0.35355292760042,0.2703350774754977,0.0,0.0,0.09049422815571172
0.8353582915663496,0.0,0.0,0.0,0.0,-0.39280971116364305,-1.022273554629209,0.0,0.0,0.09133109325414267
0.3636122138163546,0.0,0.0,0.0,0.0,-0.559363348383738,-0.8610819189340483,0.0,0.0,0.006264003306895305
-0.45527584759497813,0.0,0.0,0.0,0.0,-0.7077869673735322,-1.022273554629209,1.022831460331992,1.0,0.07904105213250631
0.5351025781740241,0.0,0.0,0.0,0.0,-0.005921311166413615,0.16837786189877654,0.0,0.0,0.09495567178341342
0.16450790396690332,0.0,0.0,0.0,0.0,-0.034443075271142036,0.0,1.022831460331992,1.0,-0.11325906243341793
-0.10697026923011946,0.0,0.7106121022478595,0.0,0.0,0.002907676739303422,0.11452748252207769,0.0,0.0,-0.10389162500901798
0.5178822863355992,0.0,0.0,0.0,0.0,-0.4504732070810026,-0.6167169445693365,1.0629354125627655,1.3025175370208548,0.10664556178320687
-0.0287254976415385,0.0,1.149512058475987,0.0,0.0,0.577914880139593,0.16837786189877654,0.0,0.0,0.08686597068102735
-0.429695768579892,0.0,0.0,0.0,0.0,-1.3513954655373794,-1.2436386091883012,0.0,0.0,0.05182399447222364
0.7075532480878515,4.330657298065855,0.0,0.0,0.0,-0.2613210019676533,-0.6167169445693365,1.0306204699037194,1.2182136440140021,0.04562710850872883
-0.07926875759052192,0.0,0.0,0.0,0.0,-0.3611691579503857,-0.06124106303535339,0.0,0.0,0.08155773010034718
1.2135202232974145,0.0,1.149512058475987,0.0,0.0,0.7707746904917296,0.11452748252207769,1.022831460331992,1.0,0.048163280067716883
-0.029026893360703354,0.0,0.0,0.0,0.0,-0.6603451560859785,-0.7296649225245023,0.0,0.0,0.09105215590766995
0.2217287366877169,0.0,1.0,0.0,0.0,0.4804573752288711,0.3657267131137707,0.8663642547672894,1.0,0.09579168985868206
0.49243991426430334,0.0,0.0,0.0,0.0,-0.39280971116364305,-0.193584983678676,0.0,0.0,0.11025762259367104
-0.6011382767559691,0.0,0.0,0.0,0.0,0.28903095926322625,-0.7296649225245023,0.0,0.0,-1.3928620401564074
-1.1034250899761942,0.0,0.0,0.0,0.0,-1.3513954655373794,-1.2436386091883012,0.0,0.0,0.1183047542234058
-2.0289885230941387,0.0,0.0,0.0,0.0,0.2995290448542684,-0.516595772466355,0.0,0.0,-0.13559816731472346
0.41533842795861947,0.0,1.0,0.0,0.0,0.26624926420674844,0.11452748252207769,0.0,0.0,0.1440141073111447
-0.19359795469003702,0.0,0.0,0.0,0.0,-0.6063765820837328,-0.34288385740687394,0.0,0.0,0.11025762259367104
0.8971489503357876,0.0,1.149512058475987,0.0,0.0,0.7272063008563535,0.3657267131137707,0.0,0.0,0.12301530734969027
-1.2183129551160758,0.0,0.0,3.8163916471489756e-17,0.0,0.24136840732201786,0.31878118133730793,0.0,0.0,0.14318705522981973
0.25316542738394116,0.0,1.0,0.0,0.0,0.25563910378087695,0.16837786189877654,0.0,0.0,0.14346275601699326
1.6277053427903676,4.330657232433621,0.0,0.0,0.0,0.3911957317066041,0.2703350774754977,1.0689577040329925,1.4140046247801077,0.14346275601699326
0.37695183290644463,0.0,0.0,0.0,0.0,-1.3513954655373794,-1.2436386091883012,0.0,0.0,0.14346275601699326
-0.03521756739659764,0.0,1.149512058475987,0.0,0.0,0.5912443759961334,0.11452748252207769,0.0,0.0,-0.025437686981555283
0.8430686739300028,0.0,1.0,0.0,0.0,0.252381922574028,0.2703350774754977,0.0,0.0,0.08965720380335136
-0.3019641062019174,0.0,0.0,0.0,0.0,-0.6565184460148745,-0.193584983678676,0.0,0.0,0.10358690602269834
-2.504121237459017,0.0,0.0,0.0,0.0,-0.6752118293675445,-1.022273554629209,0.0,0.0,-0.04555619036044043
0.09393727710505262,0.0,0.0,0.0,0.0,-0.13244902766075442,0.0,0.0,0.0,-0.020853042779314986
0.7106594950980119,0.0,1.0,0.0,0.0,0.4320410192737985,0.05848678361057452,0.0,0.0,0.08798267678242824
0.7366945739531178,0.0,0.7106121022478595,0.0,0.0,0.08761320589040364,0.2703350774754977,0.0,0.0,-0.014843440923016576
-0.011024547936436056,0.0,0.0,0.0,0.0,0.17361033423382452,0.5406638713926494,1.1059175364583984,1.427761196424576,0.06643582801979948
0.20010355156968873,0.0,0.0,0.0,0.0,0.4741901279680103,0.16837786189877654,0.8663642547672894,1.0,0.0655941786183978
0.03728955776149175,0.0,0.0,0.0,0.0,0.12571223564134798,-0.7296649225245023,0.0,0.0,0.04055025352653657
0.3819962566765384,0.0,1.149512058475987,0.0,0.0,0.6102847030246703,0.16837786189877654,0.0,0.0,0.05266833199207054
0.21091361824179425,0.0,0.0,0.0,0.0,-1.3513954655373794,-1.2436386091883012,0.0,0.0,-0.031462824028751044
-0.20297119844184852,0.0,0.0,0.0,0.0,-0.7475109195614293,-0.7296649225245023,0.0,0.0,0.03687987965444654
-0.14078257074854794,0.0,0.0,0.0,0.0,-0.39148704173238014,-0.6167169445693365,0.0,0.0,0.06025993056079796
-0.006668210059680406,0.0,0.7106121022478595,0.0,0.0,0.009540963598339336,0.0,0.0,0.0,0.024150223855943707
-1.8498060672733239,0.0,0.0,0.0,0.0,0.7491438637443838,-0.6167169445693365,0.0,0.0,0.030378381289579388
0.4860550305360061,0.0,0.0,0.0,0.0,0.039271040743975485,-0.6167169445693365,0.0,0.0,-0.27222109624966745
0.3700659102617559,0.0,0.7106121022478595,0.0,0.0,0.07166778035839548,0.16837786189877654,0.0,0.0,0.01819659437720977
0.8153123333775143,0.0,1.149512058475987,0.0,0.0,1.0566636303207007,0.878778350041491,0.0,0.0,-0.061144704423703865
1.8304154681203788,0.0,1.149512058475987,0.0,0.0,0.7415891922134017,0.49867188906910564,1.0368224148220306,1.3444369791715767,-0.21695334877795333
-0.6268182095724776,0.0,0.0,0.0,0.0,-1.3513954655373794,-1.2436386091883012,0.0,0.0,0.0
-0.2285341974350844,0.0,1.149512058475987,0.0,0.0,0.5826921812587352,0.22025285618736773,0.0,0.0,0.039703524394233324
0.6520815716821868,0.0,1.0,0.0,0.0,0.14985100153422903,0.05848678361057452,0.0,0.0,0.05969804785457015
0.3438170350942476,0.0,1.149512058475987,0.0,0.0,0.6621744540907103,0.3657267131137707,0.0,0.0,-0.009413711615864913
-0.5275817508280781,0.0,0.0,0.0,0.0,-1.3513954655373794,-1.2436386091883012,0.0,0.0,-0.09367168809720082
-0.8483008992703558,0.0,0.0,0.0,0.0,-0.7077869673735322,-1.022273554629209,1.022831460331992,1.0,0.04985322833526934
-0.7647297905802831,0.0,0.0,0.0,0.0,-1.3513954655373794,-1.2436386091883012,0.0,0.0,0.0655941786183978
0.16015306009127686,0.0,1.149512058475987,0.0,0.0,0.7206671998793074,0.31878118133730793,1.022831460331992,1.0,0.06054084451443735
0.06308434344777707,0.0,0.0,0.0,0.0,-1.3513954655373794,-1.2436386091883012,0.0,0.0,-0.10301458259925547
-0.2190325324302878,0.0,0.7106121022478595,0.0,0.0,0.06731920389195108,-0.2657509156119179,1.022831460331992,1.0,-0.06403811188420451
-0.3305890060447751,0.0,0.0,0.0,0.0,-0.5627380187757388,-1.022273554629209,0.0,0.0,-0.04757352862708834
-0.034700956009070194,0.0,0.0,0.0,0.0,-0.23461282284029972,-0.6167169445693365,1.049929575826221,1.2182136440140021,0.05744978558015285
-1.8693504832937466,0.0,0.0,0.0,0.0,-1.3513954655373794,-1.2436386091883012,0.0,0.0,0.04872667009963783
-0.03579538503427021,0.0,0.0,0.0,0.0,-0.8250433285934807,-0.8610819189340483,0.0,0.0,0.023016846274645338
-0.5516205193187029,0.0,0.0,0.0,0.0,-0.33213687257001856,0.05848678361057452,0.0,0.0,0.06587474657365104
-0.4809381833002175,0.0,0.0,0.0,0.0,-0.8008686164877915,-0.7296649225245023,0.998116281742044,1.3025175370208548,-0.04699704362211071
0.6638443783729635,0.0,1.2380816024689916,0.0,0.0,1.1924162749800833,0.5816230273987638,1.0306204699037194,1.2182136440140021,0.05604402647116723
-0.17194077474140437,0.0,0.0,0.0,0.0,-0.06358969550663747,-0.6167169445693365,1.020166863448748,1.2182136440140021,-0.015415406646825077
0.46080038355915703,0.0,0.0,0.0,0.0,-0.21777468867781472,-0.6167169445693365,1.0368224148220306,1.2182136440140021,-0.14386132226483572
0.9429732627381214,0.0,0.7106121022478595,0.0,0.0,0.10590667473973718,0.22025285618736773,0.0,0.0,0.027831605270482725
-0.7751028354173872,0.0,0.0,0.0,0.0,-1.3513954655373794,-1.2436386091883012,0.0,0.0,-0.14947871721977746
0.7639878588447618,0.0,1.149512058475987,0.0,0.0,0.8257951582646064,0.22025285618736773,0.0,0.0,0.05041639662760017
0.38463970026245464,4.3306569934599555,0.0,0.0,0.0,0.1610916399842877,-0.516595772466355,1.049929575826221,1.2182136440140021,0.05041639662760017
0.06663400634390061,0.0,1.0,0.0,0.0,0.2728936653246219,0.22025285618736773,1.071083660422793,1.3444369791715767,0.04224320835441134
-0.24593235833960886,0.0,0.0,0.0,0.0,-1.3513954655373794,-1.2436386091883012,0.0,0.0,0.02188316458922518
-0.5974896358741127,0.0,0.7106121022478595,0.0,0.0,-0.0957228906020893,-0.2657509156119179,0.0,0.0,0.07820183733248802
1.0625274986295319,0.0,1.0,0.0,0.0,0.32080564120337246,0.05848678361057452,0.0,0.0,-0.09454663832043403
-0.20898036221204935,0.0,0.0,0.0,0.0,-0.5742767490190575,-0.516595772466355,1.0269662977944063,1.3025175370208548,0.07484336363649294
-0.3810431891938363,0.0,0.0,0.0,0.0,-0.37662997428474326,-0.34288385740687394,0.0,0.0,-0.007986018727765786
0.483873982946363,0.0,1.0,0.0,0.0,0.4990308307987676,0.31878118133730793,0.0,0.0,-0.8169306822989997
-0.29171576928762083,0.0,1.0,0.0,0.0,0.37449728021782547,0.05848678361057452,0.0,0.0,0.07400334087809841
0.21134249723770765,0.0,0.0,0.0,0.0,-0.3660428442029294,-0.516595772466355,0.9565747954222968,1.0,-0.17918302392683816
-0.5551758394339447,0.0,0.0,0.0,0.0,-0.7077869673735322,-1.022273554629209,0.0,0.0,0.050697953086757466
0.08167062257346014,0.0,1.0,0.0,0.0,0.37347299565115344,0.22025285618736773,0.0,0.0,-0.5092719188998173
-0.26064490703069676,0.0,1.2380816024689916,0.0,0.0,0.9967470870113467,0.2703350774754977,0.0,0.0,-0.35023909185522983
-1.142459128795569,0.0,0.0,0.0,0.0,-0.5627380187757388,-1.022273554629209,0.0,0.0,-0.4800530469766785
-0.3014778695821564,0.0,0.0,0.0,0.0,-0.020371213403473715,-0.6167169445693365,0.0,0.0,-0.17739408392007314
0.6376426724545157,0.0,0.0,0.0,0.0,-0.1460346946358272,-0.42601894595792045,0.0,0.0,-0.13058996998369865
0.1723711018994049,0.0,0.0,0.0,0.0,-0.06194124141530229,-0.7296649225245023,0.0,0.0,0.034619615940706505
-0.1686990663446704,0.0,0.0,0.0,0.0,-0.4666110923155345,-0.8610819189340483,1.022831460331992,1.0,-0.2740580008341693
0.6303783578143147,0.0,0.0,0.0,0.0,0.3150406447506449,-0.6167169445693365,0.0,0.0,-0.2875585840685708
0.9439568491212734,0.0,1.2380816024689916,0.0,0.0,1.3279570101345033,0.6216146055503267,0.0,0.0,-0.23750210697647195
0.838165866769507,0.0,0.0,0.0,0.0,0.09761061292976146,-0.516595772466355,1.0915595943888237,1.3025175370208548,-0.4440140193583757
-1.7450702001912242,0.0,0.0,0.0,0.0,0.2890032103845338,-0.7296649225245023,0.0,0.0,-0.2844856159836332
-0.2700590504391542,0.0,0.0,0.0,0.0,-0.1470024638536306,0.05848678361057452,0.0,0.0,-0.04497999261591373
0.23889963923172353,0.0,0.0,0.0,0.0,-0.08077928638238441,0.22025285618736773,1.022831460331992,1.0,-0.07940829188472001
-1.2294883781987282,0.0,0.0,0.0,0.0,-1.3513954655373794,-1.2436386091883012,0.0,0.0,-0.22026944476192245
-0.2573830013698335,0.0,0.0,0.0,0.0,-0.04360320742622856,0.7730013276593265,0.0,0.0,-0.07157078692914362
-0.16303867573676703,0.0,0.0,0.0,0.0,-1.3513954655373794,-1.2436386091883012,0.0,0.0,-0.05189978982554885
0.03662736769041316,0.0,0.0,0.0,0.0,-1.0642418779419427,-0.8610819189340483,0.0,0.0,-0.5615604169050394
-0.6816329142602299,0.0,0.0,0.0,0.0,-1.3513954655373794,-1.2436386091883012,0.0,0.0,0.04252530229768711
0.951219737014905,4.330657153270268,0.0,0.0,0.0,-0.14971033719721588,-0.6167169445693365,0.9271671564532873,1.2182136440140021,0.0019941120479214135
0.36656933639521533,0.0,1.149512058475987,0.0,0.0,0.6135610559483463,0.2703350774754977,1.022831460331992,1.0,-0.025437686981555283
0.16232183178756027,0.0,0.7106121022478595,0.0,0.0,0.07500893358773446,0.05848678361057452,0.0,0.0,-0.11648434890546791
-0.08824961684441573,0.0,1.149512058475987,0.0,0.0,0.8711762431993489,0.3657267131137707,0.0,0.0,-0.03692180526928399
-0.1488055277830847,0.0,0.0,0.0,0.0,-0.05630369510482341,0.9461359278251181,0.0,0.0,-0.004846823433621156
-1.4266705805567672,0.0,0.0,0.0,0.0,-0.33213687257001856,-1.022273554629209,0.0,0.0,-0.10945081748309995
0.8132125867766925,0.0,0.0,0.0,0.0,-0.23461282284029972,0.11452748252207769,0.0,0.0,-0.020853042779314986
-1.1061675205993307,0.0,0.0,0.0,0.0,-1.3513954655373794,-1.2436386091883012,0.0,0.0,0.08351414592388201
0.7221905380945257,0.0,0.7106121022478595,0.0,0.0,0.299338475062795,0.2703350774754977,1.0560115612601553,1.4013322872298855,-0.011984799915188046
1.2355575149768692,0.0,1.149512058475987,0.0,0.0,0.8292653132288392,0.11452748252207769,0.0,0.0,-0.013699747147863706
1.2526125284270266,0.0,1.0,0.0,0.0,0.24544627506612313,0.16837786189877654,0.9685015758370832,1.0,-0.032037109801438445
0.1376652433025136,0.0,1.2380816024689916,0.0,0.0,1.0914649946407704,0.8089350854960184,1.0125842817931043,1.0,-0.04757352862708834
0.7108947364772776,0.0,0.0,0.0,0.0,-0.8193665386907896,-0.6167169445693365,0.988153482273682,1.0,-0.07534247014171369
1.0587060844845448,0.0,0.0,0.0,0.0,0.14123428853866984,-0.516595772466355,0.0,0.0,0.0
1.1926645206997577,0.0,1.149512058475987,0.0,0.0,0.835222341986871,0.3657267131137707,1.0744806419174684,1.3685309911523162,-0.03318592371320602
-0.08052881136612225,0.0,1.149512058475987,0.0,0.0,0.8453545024474557,0.16837786189877654,1.022831460331992,1.0,-0.1583653230206077
0.07127524751274883,0.0,0.0,0.0,0.0,0.11047302186863805,-0.8610819189340483,0.0,0.0,-0.0334731777220262
0.5609470853989188,4.330657265222109,0.7106121022478595,0.0,0.0,0.3054848500200585,0.0,0.0,0.0,0.0028484396802898266
1.662736255500768,0.0,0.0,0.0,0.0,-0.18231461698664425,-0.516595772466355,0.9565747954222968,1.3025175370208548,-0.14415676723119566
0.4275497835798223,0.0,0.0,0.0,0.0,-1.3513954655373794,-1.2436386091883012,0.0,0.0,-0.15421563367541363
-0.594965360544645,4.330657300540935,0.0,0.0,0.0,-1.3513954655373794,-1.2436386091883012,0.0,0.0,0.01251863837267055
-0.1701624172050518,0.0,0.0,0.0,0.0,-0.5473096114071293,-0.34288385740687394,0.0,0.0,-0.07186078950309857
0.17883872599240483,0.0,0.0,0.0,0.0,-0.33269505067102134,-0.06124106303535339,0.0,0.0,-0.06954135981696692
1.2783079806574695,0.0,1.149512058475987,0.0,0.0,0.5881675614481428,0.3657267131137707,1.032941221045593,1.3025175370208548,0.026416068194671922
0.08588496868586223,0.0,1.0,0.0,0.0,0.4856765066307074,0.11452748252207769,0.0,0.0,-0.08609693234452058
-0.31793487718681707,0.0,0.0,0.0,0.0,-1.0824468927632918,-0.6167169445693365,0.0,0.0,-0.028879536209520423
0.02917903915543128,0.0,1.0,0.0,0.0,0.3845934358897099,0.05848678361057452,0.0,0.0,0.012802718408529815
1.0360685300924615,0.0,0.0,0.0,0.0,0.14123428853866984,-0.516595772466355,1.022831460331992,1.3444369791715767,-0.04094890015089542
-0.47552970733497196,0.0,0.7106121022478595,0.0,0.0,0.08777742157923445,0.2703350774754977,0.0,0.0,-0.05189978982554885
1.075367497170601,0.0,1.0,0.0,0.0,0.7257091430597213,1.0429915279268975,1.1032727403324518,1.4262157565009101,-0.02515099665558928
-0.6792968741657398,0.0,0.0,0.0,0.0,-0.7077869673735322,-1.022273554629209,0.0,0.0,-0.03548452245835057
1.0226284528939389,0.0,0.0,0.0,0.0,-0.03690326425606338,0.05848678361057452,1.0873462068337068,1.4165481093681518,-0.024577676111985292
-0.10584769692189518,0.0,0.0,0.0,0.0,-1.3513954655373794,-1.2436386091883012,0.0,0.0,-0.040085615333619276
0.48708865076512486,0.0,0.7106121022478595,0.0,0.0,-0.006121683233530678,0.11452748252207769,0.0,0.0,-0.07969886730969536
-0.9901104404039435,0.0,0.0,0.0,0.0,-0.4666110923155345,-1.022273554629209,0.0,0.0,-0.05189978982554885
-0.2500632866517257,0.0,1.0,0.0,0.0,0.44950913035010626,0.49867188906910564,0.998116281742044,1.0,-0.04699704362211071
0.6435252565273687,0.0,0.0,0.0,0.0,-0.7077869673735322,-1.022273554629209,0.0,0.0,-0.01112759297698107
-0.48802525323290635,0.0,0.0,0.0,0.0,-0.5937538127100144,-0.8610819189340483,0.0,0.0,-0.028879536209520423
0.1429528386531283,0.0,0.0,0.0,0.0,-0.008533025263230631,-0.6167169445693365,1.022831460331992,1.0,0.010529539511274034
0.7872658161187117,0.0,0.0,0.0,0.0,-0.14280211381044447,-0.516595772466355,0.9750538018491568,1.3025175370208548,0.033771707493466606
1.045820681122702,0.0,1.149512058475987,0.0,0.0,0.6835477674026096,0.31878118133730793,1.0735678943842095,1.3444369791715767,0.026699213460394312
0.2131324599706896,0.0,1.149512058475987,0.0,0.0,0.8153160694540977,-0.193584983678676,0.0,0.0,-0.04613247011265415
-1.2875015834399577,0.0,0.0,0.0,0.0,-0.2327248045425896,-0.6167169445693365,0.0,0.0,-0.051611228117356224
-0.09848533522942386,0.0,0.0,0.0,0.0,-1.3513954655373794,-1.2436386091883012,0.0,0.0,0.010813754241400473
0.5675898248706532,0.0,0.0,3.8163916471489756e-17,0.0,1.0558870066541168,0.7363445937263972,1.063716165391442,1.4165481093681518,0.02754853569432448
0.4798421592916764,0.0,0.7106121022478595,0.0,0.0,-0.0890309510270886,0.11452748252207769,0.0,0.0,0.02386690795000495
1.2526934569254666,0.0,0.0,0.0,0.0,0.5128317160296704,0.22025285618736773,1.022831460331992,1.0,0.02188316458922518
-0.07867180027881572,0.0,1.0,0.0,0.0,0.39170402036312324,1.2238098830387245,0.0,0.0,-0.05218837218323296
0.41956763532330416,0.0,0.7106121022478595,0.0,0.0,0.025579467532532277,-0.2657509156119179,0.0,0.0,-0.06925152598902191
0.6834642553769351,0.0,0.7106121022478595,0.0,0.0,0.07069065597352477,0.0,0.0,0.0,-0.10915803025087645
1.3281985734670922,0.0,1.149512058475987,0.0,0.0,0.5992731800497103,0.11452748252207769,1.022831460331992,1.0,-0.06519606070451647
0.7857038432687333,0.0,1.2380816024689916,0.0,0.0,0.9469837286678771,0.22025285618736773,0.0,0.0,0.005979479604844569
0.2979945367353429,0.0,0.7106121022478595,0.0,0.0,0.12293103455604516,0.49867188906910564,1.0463489399748842,1.3025175370208548,-0.059698783657241544
0.17511662521307614,4.330657288024042,0.7106121022478595,0.0,0.0,0.41967466493718564,-0.06124106303535339,0.0,0.0,-0.058253383721103565
1.0668567907403208,0.0,0.0,0.0,0.0,0.01836648153721487,-0.42601894595792045,1.0515961795290998,1.3025175370208548,-0.07621336703798465
1.1118712716531807,0.0,1.149512058475987,0.0,0.0,0.5738519037546252,0.2703350774754977,0.0,0.0,-0.07128080547299386
-0.12054466860356046,0.0,0.0,0.0,0.0,-0.18420460737220118,0.3657267131137707,0.0,0.0,-0.07534247014171369
0.9198751607727287,0.0,0.0,0.0,0.0,0.024877229889437906,0.4555743605292723,1.0945281266321183,1.4262157565009101,-0.08202423869255338
-0.7516329945287331,4.330656905792317,0.0,0.0,0.0,-0.6282951186576696,-0.6167169445693365,0.0,0.0,-0.0721508132018869
0.6925267851676619,0.0,1.2380816024689916,0.0,0.0,0.9733048441698707,1.2238098830387245,0.988153482273682,1.0,-0.02687143940916309
0.07360496794260402,0.0,0.0,0.0,0.0,-0.17115568492354238,-0.516595772466355,1.0419259054467114,1.3025175370208548,-0.1223554112731669
-0.7716404233374685,0.0,0.0,0.0,0.0,-0.15673552667537866,0.6989246298564699,0.0,0.0,-0.06143395115214087
0.6269191178408533,0.0,0.7106121022478595,0.0,0.0,0.01123274104795596,0.2703350774754977,1.0394896384476304,1.0,-0.01770406295529687
0.5992008842263327,0.0,1.0,0.0,0.0,0.4197626740010343,0.4555743605292723,0.0,0.0,-0.10506132186199958
0.49549026808885005,0.0,1.149512058475987,0.0,0.0,0.8015302137070768,0.2703350774754977,0.0,0.0,-0.10301458259925547
0.09686180613793932,0.0,0.0,0.0,0.0,-0.1823900475603534,-0.193584983678676,1.0419259054467114,1.3444369791715767,-0.10652393695517184
0.3577662337854267,0.0,1.0,0.0,0.0,0.3829074530771638,0.4555743605292723,0.0,0.0,-0.4119104068091761
-1.1730518132212637,0.0,0.0,0.0,0.0,-0.16969064154755228,-0.42601894595792045,0.0,0.0,-0.17322323995659988
0.2298563835028957,0.0,0.7106121022478595,0.0,0.0,0.4830528330476476,0.05848678361057452,0.0,0.0,-0.03548452245835057
-0.5967278302170417,0.0,0.0,0.0,0.0,-1.004474624773398,-0.8610819189340483,0.0,0.0,-0.40075248242421846
0.6506484357828944,0.0,0.0,0.0,0.0,-0.7077869673735322,-1.022273554629209,1.022831460331992,1.0,-0.053631593950506956
-0.02837904446347128,0.0,0.0,0.0,0.0,0.02186907285561078,-0.34288385740687394,1.0780420772306372,1.3444369791715767,-0.1059388249949074
0.41700887590487634,0.0,0.0,0.0,0.0,0.39829404318756845,-0.42601894595792045,0.0,0.0,-0.039510194012987464
-0.5045288694387245,0.0,0.0,0.0,0.0,-0.8522737322181162,-0.6167169445693365,0.0,0.0,-0.1326513747039255
-0.5655009894823979,0.0,1.149512058475987,0.0,0.0,0.751734491882777,0.2703350774754977,0.0,0.0,-0.07360124881459555
-0.8694975763433351,0.0,0.0,0.0,0.0,-0.38624662872237375,-0.12561320434640574,0.8663642547672894,1.0,-0.1350086269457782
-0.6287819000336934,0.0,0.7106121022478595,0.0,0.0,0.08439982616035623,0.05848678361057452,0.0,0.0,-0.15658632455833416
0.38854485401109223,0.0,1.149512058475987,0.0,0.0,0.7603978076726092,0.9127530921308108,1.0785824463066542,1.394034397226019,-0.28848101172296053
-0.7104669327326164,4.330655285737183,0.7106121022478595,0.0,0.0,0.02468978782214393,0.16837786189877654,1.049929575826221,1.2182136440140021,0.034902214541459683
0.09231052885733723,0.0,1.149512058475987,0.0,0.0,0.7454819564024662,0.05848678361057452,0.0,0.0,0.05576281963260141
-0.12020303459754404,0.0,0.0,0.0,0.0,-0.2451639401513793,-0.193584983678676,0.0,0.0,0.028963694553249892
0.5019424386524223,0.0,0.0,0.0,0.0,-0.12104192616488664,-0.2657509156119179,1.0395405064119771,1.3025175370208548,-0.4279202041994579
-0.14969463100158775,0.0,1.0,0.0,0.0,0.28381713204057374,0.11452748252207769,1.022831460331992,1.0,-0.22298488756541426
0.14046411413504428,0.0,1.0,0.0,0.0,0.4758931529139765,0.11452748252207769,0.0,0.0,-0.10389162500901798
0.6326372811566348,0.0,0.0,0.0,0.0,0.3867638398589793,-0.516595772466355,0.0,0.0,-0.24235434969074177
-0.7125498110963175,0.0,0.0,0.0,0.0,-0.7035742349565985,-0.6167169445693365,0.0,0.0,-0.11677769012105069
0.2706850763173756,0.0,0.0,0.0,0.0,-1.3513954655373794,-1.2436386091883012,0.0,0.0,0.015358574622143482
0.05844608139559974,0.0,0.0,0.0,0.0,-0.49245131483031374,-0.6167169445693365,1.006052142399291,1.3025175370208548,-0.5391261291873991
0.7229880499913799,0.0,1.0,0.0,0.0,0.16024125290511324,0.05848678361057452,0.0,0.0,-0.07360124881459555
-0.3463552975921092,0.0,0.7106121022478595,0.0,0.0,0.09793231023918003,0.22025285618736773,0.0,0.0,-0.08464191675305559
-0.1141488496005686,0.0,0.0,0.0,0.0,-0.24889453068596962,0.05848678361057452,0.0,0.0,-0.10184549930767049
0.8676943865813859,0.0,0.0,0.0,0.0,-0.310485162049046,-0.7296649225245023,1.0368224148220306,1.2182136440140021,-0.13058996998369865
1.3996768324870257,0.0,0.0,0.0,0.0,0.2598732675983509,0.0,1.0830672935472692,1.394034397226019,-0.11941876364911261
0.05574628788087319,0.0,0.0,0.0,0.0,-1.3513954655373794,-1.2436386091883012,0.0,0.0,-0.1068165259194378
-1.6717716429186216,0.0,0.0,0.0,0.0,-0.7262190442916495,-0.06124106303535339,0.0,0.0,-0.11707105359575706
0.6258227957090002,4.330657251212871,0.0,0.0,0.0,0.40057261983396697,0.6989246298564699,1.0996178201834592,1.4281668800002032,-0.10301458259925547
0.5705941710397585,0.0,0.0,0.0,0.0,0.24577717007070057,-0.06124106303535339,1.0730034399359627,1.4067157636187435,-0.14386132226483572
-0.42673635818262806,0.0,0.0,0.0,0.0,-0.5627380187757388,-1.022273554629209,0.0,0.0,-0.11883170231817639
0.04921897280626028,0.0,0.0,0.0,0.0,-1.3513954655373794,-1.2436386091883012,0.0,0.0,-0.10652393695517184
-0.1629117872237215,0.0,0.0,0.0,0.0,-0.5475244542666335,-0.34288385740687394,0.988153482273682,1.0,-0.08115206432016196
-0.20564203347098964,0.0,1.0,0.0,0.0,0.32417356239417233,0.16837786189877654,0.0,0.0,-0.08667908885111593
-0.11848024965438846,0.0,0.0,0.0,0.0,-0.24542921979161308,-0.12561320434640574,0.0,0.0,-0.10301458259925547
-0.9307307517627497,0.0,0.0,0.0,0.0,-0.8218712255566567,-0.7296649225245023,0.0,0.0,-0.17113957061543122
-0.30789287969247964,0.0,0.0,0.0,0.0,-0.14624188426583204,0.05848678361057452,1.0906644137474482,1.4186096146759073,-0.11824473024026563
-0.6597332351847911,0.0,0.0,0.0,0.0,-0.47618476170379725,-0.34288385740687394,1.015228502427235,1.2182136440140021,-0.08202423869255338
-0.551878421524911,0.0,0.0,0.0,0.0,-0.5870312964716218,-0.516595772466355,0.0,0.0,-0.13795723995047104
-0.7413050078037471,0.0,0.0,0.0,0.0,-0.44516379017103425,-0.34288385740687394,0.0,0.0,-0.07447176413091622
-0.39350400702558763,0.0,0.0,0.0,0.0,-0.04825469850588083,0.16837786189877654,0.0,0.0,-0.12735285874990906
1.172875371688249,0.0,1.149512058475987,0.0,0.0,0.5838682818182533,0.2703350774754977,0.0,0.0,-0.10827980088441946
-0.3238672531080857,0.0,0.0,0.0,0.0,-0.38494887421377505,0.0,0.0,0.0,-0.08667908885111593
-0.5098830759982591,0.0,0.0,0.0,0.0,-0.12078178864922405,0.5406638713926494,0.0,0.0,-0.09017383498807488
0.8897663246211895,0.0,1.0,0.0,0.0,0.2923230203254259,0.0,0.0,0.0,-0.13677752127191897
-1.2362919395614331,0.0,0.0,0.0,0.0,-1.3513954655373794,-1.2436386091883012,0.0,0.0,-0.1459299202724643
-0.619813968562174,0.0,0.0,0.0,0.0,-1.3513954655373794,-1.2436386091883012,0.0,0.0,-0.3779227080875674
0.05294227231716678,0.0,0.0,0.0,0.0,-1.3513954655373794,-1.2436386091883012,0.0,0.0,-0.11413841958457853
-1.308314657195819,0.0,0.0,0.0,0.0,-1.0219636296145476,-0.7296649225245023,0.0,0.0,-0.16162900909713018
-1.346998602754546,0.0,0.0,0.0,0.0,-1.3513954655373794,-1.2436386091883012,0.0,0.0,-0.1400226268010896
-0.17460746093464172,0.0,0.0,0.0,0.0,-0.8315310573768225,-0.8610819189340483,0.988153482273682,1.2182136440140021,-0.1690570657225901
-0.8438093794703152,0.0,0.0,0.0,0.0,-0.5962845029359588,-0.516595772466355,1.006052142399291,1.2182136440140021,-0.1474081815271252
0.5819474905102828,0.0,0.7106121022478595,0.0,0.0,-0.020784981851852784,0.11452748252207769,0.9991601796548555,1.2182136440140021,-0.24417565381031966
-0.2868753443840712,0.0,0.0,0.0,0.0,0.35187110228002966,-0.193584983678676,0.0,0.0,-0.12500030967966536
0.6989388022080939,0.0,1.149512058475987,0.0,0.0,0.7001812884503017,0.11452748252207769,0.0,0.0,-0.0785366934354417
-0.9421643182389134,0.0,0.0,0.0,0.0,-0.8008686164877915,-1.022273554629209,0.0,0.0,-0.2545141570521591
-0.7596100290439853,0.0,0.0,0.0,0.0,-0.9674664273370567,-1.022273554629209,0.0,0.0,-0.15243859346724797
0.9536757464220214,0.0,1.2380816024689916,0.0,0.0,0.9397764843532282,0.41128985457575656,1.022831460331992,1.0,-0.22570238398707648
0.7254533976256622,0.0,1.0,0.0,0.0,0.2640161002086677,0.11452748252207769,0.0,0.0,-0.10857252195912527
-0.11655763882023892,0.0,0.0,0.0,0.0,-0.540515051441367,-0.193584983678676,0.0,0.0,-0.163707379373426
0.16704862356153868,4.330656747736993,1.0,0.0,0.0,0.19911360749913828,0.11452748252207769,0.0,0.0,-0.14918285703468118
0.27460204192815213,0.0,1.149512058475987,0.0,0.0,0.8345078464461405,0.9789536507197586,1.0933827710063697,1.4248002454769926,-0.12764702873109177
0.729596294131672,0.0,1.0,0.0,2.740863092043355e-16,1.04281487129412,0.6989246298564699,1.033883362385476,1.0,-0.11941876364911261
1.2193143473587813,0.0,1.2380816024689916,0.0,0.0,0.9360310905180442,0.22025285618736773,0.0,0.0,-0.18067446719612765
0.2593346181072476,0.0,0.0,0.0,0.0,-0.39923054541789776,0.0,0.0,0.0,-0.5195194362492451
-0.14171455572786548,0.0,0.0,0.0,0.0,0.33464199198519884,-0.193584983678676,1.0665838155427505,1.3685309911523162,-0.14504324015060244
-0.3883863541187972,0.0,0.0,0.0,0.0,-1.3513954655373794,-1.2436386091883012,0.0,0.0,-0.12147418207132006
-0.6659665101665004,0.0,0.0,0.0,0.0,-0.5306032272246237,-0.8610819189340483,0.9565747954222968,1.0,-0.22993369930089827
-0.7676490420358267,0.0,0.0,0.0,0.0,-0.7077869673735322,-1.022273554629209,0.0,0.0,-0.1827634978944174
-0.24772896151486826,0.0,0.0,0.0,0.0,-0.0651871837290334,-0.516595772466355,0.0,0.0,-0.35839371891968225
-0.2064703159424963,0.0,0.0,0.0,0.0,-0.05289975163864785,-0.8610819189340483,0.0,0.0,-0.14504324015060244
-0.9061516850991014,0.0,0.0,0.0,0.0,-0.6402442786887096,-0.8610819189340483,0.0,0.0,-0.1223554112731669
0.229501942683796,0.0,1.149512058475987,0.0,0.0,0.5650930034884594,0.11452748252207769,0.0,0.0,-0.09017383498807488
0.8189310814776525,0.0,0.7106121022478595,0.0,0.0,0.6089791250513708,0.22025285618736773,0.0,0.0,-0.09221387090839751
0.6612951773008618,0.0,0.0,0.0,0.0,-0.12273672847268986,-0.6167169445693365,1.049929575826221,1.2182136440140021,-0.09688079364668466
0.2566298174163385,0.0,1.0,0.0,0.0,0.48439568923694765,0.3657267131137707,0.0,0.0,-0.1512543646859294
-0.8132010623615391,0.0,0.0,0.0,0.0,-0.6146657679146795,-0.7296649225245023,0.0,0.0,-0.15451188847132552
-0.4022154286553169,0.0,0.0,0.0,0.0,-0.5980695274877912,-0.7296649225245023,0.9402926997094184,1.0,-0.1326513747039255
1.0157645655960763,4.330657296624287,0.0,0.0,0.0,-0.07053519037160981,0.0,1.0819903531651198,1.41081075138084,-0.07940829188472001
0.5080402120301706,0.0,1.0,0.0,0.0,0.24892539277211895,0.05848678361057452,1.022831460331992,1.0,-0.05767536938731013
0.08560042547083657,0.0,1.149512058475987,0.0,0.0,0.6718214463371338,0.11452748252207769,0.0,0.0,-0.16162900909713018
-0.4021128812023075,0.0,0.0,0.0,0.0,-0.4816880572320487,-0.193584983678676,0.0,0.0,-0.270997033771094
-0.14404100374231588,0.0,0.0,0.0,0.0,-0.7077869673735322,-1.022273554629209,0.0,0.0,-0.062301816611548176
0.3432115559136873,0.0,1.149512058475987,0.0,0.0,0.5671304864549731,0.22025285618736773,0.0,0.0,-0.06519606070451647
0.5594973851069283,0.0,1.0,0.0,0.0,0.40234368443975393,0.7363445937263972,1.0306204699037194,1.2182136440140021,0.024433520778649197
-0.6710534700074401,0.0,1.0,0.0,0.0,0.35756404017793014,0.11452748252207769,0.0,0.0,-0.06751296507318709
0.5503259402110562,0.0,1.2380816024689916,0.0,0.0,0.9360511166452317,0.11452748252207769,1.022831460331992,1.0,-0.06577516087238351
0.5551261982165127,0.0,1.149512058475987,0.0,0.0,1.2106925500165049,0.2703350774754977,1.022831460331992,1.0,-0.06954135981696692
0.6913497474359659,4.330656905792317,0.0,0.0,0.0,-0.7497933515674177,-0.516595772466355,1.0125842817931043,1.3685309911523162,-0.06925152598902191
-0.21646688815266393,0.0,0.0,3.8163916471489756e-17,0.0,0.2951564883668231,0.05848678361057452,0.0,0.0,-0.06983121471363825
0.6046487286278165,0.0,0.0,0.0,0.0,-0.1305817160431506,0.0,0.0,0.0,-0.06809240122467114
-0.38428025634156876,0.0,0.0,0.0,0.0,-0.2590231572750571,-0.193584983678676,0.0,0.0,-0.07012109068603475
0.48647019794920915,0.0,1.0,0.0,0.0,0.1924975213163321,0.05848678361057452,0.0,0.0,-0.0721508132018869
0.2680698448513563,0.0,0.0,0.0,0.0,0.4630517270799177,-0.6167169445693365,0.0,0.0,-0.07244085803254048
0.7458433364466993,0.0,1.2380816024689916,0.0,2.740863092043355e-16,1.0597708176561602,0.7363445937263972,0.0,0.0,-0.09571354225842282
-0.12434771479152948,0.0,0.0,0.0,0.0,-0.42040214786227165,0.22025285618736773,1.0681963516467783,1.4229121222943437,-0.07592304685126006
0.23420409650688453,0.0,0.0,0.0,0.0,-0.6257406946473614,-0.6167169445693365,1.0269662977944063,1.0,-0.07969886730969536
0.015775699188918052,0.0,0.0,0.0,0.0,-0.33213687257001856,-1.022273554629209,0.0,0.0,-0.07621336703798465
0.592903574024432,0.0,1.149512058475987,0.0,0.0,0.8153990108636006,0.11452748252207769,0.0,0.0,-0.0823150062207061
1.2775816148060062,0.0,1.149512058475987,0.0,0.0,0.7888700721813492,0.2703350774754977,1.022831460331992,1.0,-0.07998946405084437
0.45238335566928883,0.0,0.0,0.0,0.0,-0.30022307792731456,-0.34288385740687394,1.0788332782404915,1.3837532157583627,-0.07940829188472001
0.09231052885733723,0.0,0.0,0.0,0.0,0.0014314965075777563,-0.193584983678676,1.0665838155427505,1.3444369791715767,-0.08028008211531318
0.6294453281116227,0.0,1.0,0.0,0.0,0.45556394863564326,0.05848678361057452,0.0,0.0,-0.08173349253786132
-0.1386418358918235,0.0,1.0,0.0,0.0,0.22745061953253085,0.41128985457575656,0.9565747954222968,1.0,-0.08376916471484426
0.17505904568903446,0.0,0.0,0.0,0.0,-0.23033499834884966,-0.12561320434640574,1.0515961795290998,1.4067157636187435,-0.08173349253786132
0.08062965258886315,0.0,1.149512058475987,0.0,0.0,0.6139133875599166,0.11452748252207769,0.0,0.0,-0.08028008211531318
0.3227046287389038,0.0,1.2380816024689916,0.0,0.0,1.113403438537298,0.7730013276593265,0.9565747954222968,1.0,-0.0823150062207061
-0.34244966464750715,0.0,0.7106121022478595,0.0,0.0,-0.10171144309774549,-0.516595772466355,0.0,0.0,-0.08638799985700955
-0.4426751307694142,0.0,1.0,0.0,0.0,0.3988873397439457,0.05848678361057452,0.0,0.0,-0.08609693234452058
0.6386127763034352,0.0,1.0,0.0,0.0,0.13201671884486973,0.0,0.0,0.0,-0.06345926312092837
-0.26225031124182024,0.0,0.7106121022478595,0.0,0.0,-0.027982726944277135,0.2703350774754977,0.0,0.0,-0.08726133131316374
0.746793582582968,0.0,0.7106121022478595,0.0,0.0,0.027633290133393083,0.0,0.0,0.0,-0.08842607433573677
0.2688573612332591,4.330657255344063,1.0,0.0,0.0,0.659091197582915,-0.06124106303535339,1.022831460331992,1.0,-0.09250539106211515
-0.2784908357212886,0.0,0.0,0.0,0.0,-0.1287889121857828,-0.06124106303535339,0.0,0.0,-0.09017383498807488
-0.16507196867056792,0.0,0.0,0.0,0.0,-0.5627380187757388,-1.022273554629209,0.0,0.0,-0.09192237238202965
1.0751852274397777,0.0,1.149512058475987,0.0,0.0,0.748021233973227,0.31878118133730793,0.0,0.0,-0.0983403472048822
1.0721544329123183,0.0,1.149512058475987,0.0,0.0,0.66044843052061,0.05848678361057452,0.0,0.0,-0.09250539106211515
-0.7453003981759618,0.0,0.0,0.0,0.0,-0.6387586173995393,-0.7296649225245023,0.0,0.0,-0.09483833175730019
0.9834653495556349,0.0,1.149512058475987,0.0,0.0,0.7477860300563924,0.3657267131137707,0.0,0.0,-0.09396331649774595
-1.1236144898156446,0.0,1.2380816024689916,0.0,0.0,0.9154376633203548,0.7363445937263972,0.0,0.0,-0.09425496656970388
-0.6717557354296719,0.0,0.0,0.0,0.0,0.06868771384149916,0.22025285618736773,0.0,0.0,-0.0989243210521562
0.47440950012614996,0.0,0.0,0.0,0.0,0.17849187681832698,-0.516595772466355,1.0269662977944063,1.3025175370208548,-0.1059388249949074
0.3667594583674564,0.0,1.149512058475987,0.0,0.0,0.8251878677972818,0.11452748252207769,0.0,0.0,-0.11091508481169236
0.14268871737517014,0.0,0.0,0.0,0.0,-1.3513954655373794,-1.2436386091883012,0.0,0.0,-0.10184549930767049
-0.49678678944897353,0.0,0.0,0.0,0.0,-1.3513954655373794,-1.2436386091883012,0.0,0.0,-0.10096891651797847
-0.33065817348776594,0.0,0.0,0.0,0.0,-0.9674664273370567,-1.022273554629209,0.0,0.0,-0.1059388249949074
0.243546341078052,0.0,1.0,0.0,0.0,0.3236006339691269,0.05848678361057452,0.0,0.0,-0.10506132186199958
0.4086311583215246,0.0,1.149512058475987,0.0,0.0,0.673108753751528,0.11452748252207769,1.0269662977944063,1.2182136440140021,-0.10623136998284527
-0.7910092825452024,0.0,0.0,3.8163916471489756e-17,0.0,0.13968516139517004,0.0,0.0,0.0,-0.1068165259194378
1.0391116593759293,0.0,1.149512058475987,0.0,0.0,0.6343659352549478,0.05848678361057452,0.0,0.0,-0.1123799047841069
0.43613803423643516,0.0,1.149512058475987,0.0,0.0,0.7859096292756241,0.31878118133730793,0.0,0.0,-0.1161910299412949
-0.7752417511315591,0.0,0.0,0.0,0.0,-1.3513954655373794,-1.2436386091883012,0.0,0.0,-0.11091508481169236
0.09145092212901539,0.0,0.7106121022478595,0.0,0.0,-0.04018666108570262,0.41128985457575656,0.0,0.0,-0.10915803025087645
-0.5008249610090686,0.0,1.0,0.0,0.0,0.2020307807333532,0.16837786189877654,0.0,0.0,-0.11062218716495109
0.47137691046621244,0.0,1.149512058475987,0.0,0.0,0.5826921812587352,0.2703350774754977,0.0,0.0,-0.01999399114277368
-0.16338320125622385,0.0,0.0,0.0,0.0,-0.5147710448223202,-0.42601894595792045,0.0,0.0,-0.11648434890546791
-0.2462994688958756,0.0,0.0,0.0,0.0,-0.8559395489780305,-0.7296649225245023,0.0,0.0,-0.11472476862191859
0.5898865592159673,0.0,1.0,0.0,0.0,0.33244092316558754,0.11452748252207769,0.0,0.0,-0.11472476862191859
-2.040836734222439,0.0,0.0,0.0,0.0,-0.28022120518858756,-1.022273554629209,0.0,0.0,-0.12323684213443908
-0.8724416602778498,0.0,1.0,0.0,0.0,0.1935950300265783,0.05848678361057452,0.0,0.0,-0.11736443933730575
-0.28361694020849054,0.0,0.0,0.0,0.0,-0.09960285364269991,0.16837786189877654,0.0,0.0,-0.11883170231817639
-0.5401212849651393,0.0,0.0,0.0,0.0,-1.3513954655373794,-1.2436386091883012,0.0,0.0,-0.12147418207132006
-0.31367094005443175,0.0,1.0,0.0,0.0,0.5145608483826332,0.2703350774754977,0.0,0.0,-0.12118048378083011
0.38059122553913166,0.0,1.149512058475987,0.0,0.0,0.7474853731712575,0.16837786189877654,0.0,0.0,-0.12294300942772889
-1.0294325797599537,0.0,0.0,0.0,0.0,-1.3513954655373794,-1.2436386091883012,0.0,0.0,-0.12705871130875987
0.37210092346748624,0.0,1.2380816024689916,0.0,0.0,1.1329308123357118,1.1652729620405098,1.0709758052436231,1.2182136440140021,-0.13766227606001624
-0.03985283604591332,0.0,0.7106121022478595,0.0,0.0,0.06787563261679505,0.11452748252207769,0.0,0.0,-0.1288239342140959
-0.21633005590989796,0.0,1.0,0.0,0.0,0.2685020101762273,0.16837786189877654,0.0,0.0,-0.12735285874990906
-0.6032327520031219,0.0,0.0,0.0,0.0,-1.3513954655373794,-1.2436386091883012,0.0,0.0,-0.1291182170139423
0.7996317990659675,0.0,1.0,0.0,0.0,0.3239913311901668,0.2703350774754977,1.022831460331992,1.0,-0.13294595176022794
-0.27476138272275036,0.0,1.0,0.0,0.0,0.2997195483135109,0.22025285618736773,1.022831460331992,1.0,-0.1370724167288007
0.6260089362169882,0.0,1.0,0.0,0.0,0.3502339214573521,0.2703350774754977,0.9565747954222968,1.0,-0.13736733498881387
-0.1217245495538073,0.0,1.0,0.0,0.0,0.3754722105963417,0.16837786189877654,0.998116281742044,1.0,-0.13294595176022794
-0.15481956608078742,0.0,0.0,0.0,0.0,-0.7713928143454797,-0.7296649225245023,0.0,0.0,-0.14622552639633798
1.5573810503035854,0.0,1.149512058475987,0.0,0.0,0.8766303593337839,0.6606974057623132,1.0782178813683299,1.3685309911523162,-0.1350086269457782
-0.014489688450648368,4.33065677805932,0.0,0.0,0.0,-0.2261034492420216,-0.6167169445693365,1.049929575826221,1.2182136440140021,-0.141793850756318
0.3601242711426835,0.0,1.0,0.0,0.0,0.40306870673492057,0.16837786189877654,1.0125842817931043,1.0,-0.13913732386625438
-0.30032994980323796,0.0,1.0,0.0,0.0,0.4155010008218178,0.2703350774754977,0.0,0.0,-0.13530338575280615
-0.2024919035254826,0.0,0.0,0.0,0.0,-1.3513954655373794,-1.2436386091883012,0.0,0.0,-0.1370724167288007
-0.8412656602598823,0.0,0.0,0.0,0.0,-0.5627380187757388,-0.8610819189340483,1.049929575826221,1.2182136440140021,-0.1400226268010896
0.13095251582383077,0.0,0.0,0.0,0.0,-0.7077869673735322,-1.022273554629209,0.0,0.0,-0.14208913496578188
-0.46461974492500036,0.0,1.0,0.0,0.0,0.35554974676025936,0.22025285618736773,0.0,0.0,-0.1459299202724643
0.6075125834906762,0.0,1.149512058475987,0.0,0.0,0.9292105575930073,0.11452748252207769,0.0,0.0,-0.141793850756318
-0.39299806368094203,0.0,1.149512058475987,0.0,0.0,0.8797748433875449,0.22025285618736773,1.006052142399291,1.0,-0.14327050129321656
0.34707883036506776,0.0,1.0,0.0,0.0,0.2444824980060767,0.11452748252207769,0.0,0.0,-0.14415676723119566
0.0963900427374097,0.0,0.0,0.0,0.0,0.20232486376102793,-0.7296649225245023,0.0,0.0,-0.14504324015060244
0.9367679968668039,0.0,1.0,0.0,0.0,0.4959810996919635,0.11452748252207769,0.0,0.0,-0.14947871721977746
0.13812437533385874,0.0,0.0,0.0,0.0,-1.3513954655373794,-1.2436386091883012,0.0,0.0,-0.1512543646859294
-0.4972309450540257,0.0,1.149512058475987,0.0,0.0,0.7530974414225322,0.3657267131137707,1.0419259054467114,1.2182136440140021,-0.1474081815271252
-0.2483424998014554,0.0,1.149512058475987,0.0,0.0,0.8497914705858299,0.11452748252207769,0.0,0.0,-0.14799964758886625
0.1602821838528032,0.0,1.149512058475987,0.0,0.0,0.7070475661788025,0.8441827789462959,0.0,0.0,-0.1512543646859294
0.822397001958601,0.0,1.0,0.0,0.0,0.20434625223597594,0.05848678361057452,0.0,0.0,-0.15036643668410346
-0.36968814661935345,0.0,0.7106121022478595,0.0,0.0,0.04630591437158394,0.11452748252207769,0.0,0.0,-0.15036643668410346
0.8433755200932909,0.0,1.2380816024689916,0.0,0.0,1.1679632817621504,0.3657267131137707,1.0094658201328144,1.0,-0.15391940215852676
-0.12228952354246758,0.0,0.0,0.0,0.0,-0.4097900255070059,-0.2657509156119179,0.0,0.0,-0.1577722300368234
0.6190010781944612,0.0,1.2380816024689916,0.0,2.740863092043355e-16,1.8272032622555374,0.5816230273987638,0.0,0.0,-0.15362319391231113
-1.7559697654215172,0.0,0.0,0.0,0.0,-0.9674664273370567,-1.022273554629209,0.0,0.0,-0.1577722300368234
0.6975254348716013,0.0,1.149512058475987,0.0,0.0,0.7234503670148236,0.2703350774754977,1.033883362385476,1.2182136440140021,-0.16044188589855832
-0.7393390179926241,0.0,0.7106121022478595,0.0,0.0,0.08493687229792793,0.22025285618736773,0.0,0.0,-0.15628990657486477
0.29737334995784176,0.0,0.0,0.0,0.0,-0.3870276290828415,-0.193584983678676,0.0,0.0,-0.1586619046031161
-0.2899102006049622,0.0,0.0,0.0,0.0,-0.21744517172226827,-0.06124106303535339,0.0,0.0,-0.16073863149343814
-0.5112134465265513,0.0,0.0,0.0,0.0,-0.25673902615686917,0.31878118133730793,0.0,0.0,-0.1598484650674772
0.44960502527261387,0.0,0.0,0.0,0.0,-0.9282227893455726,-0.516595772466355,0.0,0.0,-0.1586619046031161
-0.8645160196979482,0.0,0.0,0.0,0.0,-0.7001791464200086,-1.022273554629209,0.0,0.0,-0.16430141126757045
0.1601295807327982,0.0,0.7106121022478595,0.0,0.0,0.14537854950985424,0.16837786189877654,1.022831460331992,1.0,-0.16430141126757045
-0.007473014307493605,0.0,0.0,0.0,0.0,-0.6011560385637145,-0.42601894595792045,0.0,0.0,-0.16578690356274117
0.5102660545421784,0.0,0.0,0.0,0.0,0.5601095409341926,0.7730013276593265,1.1026106113091392,1.4288581958896645,-0.16459846255981714
0.10764527114855506,0.0,1.149512058475987,0.0,0.0,0.7572086740944233,0.05848678361057452,0.0,0.0,-0.16638126568440312
-0.4872372234740561,0.0,0.0,0.0,0.0,-1.3513954655373794,-1.2436386091883012,0.0,0.0,-0.16638126568440312
1.1344993434035928,0.0,1.149512058475987,0.0,0.0,0.7860332346505338,0.3657267131137707,0.0,0.0,-0.16816491935366656
0.07849119553737642,0.0,0.0,0.0,0.0,0.21321855053249147,-0.12561320434640574,1.0768506549437087,1.4013322872298855,-0.17292550150228495
-0.5852398687697469,0.0,0.0,0.0,0.0,-1.3513954655373794,-1.2436386091883012,0.0,0.0,-0.17113957061543122
0.05286123247809511,0.0,0.0,0.0,0.0,0.11008103926771583,-0.34288385740687394,0.0,0.0,-0.17411659830474902
-0.6396941922482364,0.0,0.0,0.0,0.0,-0.17218434928642865,0.16837786189877654,0.0,0.0,-0.1696519484725484
0.21114458220229043,0.0,0.0,0.0,0.0,0.14123428853866984,-0.6167169445693365,0.0,0.0,-0.17441443211159408
-0.3046001911798118,0.0,0.0,0.0,0.0,-1.3513954655373794,-1.2436386091883012,0.0,0.0,-0.17501017131384686
0.7791940372748725,0.0,0.0,0.0,0.0,-0.7827296072725455,-0.7296649225245023,0.989920921912559,1.0,-0.17709601112003343
-0.16672830031911395,0.0,0.0,0.0,0.0,0.3446917658187779,-0.6167169445693365,0.0,0.0,-0.17888480730948492
-0.06837485313626462,0.0,0.7106121022478595,0.0,0.0,0.1607020564977564,0.31878118133730793,0.0,0.0,-0.17709601112003343
0.08047338404225358,0.0,1.0,0.0,0.0,0.5012601438963883,-0.516595772466355,0.0,0.0,-0.1785866146837036
-0.779144605065557,0.0,0.0,0.0,0.0,-0.5627380187757388,-1.022273554629209,0.0,0.0,-0.1854511306181837
0.21612126572684479,0.0,0.7106121022478595,0.0,0.0,0.13567951049091756,0.31878118133730793,0.0,0.0,-0.18306202720704942
-0.840851411060111,0.0,0.0,0.0,0.0,-0.32277718678624034,-0.516595772466355,0.0,0.0,-0.18455503568231532
0.22176128474770818,0.0,1.149512058475987,0.0,0.0,0.76320169171485,0.31878118133730793,0.0,0.0,-0.1872439737803763
-0.2688357562164754,0.0,0.0,0.0,0.0,-0.9674664273370567,-1.022273554629209,0.0,0.0,-0.18694510603709683
0.5635603552243105,0.0,1.0,0.0,0.0,0.3807929600781948,0.05848678361057452,0.0,0.0,-0.1872439737803763
-0.2640059061057508,0.0,0.0,0.0,0.0,-0.2797370105613695,-0.06124106303535339,0.0,0.0,-0.1872439737803763
-0.4373824605651393,0.0,0.0,0.0,0.0,-0.7001791464200086,-0.7296649225245023,0.0,0.0,-0.1899348753840089
0.7960823639806012,0.0,0.0,0.0,0.0,-0.12424165931709068,-0.42601894595792045,1.0707719825752884,1.3444369791715767,-0.18933672722847744
-0.68286389720458,0.0,0.7106121022478595,0.0,0.0,0.21951443676474652,0.31878118133730793,0.9735014075863995,1.0,-0.19382521301279548
-0.32097418071145606,4.330656862613931,0.7106121022478595,0.0,0.0,-0.014464628857150915,0.05848678361057452,0.0,0.0,-0.19143067156350563
-0.536900361588778,0.0,0.0,0.0,0.0,-1.3513954655373794,-1.2436386091883012,0.0,0.0,-0.17054445052622808
-0.3466149008124372,0.0,1.0,0.0,0.0,0.5428575990633143,0.5406638713926494,1.0747494493742287,1.394034397226019,-0.19712026242455438
0.5746612179311559,0.0,1.149512058475987,0.0,0.0,0.8508513232737669,0.11452748252207769,0.0,0.0,-0.19382521301279548
1.212793537066023,0.0,1.0,0.0,0.0,0.4374449749847835,0.31878118133730793,0.0,0.0,-0.19771968098599804
0.03066906443404185,0.0,0.0,0.0,0.0,-0.22400467225313497,-0.34288385740687394,0.0,0.0,-0.19831919778272164
-1.916708445544239,0.0,0.0,0.0,0.0,-0.6632519546844675,-1.022273554629209,0.0,0.0,-0.20552108858241597
-0.5006462753336983,0.0,0.0,0.0,0.0,-0.2880543937870133,-0.516595772466355,0.0,0.0,-0.20191836563213428
-0.7770041598877724,0.0,0.0,0.0,0.0,-0.4879956411652101,-0.6167169445693365,0.0,0.0,-0.2934048301515023
0.918448961247539,0.0,0.0,0.0,0.0,-0.04409342664323881,-0.2657509156119179,0.9667081782844337,1.0,-0.20371928171646078
0.3681523324654292,0.0,1.0,0.0,0.0,0.47637313197250675,0.11452748252207769,0.0,0.0,-0.20431978492996172
0.21052852721854778,0.0,1.0,0.0,0.0,0.5479983543300683,0.31878118133730793,0.0,0.0,-0.20221845653835405
1.092593491548556,0.0,1.149512058475987,0.0,0.0,0.7556214197937299,0.9461359278251181,0.0,0.0,-0.20401952094659326
0.5756485320107482,0.0,1.0,0.0,0.0,0.5393705127477798,0.2703350774754977,1.049929575826221,1.2182136440140021,-0.20462007367589258
1.0495320580391507,4.330657293342497,1.2380816024689916,0.0,0.0,1.3064157963771,0.9127530921308108,1.0911023226586676,1.4217198523711672,-0.20462007367589258
-1.6321218030726152,0.0,0.0,0.0,0.0,-0.3463579279866599,-0.516595772466355,0.0,0.0,-0.20462007367589258
-0.20231943702140512,0.0,0.0,0.0,0.0,-0.18043339839119768,0.0,0.8663642547672894,1.0,-0.20822547351027051
0.27006269482305406,4.330656905792317,1.0,0.0,0.0,0.572297980969306,0.5816230273987638,1.0531584011826194,1.3025175370208548,-0.20882672142564926
0.6582134482134285,0.0,1.149512058475987,0.0,0.0,0.7786648852724583,0.5406638713926494,0.0,0.0,-0.22268307041482194
0.5142759949907578,0.0,1.149512058475987,0.0,0.0,0.9224177633955435,0.41128985457575656,0.0,0.0,-0.20882672142564926
-0.44543324506578735,0.0,0.0,0.0,0.0,-0.27703695777120757,0.0,0.0,0.0,-0.21243630343194098
-0.03043000079199717,0.0,1.2380816024689916,0.0,0.0,1.0264962698858713,0.11452748252207769,0.9750538018491568,1.2182136440140021,-0.2118344567057487
-0.030097842186443555,0.0,0.0,3.8163916471489756e-17,0.0,0.05160271273613698,-0.06124106303535339,0.0,0.0,-0.2166520366589816
1.1222229354520796,0.0,1.149512058475987,0.0,0.0,0.7716081889482763,0.5406638713926494,0.0,0.0,-0.212737264315428
0.41561138549295773,0.0,1.0,0.0,0.0,0.38608792929620744,0.0,0.0,0.0,-0.21484469176825025
-0.6300944689243269,0.0,0.0,0.0,0.0,-1.3513954655373794,-1.2436386091883012,0.0,0.0,-0.21876175018798766
-0.22121383294828179,0.0,1.0,0.0,0.0,0.36375823504576515,0.2703350774754977,0.9565747954222968,1.0,-0.22026944476192245
0.7039011985529268,0.0,0.0,0.0,0.0,0.06145896729951087,-0.6167169445693365,0.0,0.0,-0.22087269938565968
-0.36756654566931485,0.0,0.0,0.0,0.0,-0.3628672827550198,-0.8610819189340483,0.0,0.0,-0.22057105943597002
1.7828994373987026,0.0,1.0,0.0,0.0,0.8191565891756325,0.49867188906910564,1.022831460331992,1.0,-0.2193647522969348
0.2957144941767611,0.0,0.0,0.0,0.0,-0.8335162702185647,-0.7296649225245023,0.0,0.0,-0.22087269938565968
-0.3587856701597342,0.0,0.0,0.0,0.0,-1.3513954655373794,-1.2436386091883012,0.0,0.0,-0.22268307041482194
-0.12727358598668154,0.0,0.0,0.0,0.0,-0.5627380187757388,-1.022273554629209,0.0,0.0,-0.35274603417023503
-0.4549981301341437,0.0,0.0,0.0,0.0,-0.4666110923155345,-0.516595772466355,0.0,0.0,-0.23932092093310145
0.08863437755451997,0.0,0.0,0.0,0.0,-0.1253574551381459,0.11452748252207769,0.9271671564532873,1.0,-0.2338672663290475
0.6412357919706556,0.0,1.149512058475987,0.0,0.0,0.6057926404769232,0.3657267131137707,0.0,0.0,-0.20582147647198454
0.4677888730494756,0.0,1.149512058475987,0.0,0.0,0.7675321094411284,0.4555743605292723,0.0,0.0,-0.23174865330227698
-0.4012930683160987,4.330657300430333,1.0,0.0,0.0,0.20671623166724445,0.16837786189877654,0.0,0.0,-0.2338672663290475
0.3290831895628841,0.0,1.149512058475987,0.0,0.0,0.6998024236944163,0.7363445937263972,1.0506095113302245,1.3025175370208548,-0.22993369930089827
-0.14444714306733902,0.0,0.0,0.0,0.0,-0.38885687014875886,-0.2657509156119179,0.0,0.0,-0.23174865330227698
-0.050033318373449376,0.0,0.0,0.0,0.0,-0.9674664273370567,-1.022273554629209,0.9271671564532873,1.0,-0.24023067727047803
0.2564740887099919,0.0,1.0,0.0,0.0,0.4545902020656407,0.3657267131137707,0.0,0.0,-0.24660551854256682
0.4385222165140769,0.0,1.149512058475987,0.0,0.0,0.5294859111116927,0.16837786189877654,1.022831460331992,1.0,-0.23932092093310145
0.11741075478587015,0.0,0.7106121022478595,0.0,0.0,-0.01897752764723489,0.05848678361057452,0.0,0.0,-0.2399273992526457
0.9541735414384743,0.0,1.2380816024689916,0.0,0.0,1.0315105513227234,0.4555743605292723,0.9750538018491568,1.0,-0.23810827487568992
0.115746196527588,0.0,0.0,0.0,0.0,-0.2925336452859802,0.22025285618736773,0.0,0.0,-0.24447929561594495
0.6839245903367475,0.0,1.149512058475987,0.0,0.0,0.8263552684126555,-0.06124106303535339,0.0,0.0,-0.2459978957669975
0.37157914753245036,0.0,1.149512058475987,0.0,0.0,0.6535284752770987,0.8089350854960184,0.0,0.0,-0.24478296348279527
-0.31850088654302344,0.0,0.0,0.0,0.0,-1.3513954655373794,-1.2436386091883012,0.0,0.0,-0.24630169409344924
-0.5441544100247251,0.0,1.149512058475987,0.0,0.0,1.0068759541075092,1.2807778127702338,1.0913816735113018,1.4067157636187435,-0.24387203805570445
-0.012585544522819517,0.0,0.0,0.0,0.0,0.06744766790852039,-0.12561320434640574,1.1012352541979449,1.4067157636187435,-0.2459978957669975
-1.296590471053485,0.0,0.0,0.0,0.0,-1.3513954655373794,-1.2436386091883012,0.0,0.0,-0.25025345324367354
-0.30055055465060376,0.0,0.0,0.0,0.0,-0.26233644700545483,-0.42601894595792045,0.0,0.0,-0.24660551854256682
0.7925738460985385,0.0,1.2380816024689916,0.0,0.0,1.1953776946728671,0.41128985457575656,0.0,0.0,-0.2481250329876781
-0.6221880556624945,0.0,0.0,0.0,0.0,-1.3513954655373794,-1.2436386091883012,0.0,0.0,-0.2526875091459938
0.9370449855634776,0.0,1.149512058475987,0.0,0.0,0.7006160154489688,0.41128985457575656,0.0,0.0,-0.2520788373398605
0.3756455521584916,0.0,1.149512058475987,0.0,0.0,0.8115496554410397,0.22025285618736773,0.0,0.0,-0.25329628631115425
0.7944643311345552,0.0,1.2380816024689916,0.0,0.0,0.9806289522100365,0.5816230273987638,1.0648370576179522,1.3444369791715767,-0.2563417554444737
-0.7238799857324405,0.0,0.0,0.0,0.0,-1.3513954655373794,-1.2436386091883012,0.0,0.0,-0.2505576182242082
0.023470120159045454,0.0,0.0,0.0,0.0,-0.33213687257001856,-1.022273554629209,0.0,0.0,-0.25878003574896236
0.51919396104133,0.0,0.0,0.0,0.0,-0.32277718678624034,0.11452748252207769,0.0,0.0,-0.25725591177998747
-0.23396484848194063,0.0,0.0,0.0,0.0,-1.3513954655373794,-1.2436386091883012,0.0,0.0,-0.2590849401490832
1.0846613667320446,0.0,1.2380816024689916,0.0,0.0,0.9535641422593316,0.11452748252207769,0.0,0.0,-0.25878003574896236
0.6633287668320187,0.0,1.149512058475987,0.0,0.0,0.8202046366958282,0.49867188906910564,0.0,0.0,-0.26274586766603175
-0.08862555279964993,0.0,1.0,0.0,0.0,0.39845383695171976,0.2703350774754977,0.0,0.0,-0.26335639538019195
0.034346628150664874,0.0,1.0,0.0,0.0,0.1495613169836264,0.05848678361057452,0.0,0.0,-0.26488318225646984
0.2808697132518397,0.0,1.149512058475987,0.0,0.0,0.6722020496907622,0.5406638713926494,0.0,0.0,-0.2676330855587275
-0.0712427601999295,0.0,0.0,0.0,0.0,-0.7077869673735322,-1.022273554629209,1.022831460331992,1.0,-0.2670218081993313
-0.07563007478279005,0.0,0.0,0.0,0.0,0.1610916399842877,-0.7296649225245023,0.8663642547672894,1.0,-0.2694675625982534
-0.3961410993078803,0.0,0.0,0.0,0.0,-0.4862308703206636,-0.6167169445693365,0.0,0.0,-0.26793876452152854
0.2733832337056617,0.0,0.0,0.0,0.0,0.15764584088222655,1.417011751987217,0.0,0.0,-0.27344559107406785
0.5333414250477408,0.0,1.0,0.0,0.0,0.18848676650684545,-0.06124106303535339,0.0,0.0,-0.2694675625982534
0.7085939131062203,0.0,0.7106121022478595,0.0,0.0,0.12032620161872573,0.22025285618736773,0.0,0.0,-0.2694675625982534
1.4427728383957188,4.330657260007543,1.149512058475987,0.0,0.0,0.9491607662513738,0.3657267131137707,1.033883362385476,1.2182136440140021,-0.27222109624966745
1.0879284800578164,4.330657293462601,1.2380816024689916,0.0,0.0,1.10027227196985,0.4555743605292723,0.998116281742044,1.2182136440140021,-0.2743642463394591
0.9192724063439893,0.0,1.0,0.0,0.0,0.7319722919811869,1.2524829530295192,0.0,0.0,-0.27681518683448475
0.7861472330838983,0.0,1.149512058475987,0.0,0.0,0.7464647620687147,0.4555743605292723,0.0,0.0,-0.2743642463394591
0.551102478465206,0.0,1.0,0.0,0.0,0.32104127808918786,0.05848678361057452,0.0,0.0,-0.2808016785426279
-0.30090366985395217,0.0,1.0,0.0,0.0,0.2470386960679068,0.31878118133730793,0.0,0.0,-0.27896118684049215
-0.759745387478489,0.0,0.0,0.0,0.0,-1.3513954655373794,-1.2436386091883012,0.0,0.0,-0.2801880721075672
-0.9836209008549882,0.0,1.0,0.0,0.0,0.4048998646592723,0.22025285618736773,0.0,0.0,-0.2786545337096585
0.9918577131396237,0.0,1.0,0.0,0.0,0.27892036000745074,0.05848678361057452,0.0,0.0,-0.28325719836904123
-0.23374440711824893,0.0,1.0,0.0,0.0,0.5055800842346283,0.05848678361057452,0.0,0.0,-0.28202921946033344
-0.12261501252329789,0.0,1.149512058475987,0.0,0.0,0.6084464566873399,0.05848678361057452,0.0,0.0,-0.28509998952960525
-0.6080062250660847,0.0,0.0,0.0,0.0,-0.8315310573768225,-1.022273554629209,0.988153482273682,1.0,-0.29494498033026745
0.9281398840103975,0.0,0.0,0.0,0.0,0.04085853620324301,0.7730013276593265,0.0,0.0,-0.28848101172296053
-0.3573452200526878,0.0,0.0,0.0,0.0,-0.25673902615686917,0.22025285618736773,0.0,0.0,-0.27130300889644215
-1.1870533950263877,0.0,0.0,0.0,0.0,-0.14000252667575858,0.11452748252207769,1.0684430782711694,1.0,-0.29063430981188076
0.9583481774666931,0.0,1.0,0.0,0.0,0.4696383716516408,0.3657267131137707,1.0403420982403901,1.2182136440140021,-0.2887885428135756
-0.3541869918135041,0.0,0.0,0.0,0.0,-1.0525103976331662,-1.022273554629209,0.8663642547672894,1.0,-0.2992611095016221
2.2032571123631213,0.0,1.2380816024689916,0.0,0.0,1.2677365408645531,0.5406638713926494,0.0,0.0,-0.300186707546091
-0.12884468603350224,0.0,1.0,0.0,0.0,0.3871364150079291,0.05848678361057452,0.0,0.0,-0.29802737088934717
-1.0576128807820224,0.0,0.0,0.0,0.0,-0.5627380187757388,-1.022273554629209,0.0,0.0,-0.2974106694230289
1.0560520693873965,0.0,0.0,0.0,0.0,-0.26409678590551144,-0.516595772466355,1.022831460331992,1.0,-0.29987814683323527
-0.14349396237819334,0.0,1.0,0.0,0.0,0.6714406223718871,0.22025285618736773,0.0,0.0,-0.29001894350731083
0.8219072492917535,0.0,1.0,0.0,0.0,0.3974715461421383,0.05848678361057452,0.0,0.0,-0.29833576356507185
-0.6923575542419894,0.0,0.0,0.0,0.0,-1.3513954655373794,-1.2436386091883012,0.0,0.0,-0.3017299320468051
-0.24281969536189613,0.0,0.0,0.0,0.0,-1.3513954655373794,-1.2436386091883012,0.0,0.0,-0.3042005533293882
-0.7685184481283891,0.0,0.0,0.0,0.0,-1.3513954655373794,-1.2436386091883012,0.0,0.0,-0.30636382719664423
-0.34022458353786317,0.0,0.0,0.0,0.0,-0.828262722629982,-1.022273554629209,0.9892669338662534,1.0,-0.30574560771816894
-0.23964002180534416,0.0,0.0,0.0,0.0,-0.9813131246092198,-0.7296649225245023,0.0,0.0,-0.30698215980133287
1.146327774503889,0.0,1.2380816024689916,0.0,0.0,0.9404735174944429,0.16837786189877654,0.0,0.0,-0.3042005533293882
-0.2186010058277889,4.330657296154777,0.0,0.0,0.0,0.009879814987165444,-0.12561320434640574,1.0894301173025083,1.4013322872298855,-0.3079098710270697
-0.6762614462850788,0.0,0.0,0.0,0.0,-0.3965405463741059,-0.7296649225245023,0.0,0.0,-0.31720106512074087
0.4592483833675678,0.0,1.0,0.0,0.0,0.431372796299695,0.22025285618736773,0.0,0.0,-0.30914721615424723
0.8254042115939083,0.0,0.0,0.0,0.0,0.039271040743975485,-0.6167169445693365,0.0,0.0,-0.31038501549431174
-0.8981507143539469,0.0,1.0,0.0,0.0,0.4344918286082008,0.05848678361057452,0.0,0.0,-0.3094566233770491
0.6992199806823672,0.0,1.149512058475987,0.0,0.0,0.5246865407216967,0.11452748252207769,1.022831460331992,1.0,-0.3131717286798456
0.45770159060444915,0.0,0.0,0.0,0.0,0.02073598525676312,0.9461359278251181,0.9271671564532873,1.0,-0.3221669098556469
-0.6395459473059855,0.0,0.7106121022478595,0.0,0.0,-0.03428309576649024,0.22025285618736773,0.0,0.0,-0.3258961452205411
-0.8114261854846523,0.0,1.0,0.0,0.0,0.25498925501979164,0.22025285618736773,0.0,0.0,-0.3162707887070967
0.41262098708413264,0.0,0.0,0.0,0.0,-0.2955499781158839,-0.516595772466355,0.9565747954222968,1.0,-0.31689094429829845
-0.3158108659503608,0.0,0.0,0.0,0.0,-0.0011880717543211899,0.878778350041491,0.0,0.0,-0.31720106512074087
1.2395227928007708,0.0,0.0,0.0,0.0,-0.43509608803976185,-0.7296649225245023,0.9750538018491568,1.2182136440140021,-0.3255852161588904
0.4550711188498114,0.0,1.149512058475987,0.0,0.0,0.6573420298234993,0.7730013276593265,0.0,0.0,-0.31751121464391435
-1.9028439042408953,0.0,1.0,0.0,0.0,0.28398520002261296,-0.12561320434640574,0.0,0.0,-0.3187520999868383
-0.7423123303799521,0.0,0.0,0.0,0.0,-1.3513954655373794,-1.2436386091883012,0.0,0.0,-0.3230988277690643
-0.04316412449688769,0.0,0.0,0.0,0.0,-0.5988379990205733,-0.7296649225245023,1.006052142399291,1.2182136440140021,-0.3237202510222518
-0.3740006673642636,0.0,0.0,0.0,0.0,-1.3513954655373794,-1.2436386091883012,0.0,0.0,-0.32620710332630704
0.056754802323804615,0.0,0.0,0.0,0.0,-0.15355942634260547,-0.6167169445693365,0.0,0.0,-0.3280734625823307
0.5859331836317357,0.0,1.149512058475987,0.0,0.0,0.8039071071946922,0.7730013276593265,0.8663642547672894,1.0,-0.32776232995116295
0.23114391800973594,0.0,0.7106121022478595,0.0,0.0,-0.019286865495651024,0.0,0.0,0.0,-0.35023909185522983
-0.3083836862208864,0.0,0.0,0.0,0.0,-0.32682174516799,0.22025285618736773,0.9271671564532873,1.2182136440140021,-0.3339905317413532
0.8478260930080208,0.0,1.149512058475987,0.0,0.0,0.6842234919678001,0.8441827789462959,1.0681963516467783,1.4229121222943437,-0.3483601471846412
0.4005147973887936,0.0,0.0,0.0,0.0,-0.4666110923155345,-0.7296649225245023,1.0629354125627655,1.3025175370208548,-0.33274395478051816
-1.1438888600675612,0.0,0.0,0.0,0.0,-0.7980245739192735,-0.8610819189340483,0.0,0.0,-0.3302522073702102
0.17504752927287484,0.0,1.149512058475987,0.0,0.0,0.8545708142121833,0.7363445937263972,0.0,0.0,-0.3339905317413532
1.4959226123703924,0.0,1.149512058475987,0.0,0.0,0.7109376820587308,0.3657267131137707,0.0,0.0,-0.3374210438139719
0.02916509971720322,0.0,0.0,0.0,0.0,0.43782907626953244,-0.12561320434640574,0.0,0.0,-0.34147989014044633
0.18409282228739304,0.0,0.0,0.0,0.0,-0.3203934604669628,-0.6167169445693365,0.0,0.0,-0.3137913119500158
0.071393880750129,0.0,0.0,0.0,0.0,-0.5627380187757388,-1.022273554629209,0.0,0.0,-0.3408551265165232
-0.14092317016665767,0.0,0.0,0.0,0.0,-0.1861034639724407,0.0,0.0,0.0,-0.3408551265165232
1.1286259315435714,0.0,1.149512058475987,0.0,0.0,0.8466590457899126,0.31878118133730793,0.0,0.0,-0.3386693871364251
-0.31050712395540553,0.0,0.7106121022478595,0.0,0.0,0.1417128102796777,0.0,0.0,0.0,-0.34272977360131174
1.0533076924056068,0.0,1.0,0.0,0.0,0.5246865407216967,0.31878118133730793,0.0,0.0,-0.3411674934970097
0.4909300433979395,0.0,0.7106121022478595,0.0,0.0,0.22099785524908547,0.6216146055503267,0.0,0.0,-0.3483601471846412
0.13783442902346987,0.0,1.149512058475987,0.0,0.0,0.6128878836187074,0.31878118133730793,0.0,0.0,-0.3483601471846412
0.32953823207711425,0.0,0.0,0.0,0.0,-0.2136753377677934,-0.42601894595792045,0.0,0.0,-0.3461694081237427
-0.12446795756307291,0.0,0.0,0.0,0.0,-1.3513954655373794,-1.2436386091883012,0.0,0.0,-0.3499258593859073
-0.2191502675233006,0.0,0.0,0.0,0.0,0.3072590569755214,-0.42601894595792045,0.0,0.0,-0.35431385243260155
0.06506729382035338,0.0,1.149512058475987,0.0,0.0,0.8344963163886677,0.4555743605292723,1.0180943570563883,1.0,-0.35023909185522983
0.054089402821833305,0.0,0.0,0.0,0.0,-0.39280971116364305,-0.193584983678676,0.0,0.0,-0.3605926952572736
0.58854070692882,0.0,0.0,0.0,0.0,0.24631819065274177,0.16837786189877654,1.058558970906916,1.4140046247801077,-0.3580797010947812
-1.1274166675001847,0.0,0.0,0.0,0.0,-1.3513954655373794,-1.2436386091883012,0.0,0.0,-0.35651006729177137
0.7485696674948771,0.0,1.2380816024689916,0.0,0.0,0.9795816410402683,0.11452748252207769,0.0,0.0,-0.3624787206779783
-1.1370436780331417,0.0,0.0,0.0,0.0,-0.12273672847268986,-1.022273554629209,0.0,0.0,-0.35902184574113855
0.7356102888127066,0.0,1.0,0.0,0.0,0.423665690302285,0.16837786189877654,0.0,0.0,-0.3637366820098659
-0.13034994008519263,0.0,0.0,0.0,0.0,-0.8451301658145488,-0.7296649225245023,0.0,0.0,-0.3624787206779783
-0.13715410472039188,0.0,0.7106121022478595,0.0,0.0,-0.10283196339204101,-0.516595772466355,0.0,0.0,-0.36122124833181224
0.4616479119075931,0.0,1.149512058475987,0.0,0.0,0.8186142863794,0.05848678361057452,0.0,0.0,-0.36719860411719907
0.8125187560235732,0.0,1.2380816024689916,0.0,0.0,1.3889902505324663,0.6606974057623132,1.0531584011826194,1.3444369791715767,-0.3343022493739325
0.2736677890456154,0.0,0.0,0.0,0.0,-0.8794286369230228,-0.8610819189340483,0.0,0.0,-0.37129476761127544
-0.14218980648872026,4.330657197208046,0.7106121022478595,0.0,0.0,-0.004920765406646244,0.22025285618736773,1.006052142399291,1.0,-0.36719860411719907
0.192223693435937,0.0,1.0,0.0,0.0,0.508468358867206,0.05848678361057452,0.0,0.0,-0.3763433823041597
-0.1316327542397732,0.0,1.0,0.0,0.0,0.16882112574894217,0.0,0.0,0.0,-0.36971870285721936
-0.38655553327573877,0.0,1.0,0.0,0.0,0.3526631753870439,0.16837786189877654,0.0,0.0,-0.3700338539995024
-0.45123277350740676,0.0,0.0,0.0,0.0,-0.7077869673735322,-1.022273554629209,0.0,0.0,-0.25878003574896236
-0.2975344131022405,0.0,0.0,0.0,0.0,-0.39280971116364305,-0.193584983678676,0.0,0.0,-0.37350255838217866
-0.0019011876305602292,0.0,0.0,3.8163916471489756e-17,0.0,0.027027418590401985,-0.42601894595792045,0.0,0.0,-0.37571187027433295
-1.3364150977392555,0.0,0.0,0.0,0.0,-1.3513954655373794,-1.2436386091883012,0.0,0.0,-0.37571187027433295
0.7995662972640006,4.330657296154777,1.149512058475987,0.0,0.0,0.6647845835990481,0.11452748252207769,0.9750538018491568,1.0,-0.3374210438139719
-0.8327296576753734,0.0,0.0,0.0,0.0,-0.3611691579503857,-0.7296649225245023,0.0,0.0,-0.374133634925511
-0.035552038229956104,0.0,1.149512058475987,0.0,0.0,0.7444451930804646,0.11452748252207769,0.0,0.0,-0.38013507664875384
0.6020692351648488,0.0,1.0,0.0,0.0,0.3209365629662939,0.0,0.0,0.0,-0.37887067832142385
0.049856622236197495,0.0,0.0,0.0,0.0,-0.25994063895217867,-0.42601894595792045,0.0,0.0,-0.37887067832142385
1.9116976745296184,0.0,0.0,0.0,0.0,0.30413692699400624,-0.2657509156119179,0.9750538018491568,1.0,-0.3823489808120266
-0.05071601894113349,0.0,1.0,0.0,0.0,0.34791886230953717,0.0,0.0,0.0,-0.38013507664875384
-2.246772043611738,0.0,0.0,0.0,0.0,-1.3513954655373794,-1.2436386091883012,0.0,0.0,-0.3813999763966695
-1.029794073749859,0.0,0.7106121022478595,0.0,0.0,0.026327357920411777,0.31878118133730793,0.0,0.0,-0.3867814154990165
0.3398124842941092,0.0,0.0,0.0,0.0,-0.056864223941705296,-0.2657509156119179,1.0531584011826194,1.0,-0.3870982548039448
0.21015425778479951,0.0,0.0,0.0,0.0,-0.2900385441066555,-0.34288385740687394,1.0665838155427505,1.3685309911523162,-0.38773202838961873
-0.7982340898883187,0.0,0.0,0.0,0.0,-1.3513954655373794,-1.2436386091883012,0.0,0.0,-0.3858310873626069
-0.07788198637295614,0.0,0.7106121022478595,0.0,0.0,0.16190525672943415,-0.516595772466355,0.0,0.0,-0.3867814154990165
0.5778377086695327,0.0,1.0,0.0,0.0,0.2251730186182326,0.11452748252207769,0.9565747954222968,1.2182136440140021,-0.3947119276496771
0.5955726638199242,0.0,0.0,0.0,0.0,0.5433234505909874,-0.12561320434640574,1.0560115612601553,1.394034397226019,-0.3912200515353617
-0.5010036959377063,0.0,0.0,0.0,0.0,-0.7077869673735322,-1.022273554629209,0.0,0.0,-0.3947119276496771
-0.2502479090356975,0.0,0.0,0.0,0.0,-0.7739208145133659,-0.7296649225245023,0.0,0.0,-0.39407675362133093
-0.23762227237941758,0.0,0.0,0.0,0.0,-0.12273672847268986,-1.022273554629209,0.0,0.0,-0.3966182183011364
0.08827351926796854,0.0,0.0,0.0,0.0,-1.3513954655373794,-1.2436386091883012,0.0,0.0,-0.3978897203894795
-0.23278329307770648,0.0,0.0,0.0,0.0,-0.9108696839149778,-1.022273554629209,0.9565747954222968,1.0,-0.3969360456473605
0.3646021402325157,0.0,1.149512058475987,0.0,0.0,0.7034139024955345,0.41128985457575656,0.0,0.0,-0.3966182183011364
-0.010671570049698946,0.0,0.7106121022478595,0.0,0.0,-0.04562200836944517,-0.193584983678676,0.0,0.0,-0.3978897203894795
0.869535299307559,4.330656215862209,0.0,0.0,0.0,0.17333392427529593,-0.42601894595792045,1.049929575826221,1.3444369791715767,-0.4068046925968876
0.07268446489560887,0.0,0.0,0.0,0.0,-0.6146657679146795,-0.7296649225245023,0.0,0.0,-0.39916173690790213
-0.7421370227608275,0.0,1.0,0.0,0.0,0.30516165024383624,0.16837786189877654,0.0,0.0,-0.3985256642854888
0.23348826516636523,0.0,0.0,0.0,0.0,0.35070571975957215,-0.8610819189340483,0.0,0.0,-0.40266244264910744
-0.5931733918684224,0.0,0.0,0.0,0.0,0.5165283506016797,-0.193584983678676,1.0387676814317977,1.3025175370208548,-0.4071235547921588
0.45115876658432413,0.0,0.0,0.0,0.0,-0.29656087959054417,-0.7296649225245023,0.0,0.0,-0.4048922029191102
1.1492979555510712,0.0,0.0,0.0,0.0,-0.37662997428474326,-0.12561320434640574,0.0,0.0,-0.40744244957527037
0.2810207421973175,0.0,1.0,0.0,0.0,0.5643488783540618,0.2703350774754977,0.0,0.0,-0.4071235547921588
0.5422940788200112,0.0,1.149512058475987,0.0,0.0,0.6520209334174172,0.3657267131137707,1.0629354125627655,1.3025175370208548,-0.4115910541922697
-0.6236674198434493,0.0,0.0,0.0,0.0,-1.3513954655373794,-1.2436386091883012,0.0,0.0,-0.4103139715918139
1.1335241996273713,0.0,1.0,0.0,0.0,0.47830914192749086,0.8089350854960184,0.0,0.0,-0.4282412504328284
0.037386078420618724,0.0,0.0,0.0,0.0,0.02191622502304653,0.5406638713926494,0.988153482273682,1.0,-0.4163847963136961
-0.04843765389830409,0.0,1.0,0.0,0.0,0.260663458113587,0.31878118133730793,1.006052142399291,1.2182136440140021,-0.4115910541922697
0.3631849931795789,0.0,1.149512058475987,0.0,0.0,0.8981793492717742,0.5406638713926494,1.0125842817931043,1.3025175370208548,-0.413827212217976
0.4984060553002184,0.0,1.0,0.0,0.0,0.38809003487525573,0.22025285618736773,0.0,0.0,-0.4163847963136961
0.6786160647209027,0.0,0.0,0.0,0.0,-0.42708095224779175,-0.2657509156119179,0.0,0.0,-0.41478605900100723
0.3670309842557308,0.0,0.0,0.0,0.0,-0.3011443061199523,-0.42601894595792045,0.0,0.0,-0.4163847963136961
-1.1280240896177898,0.0,0.0,0.0,0.0,-0.1160621073999441,-0.8610819189340483,0.0,0.0,-0.42118597124338275
-0.7774223375030238,0.0,0.0,0.0,0.0,-0.5650095615718986,-0.6167169445693365,1.022831460331992,1.0,-0.42118597124338275
-0.18552510985919018,0.0,0.0,0.0,0.0,0.130814849247864,0.2703350774754977,0.0,0.0,-0.4205453832383495
0.2069546832024591,0.0,0.0,0.0,0.0,-0.26409678590551144,-0.516595772466355,0.0,0.0,-0.41862441643695
0.4638635514817201,0.0,0.7106121022478595,0.0,0.0,0.487190265926852,-0.42601894595792045,0.0,0.0,-0.4231085342388068
0.082697183406989,0.0,0.7106121022478595,0.0,0.0,0.33614701806388225,0.31878118133730793,1.022831460331992,1.0,-0.4227880237535209
0.7852602337279398,0.0,1.2380816024689916,0.0,0.0,0.9895143733796874,0.16837786189877654,1.0310990895875805,1.0,-0.42118597124338275
-0.02874056450827303,4.330657302133576,0.0,0.0,0.0,-0.25673902615686917,0.3657267131137707,0.0,0.0,-0.43016823442372726
0.8408656944024324,0.0,0.7106121022478595,0.0,0.0,0.15882075878422225,0.0,0.0,0.0,-0.47483116302474837
-0.981629078774809,0.0,0.0,0.0,0.0,-0.42810911081971265,0.0,0.0,0.0,-0.4144664104706676
1.3440952868159228,0.0,1.149512058475987,0.0,0.0,0.9151080215718925,0.9789536507197586,1.0800283475396415,1.394034397226019,-0.4279202041994579
0.020260790499069675,0.0,0.0,0.0,0.0,-0.22804428767415796,0.05848678361057452,0.0,0.0,-0.43402584735620564
0.5375826954431883,0.0,0.0,0.0,0.0,-0.39280971116364305,-1.022273554629209,0.0,0.0,-0.43145356454445155
0.027783811298494353,4.33065727107491,0.0,0.0,0.0,-0.13098115653058579,-0.12561320434640574,1.022831460331992,1.0,-0.43016823442372726
0.49648911760799797,0.0,1.149512058475987,0.0,0.0,0.8830348775905439,0.41128985457575656,0.9271671564532873,1.0,-0.43016823442372726
-0.441477173823162,0.0,0.0,0.0,0.0,-0.40632550655185457,-0.516595772466355,1.022831460331992,1.0,-0.43370419348364353
-0.14013265657696944,0.0,1.0,0.0,0.0,0.35522974584459976,0.11452748252207769,0.0,0.0,-0.43273943517527896
0.20895318916336292,4.330657260956641,1.2380816024689916,0.0,0.0,1.0043039253410138,0.49867188906910564,1.022831460331992,1.0,-0.4349910125117889
0.6059968117271973,0.0,0.0,0.0,0.0,-1.3513954655373794,-1.2436386091883012,0.0,0.0,-0.43402584735620564
-0.2348272409326121,0.0,0.7106121022478595,0.0,0.0,-0.04786979337399398,0.05848678361057452,0.0,0.0,-0.43627837491862725
-0.26879361215573727,0.0,0.0,0.0,0.0,-0.7816755490237152,-0.7296649225245023,0.0,0.0,-0.44175575168563974
-0.5678771687943259,0.0,0.0,0.0,0.0,-0.7176339400963846,-0.7296649225245023,0.0,0.0,-0.4385325697953805
0.11104358845868574,0.0,0.0,0.0,0.0,0.04442220458736777,0.22025285618736773,1.07113736856068,1.41081075138084,-0.4404660681630592
1.2196980096261945,0.0,0.7106121022478595,0.0,0.0,0.603192862072492,0.11452748252207769,0.0,0.0,-0.4430459841392362
-0.9547812657355609,0.0,0.0,0.0,0.0,-1.3513954655373794,-1.2436386091883012,0.0,0.0,-0.4411108413746436
-0.15235072791357848,0.0,1.0,0.0,0.0,0.24484411934332592,0.22025285618736773,0.0,0.0,-0.44175575168563974
-0.3302202315984756,0.0,0.0,0.0,0.0,-1.3513954655373794,-1.2436386091883012,0.0,0.0,-0.4449823644048549
0.19465327740690877,0.0,0.0,0.0,0.0,-0.33213687257001856,-1.022273554629209,0.0,0.0,-0.44627397387122786
-1.3179238896940768,0.0,0.0,0.0,0.0,-0.7077869673735322,-1.022273554629209,0.0,0.0,-0.4045735684135866
-0.25032997913984195,0.0,0.0,0.0,0.0,-0.31641926197758913,-0.42601894595792045,0.0,0.0,-0.4433686281483049
0.0505614789658726,0.0,0.0,0.0,0.0,-0.24827025731611535,0.22025285618736773,0.0,0.0,-0.449505417919694
0.5788705170883578,0.0,0.0,0.0,0.0,-0.2427845705081038,-0.516595772466355,1.022831460331992,1.0,-0.4459510197322296
-0.7177884599299172,0.0,0.0,0.0,0.0,-1.0525103976331662,-1.022273554629209,0.8663642547672894,1.0,-0.45015212273660354
0.6860737624547721,0.0,0.0,0.0,0.0,-0.2443691909221884,0.11452748252207769,0.0,0.0,-0.455006848516901
-0.43697708391389234,0.0,0.7106121022478595,0.0,0.0,-0.08644290898092115,-0.12561320434640574,0.0,0.0,-0.4524166850123162
-1.0345153775534919,0.0,0.0,0.0,0.0,-0.516705794168881,-0.42601894595792045,0.9750538018491568,1.2182136440140021,-0.45954503064670144
-0.7346899176768681,0.0,0.0,0.0,0.0,-1.3513954655373794,-1.2436386091883012,0.0,0.0,-0.4572750790046066
-2.0597643970538106,0.0,0.0,0.0,0.0,0.08266066846677947,-1.022273554629209,0.0,0.0,-0.45857198309216207
0.39153619767099634,4.330656479785331,0.0,0.0,0.0,-0.931459594075383,-0.7296649225245023,0.0,0.0,-0.4588962970585076
0.8380664932649736,4.330657187817903,0.0,0.0,0.0,-0.23461282284029972,-0.6167169445693365,1.022831460331992,1.0,-0.46538999438047396
0.798211522250527,0.0,1.2380816024689916,0.0,0.0,1.0144858840690811,0.05848678361057452,0.0,0.0,-0.4588962970585076
0.4770352057265707,0.0,1.149512058475987,0.0,0.0,0.7766757531677312,0.6989246298564699,0.0,0.0,-0.4631155893505155
-0.308785516801254,0.0,0.0,0.0,0.0,-1.3513954655373794,-1.2436386091883012,0.0,0.0,-0.463440397890089
-0.2791963644420603,0.0,1.0,0.0,0.0,0.5504820260205069,-0.193584983678676,0.0,0.0,-0.4644150363319291
-0.3070904990148677,0.0,1.0,0.0,0.0,0.35712249386985045,0.41128985457575656,1.0394896384476304,1.2182136440140021,-0.46571505150318715
-0.3717674489966795,0.0,0.0,0.0,0.0,-0.7497933515674177,-0.7296649225245023,0.998116281742044,1.2182136440140021,-0.46766614210394414
-0.2367161823427845,0.0,1.0,0.0,0.0,0.2547823190746988,0.11452748252207769,0.0,0.0,-0.4705951882898526
-0.0854606876318621,0.0,1.149512058475987,0.0,0.0,0.52525854747603,0.11452748252207769,0.0,0.0,-0.4660401442087974
-0.9510667647279517,0.0,0.7106121022478595,0.0,0.0,0.24670858560265474,0.31878118133730793,0.0,0.0,-0.46799144868134324
1.0656341400740261,0.0,1.149512058475987,0.0,0.0,0.7628182771217443,0.22025285618736773,1.0269662977944063,1.0,-0.4722236901384383
-0.3427312469808756,0.0,0.0,0.0,0.0,-0.4127278888064853,0.0,0.0,0.0,-0.46864216897759897
-0.5469000022728049,0.0,0.0,0.0,0.0,-0.9208823982699547,-0.8610819189340483,0.0,0.0,-0.47678828285361957
-1.100202127087061,0.0,0.0,0.0,0.0,-0.5627380187757388,-0.8610819189340483,1.049929575826221,1.2182136440140021,-0.47352713846481487
0.6349298011050798,0.0,1.149512058475987,0.0,0.0,0.7986356179643016,0.49867188906910564,1.022831460331992,1.0,-0.4722236901384383
0.458698022176399,0.0,1.0,0.0,0.0,0.681242230633948,0.16837786189877654,1.022831460331992,1.0,-0.47744094551217153
-0.43277584068335895,0.0,1.0,0.0,0.0,0.3349994844313029,0.49867188906910564,0.0,0.0,-0.47580956029903515
-0.9018207054497176,0.0,0.0,0.0,0.0,-0.2136753377677934,0.22025285618736773,0.0,0.0,-0.4777673311831566
-0.03265326649285361,0.0,0.0,0.0,0.0,-0.5346936063715247,-0.7296649225245023,0.0,0.0,-0.47907323657438206
2.1178144552858225,4.330657261496813,0.0,0.0,0.0,0.2664228878091491,0.7363445937263972,1.1051884328999209,1.4288581958896645,-0.48135997027390653
0.22407958115325521,0.0,1.149512058475987,0.0,0.0,0.7147092173255263,0.4555743605292723,1.071083660422793,1.3444369791715767,-0.4820136505823381
-0.272046230387807,0.0,0.0,0.0,0.0,-0.329026905750605,-0.42601894595792045,1.0771266041496674,1.3837532157583627,-0.4882309149734168
-0.6152351945815193,0.0,0.0,0.0,0.0,-0.3660428442029294,-0.34288385740687394,0.0,0.0,-0.48593880305994513
0.08768030911971897,0.0,0.0,0.0,0.0,-0.15673552667537866,0.49867188906910564,0.0,0.0,-0.4624660785768469
-0.9547181029820692,0.0,0.0,0.0,0.0,0.3414712189816694,-0.516595772466355,0.0,0.0,-0.48626613731588963
0.5427483971032658,0.0,0.7106121022478595,0.0,0.0,0.23631075145321628,0.0,0.0,0.0,-0.48430268216600536
0.30009118231351034,0.0,0.7106121022478595,0.0,0.0,-0.04431147489223512,-0.516595772466355,0.0,0.0,-0.48888613545430043
0.7186824662768618,0.0,1.0,0.0,0.0,0.4986649021218508,0.11452748252207769,0.0,0.0,-0.4849570205215754
0.2262832097875598,0.0,1.2380816024689916,0.0,0.0,0.9192383614514322,0.49867188906910564,0.0,0.0,-0.5138952601050012
-0.4468029309638446,0.0,0.0,0.0,0.0,-0.47499349428865345,-0.7296649225245023,0.9565747954222968,1.0,-0.499718690010255
-0.02993181887540252,0.0,1.0,0.0,0.0,0.2559932339151149,0.41128985457575656,0.0,0.0,-0.4872483605767534
-0.40362705662849613,0.0,0.7106121022478595,0.0,0.0,-0.05029475033800287,0.11452748252207769,0.0,0.0,-0.490524832520315
-0.6861320058651678,0.0,0.0,0.0,0.0,-0.4097900255070059,-0.2657509156119179,0.0,0.0,-0.490524832520315
0.8518119925139434,0.0,1.149512058475987,0.0,0.0,0.805783574121682,0.11452748252207769,0.0,0.0,-0.5092719188998173
-0.7288319923038381,0.0,0.0,0.0,0.0,-0.11786619372235628,0.11452748252207769,1.006052142399291,1.0,-0.4918364557458602
-0.31028329400056076,4.330657156031751,0.0,0.0,0.0,0.2832565291872941,0.41128985457575656,1.0809430027512488,1.4229121222943437,-0.4954464806748049
1.3724232503991025,4.330657282892414,0.0,0.0,0.0,0.3940317747049353,0.2703350774754977,1.0819903531651198,1.394034397226019,-0.4980747844484875
0.20904140353235362,0.0,1.149512058475987,3.8163916471489756e-17,0.0,0.9431955760097439,0.11452748252207769,0.0,0.0,-0.5046560449979639
0.3645204487519877,0.0,0.0,0.0,0.0,-0.09892287299954901,0.4555743605292723,0.0,0.0,-0.4984034906315758
0.28244906937786163,0.0,0.0,0.0,0.0,-0.15829722108826827,0.22025285618736773,1.084745124852529,1.4165481093681518,-0.49643181452886387
0.33499767419468224,0.0,1.0,0.0,0.0,0.41649744860094823,0.0,0.9565747954222968,1.0,-0.4974174843398006
-1.5058618472988414,0.0,0.0,0.0,0.0,-1.3513954655373794,-1.2436386091883012,0.0,0.0,-0.5010344897608225
-1.474184202314914,0.0,0.0,0.0,0.0,-1.3513954655373794,-1.2436386091883012,0.0,0.0,-0.5020217343220638
-0.5652375168254248,0.0,0.0,0.0,0.0,-1.3513954655373794,-1.2436386091883012,0.0,0.0,-0.5010344897608225
-0.3069791314924848,0.0,0.0,0.0,0.0,-0.4879956411652101,-0.6167169445693365,0.0,0.0,-0.5033385877440053
0.4335800855590398,0.0,0.0,0.0,0.0,-0.2195091799865855,-0.6167169445693365,0.0,0.0,-0.5023508911374117
-0.8373935728289483,0.0,1.0,0.0,0.0,0.21049230965013693,0.05848678361057452,0.0,0.0,-0.5053150004577167
0.585759066338015,0.0,1.0,0.0,0.0,0.33115722278960097,0.11452748252207769,0.0,0.0,-0.5089419666339405
0.24064932618981655,0.0,1.149512058475987,0.0,0.0,0.705087011832798,0.11452748252207769,0.0,0.0,-0.5053150004577167
0.03546712913023351,0.0,0.7106121022478595,0.0,0.0,-0.06398852429553234,0.05848678361057452,0.0,0.0,-0.5072927760748647
0.024172085370514174,0.0,0.7106121022478595,0.0,0.0,0.10149696904805092,0.22025285618736773,0.0,0.0,-0.5079523382246117
0.5452501139740276,0.0,0.0,0.0,0.0,-1.3513954655373794,-1.2436386091883012,0.0,0.0,-0.5119129102525742
0.21323117350645107,0.0,1.0,0.0,0.0,0.2768527080003892,0.2703350774754977,0.0,0.0,-0.5165405433643132
0.3794422864869182,0.0,1.0,0.0,0.0,0.4832109718117477,0.05848678361057452,0.0,0.0,-0.5105921091462732
-1.4169765370924772,0.0,0.7106121022478595,0.0,0.0,0.08576193553018492,-0.06124106303535339,1.0515961795290998,1.3025175370208548,-0.5138952601050012
-0.9404991124478123,0.0,0.0,0.0,0.0,-0.7077869673735322,-0.6167169445693365,0.0,0.0,-0.5158789916895457
0.5838553987976813,0.0,1.2380816024689916,0.0,0.0,0.9369817294403919,0.31878118133730793,0.0,0.0,-0.5162097482647258
-0.9824249516118744,0.0,0.0,0.0,0.0,-0.7097254979728119,-0.7296649225245023,0.0,0.0,-0.46376524188838514
-1.4911086806005986,0.0,0.0,0.0,0.0,-1.3513954655373794,-1.2436386091883012,0.0,0.0,-0.5181950974468357
1.116366842987563,0.0,0.0,0.0,0.0,0.6159594792450146,1.0429915279268975,1.1066399007830807,1.4281668800002032,-0.5195194362492451
0.38667411844262567,0.0,1.0,0.0,0.0,0.20946225429447246,0.05848678361057452,0.0,0.0,-0.5254866486819003
0.9667643099413209,0.0,0.0,0.0,0.0,-0.17115568492354238,-0.2657509156119179,1.0796077603741505,1.394034397226019,-0.5298041749979823
-0.12366099784274483,0.0,0.7106121022478595,0.0,0.0,0.12422833022572866,0.16837786189877654,1.0629354125627655,1.3025175370208548,-0.5324644193483782
0.04348307107141936,0.0,0.7106121022478595,0.0,0.0,0.11258434578042413,0.11452748252207769,0.0,0.0,-0.5298041749979823
0.15312453199992399,0.0,1.0,0.0,0.0,0.402048883998507,0.4555743605292723,0.0,0.0,-0.5284749986626378
-0.3112686934247536,0.0,0.0,0.0,0.0,-0.7299922951717066,-0.7296649225245023,0.0,0.0,-0.5288072337487604
-0.1263256794599044,0.0,0.0,0.0,0.0,-0.7897024780157988,-0.8610819189340483,0.0,0.0,-0.5304689993694316
0.35189635668674535,0.0,0.0,0.0,0.0,-0.30578517388857324,0.11452748252207769,1.022831460331992,1.0,-0.5304689993694316
0.4163274692321754,0.0,0.0,0.0,0.0,-0.21777468867781472,-0.6167169445693365,0.9271671564532873,1.0,-0.5351271950781122
-0.05534092016959978,0.0,0.0,0.0,0.0,-0.6402442786887096,-0.7296649225245023,0.9750538018491568,1.2182136440140021,-0.536792720278158
0.23528196026147163,0.0,0.0,0.0,0.0,-1.3513954655373794,-1.2436386091883012,0.0,0.0,-0.5327971276541573
-0.6375111544556988,0.0,0.0,0.0,0.0,-0.37662997428474326,-0.193584983678676,0.0,0.0,-0.5471413097825272
1.6861940631150985,4.330656905792317,1.149512058475987,0.0,0.0,1.0781809653318921,1.308707513613585,1.103556962824875,1.4296674257788191,-0.541461497441999
-0.4414499727935503,0.0,0.0,0.0,0.0,-0.43076762786680767,-0.516595772466355,0.0,0.0,-0.5518275900433629
0.5126302789619519,0.0,1.149512058475987,0.0,0.0,0.6119892170018175,0.4555743605292723,0.0,0.0,-0.5401267609382547
-0.8388361482937929,0.0,0.0,0.0,0.0,-0.6171192503318722,-0.42601894595792045,0.988153482273682,1.0,-0.5444670049463217
-0.49776433325595704,0.0,0.0,0.0,0.0,-0.6119648368425131,-0.6167169445693365,1.0368224148220306,1.3025175370208548,-0.5421291064482503
-0.16641858317042982,0.0,0.0,0.0,0.0,-0.4411609000234259,-0.516595772466355,0.9271671564532873,1.0,-0.5381258573156621
0.627901304431544,0.0,1.2380816024689916,0.0,0.0,1.0892762004345324,1.1050458926679774,1.0736033659228592,1.3685309911523162,-0.5421291064482503
-0.2537856882990397,0.0,0.0,0.0,0.0,-0.4312127889689709,0.05848678361057452,0.0,0.0,-0.5394596330885688
0.3929138179509034,0.0,1.0,0.0,0.0,0.4160769344109011,0.11452748252207769,0.0,0.0,-0.5474757799852664
-0.16795026294958773,0.0,0.0,0.0,0.0,0.14934394406158621,-0.6167169445693365,0.0,0.0,-0.5461381421956414
0.18199543256276557,0.0,0.0,0.0,0.0,-0.5627380187757388,-1.022273554629209,0.0,0.0,-0.5448011516274978
0.9807779296945942,0.0,0.0,0.0,0.0,0.5567883615892267,0.0,0.0,0.0,-0.5424629712171828
0.20663400672307555,0.0,0.0,0.0,0.0,-0.23315309824934147,-0.6167169445693365,0.0,0.0,-0.5461381421956414
1.1319298446001012,0.0,0.7106121022478595,0.0,0.0,0.16770412090439057,0.0,0.0,0.0,-0.553167994589812
0.17640529118365772,0.0,1.0,0.0,0.0,0.3283484490886866,0.2703350774754977,0.0,0.0,-0.5488140664302597
1.3587986354967867,0.0,0.0,0.0,0.0,-0.5627380187757388,-1.022273554629209,0.0,0.0,-0.5518275900433629
-0.4925676879050792,0.0,1.0,0.0,0.0,0.5130951610769091,0.49867188906910564,0.0,0.0,-0.5498182078098587
-1.0889514993601348,0.0,0.0,0.0,0.0,0.08654444585742331,0.6606974057623132,0.0,0.0,-0.5555152790703889
0.022739377767235912,0.0,1.0,0.0,0.0,0.5079183636582345,0.16837786189877654,1.049929575826221,1.2182136440140021,-0.5521626298710992
0.7422358981705454,0.0,1.149512058475987,0.0,0.0,0.8949978214930475,0.4555743605292723,0.0,0.0,-0.550822715477151
-0.1716104342571568,0.0,1.149512058475987,0.0,0.0,0.7997512837477242,0.2703350774754977,0.9271671564532873,1.0,-0.5521626298710992
0.14820445960489784,4.330656124655711,1.149512058475987,0.0,0.0,0.6622487493502506,0.22025285618736773,0.0,0.0,-0.5568574878789095
0.9258858646572681,0.0,1.2380816024689916,0.0,0.0,0.942977387556067,0.16837786189877654,0.0,0.0,-0.5588720369035827
0.6280671042614195,0.0,0.0,0.0,0.0,-0.034443075271142036,-0.12561320434640574,1.0875893590301542,1.4013322872298855,-0.5723406201737621
-0.9603038271336953,0.0,0.0,0.0,0.0,-1.3513954655373794,-1.2436386091883012,0.0,0.0,-0.5588720369035827
-0.5596643553390482,0.0,0.0,0.0,0.0,-1.3513954655373794,-1.2436386091883012,0.0,0.0,-0.5605519637690325
-0.048484080622573845,0.0,0.0,0.0,0.0,-0.21984042563763542,-0.2657509156119179,0.0,0.0,-0.5605519637690325
0.0160169084197842,0.0,1.0,0.0,0.0,0.5107389360705125,0.05848678361057452,0.0,0.0,-0.5649246286588714
0.3445151032771407,0.0,1.0,0.0,0.0,0.3667577209053642,0.41128985457575656,0.0,0.0,-0.5605519637690325
-1.2839591072550105,0.0,0.0,0.0,0.0,0.14479382897333268,0.2703350774754977,0.0,0.0,-0.563242002518503
0.33035287601094593,0.0,1.0,0.0,0.0,0.4664354513483278,0.2703350774754977,0.0,0.0,-0.5625692435744812
0.3534897321650827,0.0,1.149512058475987,0.0,0.0,0.868807153911627,1.1050458926679774,0.0,0.0,-0.563242002518503
-0.0018430641594076652,0.0,0.0,3.8163916471489756e-17,0.0,0.03420066991912451,0.11452748252207769,0.0,0.0,-0.5659347050217755
-0.36370630631617246,0.0,1.0,0.0,0.0,0.3702931352153977,0.16837786189877654,0.9565747954222968,1.0,-0.5686300833724147
0.10882573312296528,0.0,1.149512058475987,0.0,0.0,0.750980452651244,0.22025285618736773,0.0,0.0,-0.5703160590833954
-0.7040549496465308,0.0,0.0,0.0,0.0,-1.3513954655373794,-1.2436386091883012,0.0,0.0,-0.5720030878038126
-0.8101476489906063,0.0,0.0,0.0,0.0,-0.39280971116364305,-0.193584983678676,0.0,0.0,-0.5706533804905796
-0.131476614049685,0.0,0.0,0.0,0.0,-1.3513954655373794,-1.2436386091883012,0.0,0.0,-0.5605519637690325
0.5321776477063933,0.0,0.0,0.0,0.0,0.09080542952829773,0.0,1.0960830808917512,1.4013322872298855,-0.574366702804889
0.11402816417657975,0.0,0.0,0.0,0.0,0.3792137402239207,-0.193584983678676,0.0,0.0,-0.5747045315383262
-0.36591292052737284,0.0,0.0,0.0,0.0,-0.7407914395343616,-0.6167169445693365,0.0,0.0,-0.5753803163339481
-0.1560392379979677,0.0,1.0,0.0,0.0,0.2587298191772455,0.16837786189877654,0.0,0.0,-0.577070522212709
1.1990964313870593,0.0,0.0,0.0,0.0,0.08390356171359263,0.3657267131137707,1.1023520895790684,1.4248002454769926,-0.5791001755324475
0.21503872659485615,0.0,1.0,0.0,0.0,0.7849076094729611,0.0,0.0,0.0,-0.5801155790317212
0.42227077555401543,0.0,1.0,0.0,0.0,0.47455117288761295,0.41128985457575656,0.0,0.0,-0.5774086911080636
1.300362839093488,0.0,0.0,0.0,0.0,-0.6402442786887096,-0.7296649225245023,0.9750538018491568,1.2182136440140021,-0.581470050066535
-2.0317409138499443,0.0,0.0,0.0,0.0,-0.8522737322181162,-1.022273554629209,0.0,0.0,-0.586216117950255
0.3705796448100705,0.0,0.0,0.0,0.0,-0.5738063081455239,-0.6167169445693365,0.0,0.0,-0.5865554465625031
0.01590340788876154,0.0,1.0,0.0,0.0,0.4650516694684459,0.11452748252207769,1.022831460331992,1.0,-0.5689671944178895
0.7272017002286851,0.0,0.0,0.0,0.0,-0.26595859788190596,-0.6167169445693365,1.0269662977944063,1.2182136440140021,-0.5868948184773213
0.5958342981587462,0.0,0.0,0.0,0.0,-0.194333054699664,0.0,0.0,0.0,-0.5841810542196086
1.3729822296150602,0.0,0.0,0.0,0.0,-0.07460404855461504,0.22025285618736773,0.998116281742044,1.3025175370208548,-0.5875736923157234
-0.24519871650846098,0.0,1.149512058475987,0.0,0.0,0.5962187158391455,-0.06124106303535339,0.0,0.0,-0.5909706682756934
-0.5407864299038008,4.330657180948137,0.0,0.0,0.0,-0.3349364372857387,0.05848678361057452,0.0,0.0,-0.5909706682756934
0.10229787390241703,4.330657184871124,0.0,0.0,0.0,-0.4504732070810026,-0.7296649225245023,1.022831460331992,1.0,-0.5936913894030553
0.7236837965581958,0.0,0.0,0.0,0.0,0.4810130722976569,1.1050458926679774,1.0746043208466112,1.3685309911523162,-0.5940316765470519
0.356062001405708,0.0,1.0,0.0,0.0,0.3597666066770332,0.16837786189877654,0.0,0.0,-0.5889319607364596
0.31809408293785046,0.0,1.149512058475987,0.0,0.0,0.7677732973706182,0.3657267131137707,0.0,0.0,-0.58961135572481
0.553876252065811,0.0,1.0,0.0,0.0,0.36327295612522637,0.3657267131137707,0.8663642547672894,1.0,-0.5923306789547427
0.39779142871626594,0.0,0.0,0.0,0.0,-0.24138143858944958,-0.12561320434640574,0.0,0.0,-0.5919906107458348
-0.25331157042356733,0.0,0.0,0.0,0.0,-0.7497933515674177,-0.7296649225245023,0.0,0.0,-0.5981185511060995
-0.3978200498952305,0.0,0.0,0.0,0.0,-1.3513954655373794,-1.2436386091883012,0.0,0.0,-0.596074321468116
0.08667337338910419,0.0,1.149512058475987,0.0,0.0,0.6597030470919337,0.05848678361057452,0.0,0.0,-0.596074321468116
0.8373234614199659,0.0,0.0,0.0,0.0,0.28490864487954337,-0.6167169445693365,0.0,0.0,-0.6011878792381703
-0.8652173373413425,0.0,0.7106121022478595,0.0,0.0,0.08732569453561098,-0.06124106303535339,0.0,0.0,-0.6035776205939506
0.3388668011992793,0.0,1.0,0.0,0.0,0.49835658017721496,0.05848678361057452,0.0,0.0,-0.5981185511060995
1.0383328449435654,0.0,1.149512058475987,0.0,0.0,0.8921213599895641,1.390425738756177,1.090230615367134,1.4281668800002032,-0.5902909248365319
0.23752899896555701,0.0,0.0,0.0,0.0,-0.7077869673735322,-1.022273554629209,0.0,0.0,-0.6028946147557832
-0.022678408790625163,0.0,1.0,0.0,0.0,0.5430009753359312,-0.6167169445693365,0.0,0.0,-0.608363668445841
-0.5911806454507896,0.0,0.0,0.0,0.0,-0.05367867547254813,0.05848678361057452,0.0,0.0,-0.6059695472765554
0.629240058933233,0.0,1.0,0.0,0.0,0.26086813223235,-0.06124106303535339,0.0,0.0,-0.6059695472765554
1.0137089855167376,0.0,1.149512058475987,0.0,0.0,0.7593963787408191,0.0,0.0,0.0,-0.6056277093228079
-1.7630606091534862,0.0,0.0,0.0,0.0,-1.3513954655373794,-1.2436386091883012,0.0,0.0,-0.610075103667846
-0.0990987825925444,0.0,0.0,0.0,0.0,-0.33213687257001856,0.05848678361057452,0.0,0.0,-0.6124730083229908
0.7875867353816061,0.0,1.0,0.0,0.0,0.6694597092324522,0.7363445937263972,1.0180943570563883,1.2182136440140021,-0.6046024639057735
-0.060356817176623216,0.0,1.0,0.0,0.0,0.3865774614042753,0.11452748252207769,0.0,0.0,-0.6090481074243395
-0.43172968718321764,0.0,1.0,0.0,0.0,0.23884561888294734,0.0,1.0125842817931043,1.0,-0.6176188620167549
-0.48050500669862983,0.0,0.0,0.0,0.0,-1.3513954655373794,-1.2436386091883012,0.0,0.0,-0.6138442355507425
-0.2600412351042579,0.0,0.0,0.0,0.0,-0.9108696839149778,-0.7296649225245023,0.0,0.0,-0.6138442355507425
0.8575329980617233,0.0,0.0,0.0,0.0,-0.3157788498943603,-0.7296649225245023,1.033883362385476,1.2182136440140021,-0.616245632525514
0.7354871238570015,0.0,0.0,0.0,0.0,0.3689729376732797,1.1050458926679774,1.0909731637416493,1.4300951880729784,-0.616245632525514
-1.8980126916241407,0.0,0.0,0.0,0.0,-1.3513954655373794,-1.2436386091883012,0.0,0.0,-0.616245632525514
-0.49292068719713056,0.0,1.0,0.0,0.0,0.564522009733942,0.11452748252207769,0.0,0.0,-0.6183057509322877
1.0962021651191616,0.0,1.0,0.0,0.0,0.20881743362181726,0.31878118133730793,0.0,0.0,-0.6196800782164675
-1.168623671424763,4.330657254355797,0.0,0.0,0.0,-1.3513954655373794,-1.2436386091883012,0.0,0.0,-0.6210551395948316
-0.08043180680407934,0.0,1.0,0.0,0.0,0.17719011128052095,0.22025285618736773,0.0,0.0,-0.6244960165008031
-0.23579116920452706,0.0,0.7106121022478595,0.0,0.0,-0.007979300771604967,0.16837786189877654,0.0,0.0,-0.6251847462827619
-0.07176976587958263,0.0,0.0,0.0,0.0,-0.4504732070810026,-0.6167169445693365,1.0306204699037194,1.3025175370208548,-0.6220869184573353
0.28280072976457743,0.0,1.0,0.0,0.0,0.4645013345623975,0.22025285618736773,0.9750538018491568,1.0,-0.6251847462827619
-0.9520088035983998,0.0,0.0,0.0,0.0,-1.3513954655373794,-1.2436386091883012,0.0,0.0,-0.6244960165008031
0.06778705244073453,0.0,0.0,0.0,0.0,-0.6571524083379119,-0.6167169445693365,1.0180943570563883,1.0,-0.6282863270583106
0.45504672372555144,0.0,0.0,0.0,0.0,-1.3513954655373794,-1.2436386091883012,0.0,0.0,-0.627941520994388
-0.1756031328381428,0.0,0.0,0.0,0.0,-0.5109376799694366,-0.7296649225245023,0.0,0.0,-0.627941520994388
0.4696367609900081,0.0,1.149512058475987,0.0,0.0,1.05218945262773,1.0429915279268975,1.0878493834652363,1.4067157636187435,-0.6300110568048373
0.5948217437812154,0.0,0.0,0.0,0.0,-0.1937894977859246,-0.8610819189340483,0.0,0.0,-0.6282863270583106
0.22164193527963025,0.0,0.7106121022478595,0.0,0.0,0.3465202313142862,-0.2657509156119179,0.0,0.0,-0.6272520485217936
-0.5881008550811619,0.0,0.0,0.0,0.0,-0.3052666337569913,0.16837786189877654,0.0,0.0,-0.6317369549092829
0.4382733197476985,0.0,1.149512058475987,0.0,0.0,0.6790300000768494,0.49867188906910564,0.9750538018491568,1.0,-0.6307012756411315
-0.5184880250192279,0.0,0.0,0.0,0.0,-0.7077869673735322,-1.022273554629209,0.0,0.0,-0.6331185170456471
0.37918377535416875,0.0,1.0,0.0,0.0,0.3727334126979666,0.0,0.0,0.0,-0.6307012756411315
-0.3959632759029431,0.0,0.0,0.0,0.0,-0.3028906827322496,-0.12561320434640574,0.0,0.0,-0.6348465273420077
0.1038782386372157,0.0,1.0,0.0,0.0,0.1800291702469372,0.16837786189877654,0.0,0.0,-0.6327730560907814
0.0017806759417827644,0.0,0.0,0.0,0.0,-0.12371759710011997,0.41128985457575656,0.9271671564532873,1.0,-0.6393448789587981
-0.02688964060532284,0.0,0.0,0.0,0.0,-1.3513954655373794,-1.2436386091883012,0.0,0.0,-0.6414237463283703
-0.6523126561776187,0.0,0.7106121022478595,0.0,0.0,-0.03524382923201561,0.31878118133730793,1.0462299458179467,1.3685309911523162,-0.6389985675818002
-0.17658172445176662,0.0,0.0,0.0,0.0,-1.3513954655373794,-1.2436386091883012,0.0,0.0,-0.6396912378626034
-0.39675113892056074,0.0,1.149512058475987,0.0,0.0,0.7433016048239486,0.6989246298564699,0.0,0.0,-0.6389985675818002
-0.16853462741155015,0.0,1.0,0.0,0.0,0.17869711625576842,0.05848678361057452,0.0,0.0,-0.6414237463283703
-0.9772062552388552,0.0,0.0,0.0,0.0,-0.08536411416458459,-0.2657509156119179,1.0768506549437087,1.3685309911523162,-0.6445452695869609
0.055288650630623715,0.0,0.0,0.0,0.0,-1.3513954655373794,-1.2436386091883012,0.0,0.0,-0.6428106116333892
0.6461529693346408,0.0,1.149512058475987,0.0,0.0,0.633403637545471,0.22025285618736773,0.0,0.0,-0.6490610031341572
0.6100826104404634,0.0,1.2380816024689916,0.0,0.0,0.8792986346585653,0.05848678361057452,0.0,0.0,-0.6490610031341572
0.6001192502554432,0.0,1.149512058475987,0.0,0.0,0.9319745759193356,0.6606974057623132,1.0441638598214986,1.3685309911523162,-0.6462811269804933
1.006125841098351,4.330657067447467,1.0,0.0,0.0,0.37058077102632314,0.6216146055503267,1.0819903531651198,1.394034397226019,-0.6469758066312217
0.9553386274322629,0.0,0.0,0.0,0.0,0.10297128893940366,-0.516595772466355,0.0,0.0,-0.6469758066312217
0.5069327232451466,0.0,0.7106121022478595,0.0,0.0,0.09905658367258326,0.6606974057623132,1.0394896384476304,1.2182136440140021,-0.6539332455904436
-0.02877069916336819,0.0,0.0,0.0,0.0,-1.3513954655373794,-1.2436386091883012,0.0,0.0,-0.6535849120296227
-1.2521631507425575,0.0,0.0,0.0,0.0,-1.2927180254678938,-0.6167169445693365,0.0,0.0,-0.6490610031341572
0.06807834947210947,0.0,0.0,0.0,0.0,-1.3513954655373794,-1.2436386091883012,0.0,0.0,-0.6518439752582016
-0.4770786244801086,0.0,0.0,0.0,0.0,-0.8673452578999283,-1.022273554629209,0.9750538018491568,1.0,-0.6539332455904436
-1.2375778194731757,0.0,0.7106121022478595,0.0,0.0,0.04951777355287548,0.0,0.0,0.0,-0.652540203884813
-0.07839768632120561,0.0,0.0,0.0,0.0,-0.3611691579503857,-0.516595772466355,0.0,0.0,-0.6542816279595518
0.31400790146446006,0.0,1.2380816024689916,0.0,0.0,1.2082374995458072,0.5816230273987638,1.0180943570563883,1.2182136440140021,-0.6570704477695268
-0.33591233390399167,0.0,1.0,0.0,0.0,0.38576134198764417,0.41128985457575656,0.0,0.0,-0.6549785392477081
-0.5481810482418564,0.0,0.0,0.0,0.0,-0.5627380187757388,-1.022273554629209,0.0,0.0,-0.6595132418330594
-0.018684204711522837,0.0,0.0,0.0,0.0,-0.3798059899413203,-0.7296649225245023,0.0,0.0,-0.6598624094105913
-0.9103405771343852,0.0,0.0,0.0,0.0,-0.7077869673735322,-1.022273554629209,1.022831460331992,1.0,-0.6588150545845017
-0.10832973726563234,0.0,0.0,0.0,0.0,-0.18678924123978963,-0.12561320434640574,1.0819234922412388,1.4067157636187435,-0.6623079658899107
-0.08869095280068595,0.0,0.0,0.0,0.0,-1.3513954655373794,-1.2436386091883012,0.0,0.0,-0.6640562783629701
-0.6063173255947019,0.0,0.0,0.0,0.0,0.28490864487954337,-1.022273554629209,0.0,0.0,-0.661958452229461
1.208376170432604,0.0,1.149512058475987,0.0,0.0,0.8221904459612788,0.2703350774754977,0.0,0.0,-0.661259573485732
-0.8891898854799699,0.0,0.0,0.0,0.0,1.7672599197215597,-0.516595772466355,1.0320999408234255,1.3025175370208548,-0.6693086914457396
-1.7630606091534862,0.0,0.0,0.0,0.0,-0.5627380187757388,-1.022273554629209,0.0,0.0,-0.6640562783629701
0.44156928341548457,0.0,1.0,0.0,0.0,0.46094248190527987,0.3657267131137707,0.0,0.0,-0.661958452229461
0.28153402701913244,0.0,0.0,0.0,0.0,-0.5015572677006328,0.05848678361057452,0.0,0.0,-0.6623079658899107
0.2800738222848307,0.0,1.0,0.0,0.0,0.45845503871350174,0.05848678361057452,0.0,0.0,-0.6623079658899107
0.9787292217665967,0.0,0.0,0.0,0.0,0.18865450639677706,0.31878118133730793,1.0723842613166006,1.3685309911523162,-0.6710620012709458
-0.14618023393989474,0.0,1.0,0.0,0.0,0.20284726669009384,0.11452748252207769,0.0,0.0,-0.6665060053754885
-0.2770179625849182,0.0,0.7106121022478595,0.0,0.0,0.02201051503214791,0.22025285618736773,0.0,0.0,-0.664755951233287
-0.5575787949239784,0.0,0.0,0.0,0.0,-1.3513954655373794,-1.2436386091883012,0.0,0.0,-0.6668561659435658
-0.05143043024259487,0.0,1.149512058475987,0.0,0.0,0.6315526185462319,0.11452748252207769,0.0,0.0,-0.6693086914457396
-0.9176869252745881,0.0,0.0,0.0,0.0,0.3690209986668703,-0.516595772466355,0.0,0.0,-0.6710620012709458
-0.597836215971136,0.0,0.0,0.0,0.0,-0.6477978285484794,-0.7296649225245023,0.0,0.0,-0.673167636070868
-0.5208800139114064,4.330657259234816,0.7106121022478595,0.0,0.0,0.003742080170488123,0.11452748252207769,0.0,0.0,-0.668257308433778
0.28028546568290846,0.0,1.149512058475987,0.0,2.740863092043355e-16,1.1910934095225283,0.49867188906910564,0.0,0.0,-0.6689581802672446
0.12571664220890508,0.0,1.149512058475987,0.0,0.0,0.8563282603751864,0.3657267131137707,0.9271671564532873,1.2182136440140021,-0.673167636070868
0.10877553777500568,0.0,0.0,0.0,0.0,-0.7077869673735322,-0.6167169445693365,0.0,0.0,-0.6749237224448472
0.16925625221166823,0.0,1.0,0.0,0.0,0.5581539340865085,0.41128985457575656,1.0125842817931043,1.3444369791715767,-0.679495495164171
-0.506569071895116,0.0,0.0,0.0,0.0,-0.4465608616397132,-0.42601894595792045,0.0,0.0,-0.7368568222634163
-0.1860866622663935,0.0,0.0,0.0,0.0,-1.3513954655373794,-1.2436386091883012,0.0,0.0,-0.6809039313956694
-0.14518938313266794,0.0,0.0,0.0,0.0,-0.7321140232600921,-0.8610819189340483,0.0,0.0,-0.6756265120043727
-0.25324975276971956,0.0,0.0,0.0,0.0,-0.9813131246092198,-0.8610819189340483,0.0,0.0,-0.6759779829916519
-0.2459731388581793,0.0,0.7106121022478595,0.0,0.0,0.049562229611319675,0.41128985457575656,0.0,0.0,-0.6756265120043727
-0.6050536242060813,0.0,0.7106121022478595,0.0,0.0,0.035484852995145845,-0.2657509156119179,0.0,0.0,-0.6763295048287133
-0.28575150637610486,0.0,0.0,0.0,0.0,-1.3513954655373794,-1.2436386091883012,0.0,0.0,-0.6787915843117862
0.39928909432057347,0.0,1.0,0.0,0.0,0.26798298249037505,0.4555743605292723,0.9565747954222968,1.0,-0.6258736613947905
0.437193902194567,0.0,1.0,0.0,0.0,0.2795419418057522,0.31878118133730793,1.0710432834981385,1.3025175370208548,-0.6837232696148586
-0.4756443160614555,0.0,0.7106121022478595,0.0,0.0,0.14472069097280515,0.6989246298564699,0.0,0.0,-0.6819607973542648
-0.7547126330591675,0.0,0.0,0.0,0.0,-1.3513954655373794,-1.2436386091883012,0.0,0.0,-0.6816084573201878
-0.48700391624818673,0.0,0.0,0.0,0.0,-0.1861034639724407,0.3657267131137707,0.0,0.0,-0.684075918725767
0.0030809176271274167,0.0,1.0,0.0,0.0,0.19176454934644113,0.11452748252207769,0.0,0.0,-0.7228319188399377
0.10839896769082163,0.0,0.0,0.0,0.0,-0.12273672847268986,-0.7296649225245023,0.0,0.0,-0.6978698533135229
0.740796967208523,0.0,0.7106121022478595,0.0,0.0,0.16976169481766523,-0.06124106303535339,0.0,0.0,-0.6865459101745544
0.002994305414346314,0.0,0.0,0.0,0.0,-0.2136753377677934,-0.6167169445693365,0.988153482273682,1.2182136440140021,-0.6932630207296379
-0.16206040557767448,0.0,0.0,0.0,0.0,-0.8008686164877915,-0.7296649225245023,0.0,0.0,-0.6904324656744062
-0.792628388800869,0.0,0.0,0.0,0.0,-1.3513954655373794,-1.2436386091883012,0.0,0.0,-0.6907861017687504
-1.017493714596475,0.0,0.0,0.0,0.0,-0.38951253098106636,-0.2657509156119179,0.0,0.0,-0.6886650684242899
0.056687609906313184,0.0,0.0,0.0,0.0,-1.3513954655373794,-1.2436386091883012,0.0,0.0,-0.6893718708208717
-0.5861240289816485,0.0,0.0,0.0,0.0,-0.2925336452859802,0.22025285618736773,0.0,0.0,-0.6907861017687504
0.9324286379436213,0.0,0.0,0.0,0.0,0.006333789774823877,-0.516595772466355,1.0419259054467114,1.3025175370208548,-0.6914935308839821
1.2650678049777113,0.0,0.0,0.0,0.0,-0.7077869673735322,-1.022273554629209,0.0,0.0,-0.6929090178119636
-0.30644481904482385,0.0,1.0,0.0,0.0,0.47645309112665324,0.31878118133730793,0.0,0.0,-0.6936170761927364
0.6525329719726058,0.0,0.0,0.0,0.0,-0.17856085872488697,-0.2657509156119179,1.0306204699037194,1.3685309911523162,-0.7010644424341628
0.8812219630473165,0.0,1.2380816024689916,0.0,0.0,0.9247500551279528,0.2703350774754977,0.0,0.0,-0.6953881429389136
-0.4165728958047272,0.0,0.0,0.0,0.0,-0.3463579279866599,0.0,0.0,0.0,-0.6960969387064893
0.3185265432530085,0.0,0.0,0.0,0.0,-0.2815802731740628,0.16837786189877654,0.9565747954222968,1.2182136440140021,-0.6960969387064893
-0.05051424593022915,0.0,1.0,0.0,0.0,0.321643006031942,-0.06124106303535339,0.0,0.0,-0.7028410793621104
-0.25415696254773545,0.0,0.0,0.0,0.0,-1.3513954655373794,-1.2436386091883012,0.0,0.0,-0.7010644424341628
0.6284914070604235,0.0,1.0,0.0,0.0,0.3059154873325338,0.5406638713926494,0.0,0.0,-0.7003541612984664
0.3916415752496059,0.0,1.0,0.0,0.0,0.6663220567023687,0.9789536507197586,1.0772144219539548,1.4140046247801077,-0.7031965671707616
-0.42490336483206304,0.0,1.0,0.0,0.0,0.7488568558446614,0.05848678361057452,0.9565747954222968,1.0,-0.7131721071320148
-0.10410863605448267,0.0,0.7106121022478595,0.0,0.0,0.11102127297283519,0.49867188906910564,0.0,0.0,-0.703552108539627
0.9417084478444953,4.33065729830926,0.0,0.0,0.0,0.14307225995063455,-0.516595772466355,0.8663642547672894,1.0,-0.7060424009119526
0.8513379066932241,0.0,1.149512058475987,0.0,0.0,1.010581763476235,0.8441827789462959,1.0180943570563883,1.3444369791715767,-0.7131721071320148
-0.543644899189884,0.0,0.0,0.0,0.0,-0.7077869673735322,-1.022273554629209,0.0,0.0,-0.7106742407020701
-0.5377829268615726,0.0,0.0,0.0,0.0,-1.3513954655373794,-1.2436386091883012,0.0,0.0,-0.7113876445337997
0.0144121135892762,0.0,1.2380816024689916,0.0,0.0,0.9403142538165261,0.3657267131137707,0.0,0.0,-0.7138862741777798
0.824974465063183,0.0,0.0,0.0,0.0,-1.3513954655373794,-1.2436386091883012,0.0,0.0,-0.716030089026654
-0.35905008606902056,0.0,1.0,0.0,0.0,0.32182601092289514,0.2703350774754977,1.022831460331992,1.0,-0.7135291633305817
-0.45441530516046985,0.0,0.0,0.0,0.0,-0.6119648368425131,-0.6167169445693365,1.0419259054467114,1.3444369791715767,-0.7163875834874897
0.24414767393220368,0.0,1.2380816024689916,0.0,0.0,0.8686203642910834,-0.12561320434640574,0.0,0.0,-0.7156726494830896
-0.5497216993760177,0.0,0.0,0.0,0.0,-0.7497933515674177,-0.8610819189340483,0.0,0.0,-0.7181758809023444
-0.1559135873806039,0.0,0.0,0.0,0.0,-0.4504732070810026,-0.7296649225245023,0.0,0.0,-0.7213982939396042
-0.09065569225260789,0.0,1.0,0.0,0.0,0.4733267494547994,0.31878118133730793,0.0,0.0,-0.7181758809023444
-1.3673473058390728,0.0,0.0,0.0,0.0,-0.2900385441066555,0.7730013276593265,1.0804390304517482,1.4296674257788191,-0.7228319188399377
0.5575126091803877,0.0,0.7106121022478595,0.0,0.0,-0.07367068246513375,0.0,0.0,0.0,-0.7203236581619712
-0.18346988127321964,0.0,1.149512058475987,0.0,0.0,0.5967781571264669,0.41128985457575656,1.022831460331992,1.0,-0.7228319188399377
-0.5157999766934082,0.0,0.0,3.8163916471489756e-17,0.0,-0.11209438598483418,-0.12561320434640574,0.0,0.0,-0.7217566168149943
0.09663233605265567,0.0,0.0,0.0,0.0,-0.465454838657598,-0.34288385740687394,1.022831460331992,1.0,-0.7239077217910007
-0.17926591180515694,0.0,0.0,0.0,0.0,-0.5604839370074273,-0.6167169445693365,1.022831460331992,1.2182136440140021,-0.7260608347471035
-0.7167791274413212,0.0,0.0,0.0,0.0,-0.5627380187757388,-1.022273554629209,0.0,0.0,-0.7235490650830196
0.42633000881572497,0.0,0.0,0.0,0.0,-0.0757735662682815,0.31878118133730793,0.0,0.0,-0.7253429067904785
-1.0340778518269917,0.0,0.0,0.0,0.0,-0.8451301658145488,-0.7296649225245023,0.0,0.0,-0.7285753491925459
-0.5294471473599056,0.0,0.0,0.0,0.0,-1.3513954655373794,-1.2436386091883012,0.0,0.0,-0.7289347904062966
-0.17724719756120214,0.0,1.0,0.0,0.0,0.3381812709572038,0.05848678361057452,0.0,0.0,-0.7314524585970541
0.21652546857090002,4.330657266338822,1.0,0.0,0.0,0.49983894271478524,0.11452748252207769,1.0641902904976348,1.0,-0.7296538418845773
0.1691170084939496,0.0,0.7106121022478595,0.0,0.0,-0.029721067700905743,0.16837786189877654,0.0,0.0,-0.735774923725831
0.4160973672954295,0.0,0.0,0.0,0.0,0.6719385785448057,0.2703350774754977,0.0,0.0,-0.7354144051603569
0.11583324057171987,0.0,0.0,0.0,0.0,-0.2688625272221324,0.3657267131137707,0.0,0.0,-0.7336126675783347
0.5305293162645116,0.0,1.149512058475987,0.0,0.0,0.5869994473948867,0.2703350774754977,0.9565747954222968,1.0,-0.7336126675783347
-0.10556314172355209,0.0,0.0,0.0,0.0,-0.9674664273370567,-1.022273554629209,0.9271671564532873,1.0,-0.7364961322359752
-0.3604941793567952,0.0,1.0,0.0,0.0,0.18841965523837725,0.05848678361057452,0.0,0.0,-0.735774923725831
-0.14457079637775108,0.0,0.0,0.0,0.0,-0.23780889588967838,0.11452748252207769,0.988153482273682,1.0,-0.7383001551571332
-0.46250994848436133,0.0,0.0,0.0,0.0,-0.1612235317405645,-0.2657509156119179,0.0,0.0,-0.7343331917268184
0.0471530867799064,0.0,0.0,0.0,0.0,-0.017845090540809207,-0.06124106303535339,0.0,0.0,-0.7375783740703652
0.48374042504621323,0.0,1.0,0.0,0.0,0.5057895650268197,0.4555743605292723,0.0,0.0,-0.7361354994039175
0.9572098315147013,0.0,1.2380816024689916,0.0,0.0,1.044237916215192,0.5816230273987638,1.0306204699037194,1.2182136440140021,-0.7383001551571332
-0.5354216367496327,0.0,0.0,0.0,0.0,-1.0314882205498326,-0.8610819189340483,0.0,0.0,-0.7433590706999494
0.3365776112581771,0.0,1.149512058475987,0.0,0.0,0.5870161499456669,0.22025285618736773,0.0,0.0,-0.7415510163403682
-0.9013031874305975,0.0,0.0,0.0,0.0,-0.4666110923155345,-0.8610819189340483,1.022831460331992,1.0,-0.741189578979962
0.12793522980323105,0.0,1.0,0.0,0.0,0.1781496280250184,-0.06124106303535339,0.0,0.0,-0.7404668774329695
-0.35056841284505985,0.0,0.7106121022478595,0.0,0.0,0.12794871654855577,0.16837786189877654,0.0,0.0,-0.7228319188399377
1.0005569017300726,0.0,0.0,0.0,0.0,-0.006472545778924385,-0.42601894595792045,0.0,0.0,-0.27344559107406785
0.3726313533787117,0.0,1.149512058475987,0.0,0.0,0.6305081068559876,0.22025285618736773,0.0,0.0,-0.3079098710270697
-0.7446399889422054,0.0,0.7106121022478595,0.0,0.0,0.08547332328680211,0.11452748252207769,0.0,0.0,-0.23659304881303886
0.7640844169699568,0.0,1.2380816024689916,0.0,0.0,0.97151264209,-0.193584983678676,0.0,0.0,-0.4023440350924216
0.7197877004406197,0.0,0.7106121022478595,0.0,0.0,0.0699671527538499,0.0,0.0,0.0,-0.34054278918612285
-0.6014868720247835,0.0,0.0,0.0,0.0,-0.9208823982699547,-0.7296649225245023,0.0,0.0,-0.32776232995116295
0.001910802287864961,0.0,0.0,0.0,0.0,-0.12273672847268986,-1.022273554629209,0.0,0.0,-0.4382104396614802
1.4513208698723232,0.0,1.149512058475987,0.0,0.0,0.9864332855971342,0.7363445937263972,1.0665838155427505,1.4067157636187435,-0.3568239333875104
-0.2804595626186516,0.0,0.0,0.0,0.0,-1.3513954655373794,-1.2436386091883012,0.0,0.0,-0.3839312837962025
0.15985951698284828,0.0,0.0,0.0,0.0,-1.3513954655373794,-1.2436386091883012,0.0,0.0,-0.14386132226483572
0.1432648655108707,0.0,1.0,0.0,0.0,0.5094911660127925,0.05848678361057452,0.0,0.0,-0.1699494254246312
0.2032311899381037,0.0,1.0,0.0,0.0,0.3846168173762291,0.16837786189877654,0.0,0.0,-0.16459846255981714
0.005962246481783302,0.0,0.0,0.0,0.0,-0.13264958983037317,-0.42601894595792045,1.006052142399291,1.2182136440140021,-0.2250983180565263
-0.16529016582295156,0.0,0.0,0.0,0.0,-0.22559871880373877,-0.12561320434640574,0.0,0.0,-0.23932092093310145
-0.9833549119279779,0.0,0.0,0.0,0.0,-0.5306032272246237,-0.7296649225245023,0.9565747954222968,1.2182136440140021,-0.20401952094659326
-0.4614996523865815,0.0,0.0,0.0,0.0,-0.7077869673735322,-1.022273554629209,1.022831460331992,1.0,-0.22147605515069244
0.40545121208740353,0.0,0.0,0.0,0.0,-0.029140875198045518,0.05848678361057452,1.083411375551137,1.4067157636187435,-0.2755894994511372
-0.2506583563015176,0.0,0.0,0.0,0.0,-0.11196700872587678,0.22025285618736773,0.0,0.0,-0.22026944476192245
-0.8247695185471844,0.0,0.0,0.0,0.0,-0.005070707842162853,-0.2657509156119179,0.9271671564532873,1.0,-0.25116602699675167
-0.4932444383889334,0.0,0.0,0.0,0.0,-0.1861034639724407,-0.2657509156119179,1.0306204699037194,1.3685309911523162,-0.2469093691246156
0.15638728485587822,0.0,0.0,0.0,0.0,-0.6983125193749229,-0.7296649225245023,1.0125842817931043,1.2182136440140021,-0.23568422283101617
0.9073905987261245,0.0,0.0,0.0,0.0,-0.22965487074796803,0.11452748252207769,0.0,0.0,-0.20221845653835405
-0.48108263945277413,0.0,0.0,0.0,0.0,-0.5975583707850219,-0.7296649225245023,0.0,0.0,-0.2590849401490832
1.2424334695904784,0.0,0.0,0.0,0.0,-0.2754070170247765,-0.7296649225245023,1.0269662977944063,1.2182136440140021,-0.25847515789835385
0.22831932119830384,0.0,0.0,0.0,2.740863092043355e-16,0.8401693411226366,0.11452748252207769,0.0,0.0,-0.21725468605692197
0.14217221921601977,4.330657175176395,1.0,0.0,0.0,0.5771518878529696,0.41128985457575656,0.0,0.0,-0.28509998952960525
-0.36540306073707807,0.0,0.0,0.0,0.0,-0.6387586173995393,-0.516595772466355,0.8663642547672894,1.0,-0.23084106106331023
-0.14676477048430753,0.0,0.0,0.0,0.0,-0.9158098119891932,-0.7296649225245023,0.0,0.0,-0.3218563283596785
0.27482528808781126,0.0,1.0,0.0,0.0,0.181527852530926,0.2703350774754977,0.0,0.0,-0.21484469176825025
0.29315034290482916,0.0,1.0,0.0,0.0,0.3702931352153977,0.16837786189877654,0.0,0.0,-0.2841784704121353
0.08465549625492666,0.0,0.0,0.0,0.0,0.46038833387516853,0.22025285618736773,0.0,0.0,-0.22993369930089827
0.5457685534045676,0.0,1.149512058475987,0.0,0.0,0.7837801458848199,0.5816230273987638,0.0,0.0,-0.21695334877795333
-0.09641670483201395,0.0,0.0,0.0,0.0,-0.14679489505460902,0.22025285618736773,1.0560115612601553,1.3025175370208548,-0.21846028696488687
0.0907060011120566,0.0,1.0,0.0,0.0,0.2445427853294971,0.31878118133730793,0.0,0.0,-0.24417565381031966
-0.10574725290801044,0.0,0.0,0.0,0.0,-0.7278888609680588,-0.8610819189340483,1.006052142399291,1.0,-0.22479632322844603
0.41058987772922034,0.0,1.0,0.0,0.0,0.3218782869302693,0.22025285618736773,0.0,0.0,-0.28049486166571774
-0.9090573701437226,0.0,0.0,3.8163916471489756e-17,0.0,0.08769532068657425,0.22025285618736773,0.0,0.0,-0.22993369930089827
-0.04235025300161725,0.0,0.0,0.0,0.0,0.22225704052392517,0.8441827789462959,0.0,0.0,-0.2526875091459938
-0.18289175462884547,4.330657298277224,0.0,0.0,0.0,-0.4947934827501607,-0.42601894595792045,0.9918226979370126,1.0,-0.2244943538121291
-0.8565379105146493,0.0,0.0,0.0,0.0,-1.3513954655373794,-1.2436386091883012,0.0,0.0,-0.24569412355295345
0.1475961920157553,0.0,0.0,0.0,0.0,-0.41329039144462276,-0.2657509156119179,0.0,0.0,-0.21906323862879049
-0.06450511211179276,0.0,0.0,0.0,0.0,-0.3184546644554274,-0.06124106303535339,1.022831460331992,1.0,-0.21002951617041227
-1.1497375307427131,0.0,0.0,0.0,0.0,-1.3513954655373794,-1.2436386091883012,0.0,0.0,-0.23538133238607725
0.17571519981396275,0.0,0.0,0.0,0.0,-0.06194124141530229,-0.7296649225245023,0.0,0.0,-0.23962414714355637
0.4686293294861097,0.0,1.0,0.0,0.0,0.35599252533564324,0.3657267131137707,0.0,0.0,-0.2414440486316638
0.4411311293341874,0.0,0.0,0.0,0.0,-0.0700725760873952,-0.06124106303535339,1.0893602586493787,1.41081075138084,-0.2765087242372083
-0.2693416849870367,0.0,0.0,0.0,0.0,-0.04186455345752476,0.5816230273987638,0.0,0.0,-0.2399273992526457
-0.37789582345474526,0.0,0.0,3.8163916471489756e-17,0.0,0.5367331747014311,0.6989246298564699,1.0681963516467783,1.3837532157583627,-0.23538133238607725
-0.06969587935001081,0.0,1.0,0.0,0.0,0.24194422785338734,0.05848678361057452,0.0,0.0,-0.2399273992526457
-0.9105741982043487,0.0,0.0,0.0,0.0,-1.3513954655373794,-1.2436386091883012,0.0,0.0,-0.37823866690698327
-0.710799714193202,0.0,0.0,0.0,0.0,-0.786995233344903,-1.022273554629209,1.002291082817889,1.0,-0.2566464477437138
0.4850201333721672,0.0,1.0,0.0,0.0,0.4170060857602435,0.16837786189877654,0.0,0.0,-0.29494498033026745
1.018344938731904,4.3306572912908,0.0,0.0,0.0,0.17677833797456416,-0.7296649225245023,1.022831460331992,1.0,-0.23932092093310145
1.4945893561981825,0.0,0.0,0.0,0.0,0.3948591965852331,0.11452748252207769,0.0,0.0,-0.2887885428135756
0.7712064855120128,0.0,1.149512058475987,0.0,0.0,0.6701206778963466,0.16837786189877654,0.0,0.0,-0.292788964709419
-0.6856127277580845,0.0,0.0,0.0,0.0,-0.7077869673735322,-1.022273554629209,0.0,0.0,-0.2505576182242082
0.6580212783868271,0.0,0.0,0.0,0.0,0.25619970151968646,-0.34288385740687394,1.022831460331992,1.0,-0.2636616992951242
0.33119507365962575,0.0,1.0,0.0,0.0,0.18230951381478303,-0.06124106303535339,0.0,0.0,-0.27222109624966745
0.5191487647984018,0.0,0.0,0.0,0.0,-0.13783044534032113,-0.42601894595792045,0.0,0.0,-0.27589588055653597
0.32722243342246926,0.0,1.2380816024689916,0.0,0.0,1.1436893618376955,1.1652729620405098,0.0,0.0,-0.32962956295421636
-0.5608731911702987,0.0,0.0,0.0,0.0,-1.3513954655373794,-1.2436386091883012,0.0,0.0,-0.2670218081993313
0.21592455131630964,0.0,1.0,0.0,0.0,0.3600108069799026,0.6989246298564699,0.0,0.0,-0.3144110094914046
0.06744264782625461,4.3306572722892485,1.0,0.0,0.0,0.8834117420365244,-0.06124106303535339,1.033883362385476,1.3025175370208548,-0.2808016785426279
0.8529652543185408,0.0,1.149512058475987,0.0,0.0,0.6402481673946222,0.11452748252207769,0.0,0.0,-0.35274603417023503
-0.5965894190139082,0.0,1.0,0.0,0.0,0.3625928659675576,0.3657267131137707,0.998116281742044,1.0,-0.28264315412118046
-3.1848121876757016,0.0,0.0,0.0,0.0,-0.09181679521064515,0.31878118133730793,1.0725845583435507,1.3685309911523162,-0.26274586766603175
0.12997655227009827,0.0,0.0,0.0,0.0,-0.4504732070810026,-0.42601894595792045,0.9271671564532873,1.0,-0.3193727151787377
-0.09669769243044314,0.0,0.7106121022478595,0.0,0.0,0.44678408079272813,0.22025285618736773,0.0,0.0,-0.27589588055653597
0.823901859316514,4.330656905792317,0.0,3.8163916471489756e-17,0.0,0.494721989351285,1.3362843900460843,1.0906644137474482,1.4281668800002032,-0.2621354467017048
-0.4404443221295144,0.0,0.0,0.0,0.0,-0.33213687257001856,-1.022273554629209,0.0,0.0,-0.47580956029903515
-0.23607256541491153,0.0,1.2380816024689916,0.0,0.0,0.8734720308225037,0.11452748252207769,0.0,0.0,-0.3258961452205411
0.2674966158454479,0.0,1.149512058475987,0.0,0.0,0.6743935452505558,0.31878118133730793,1.0619187631672482,1.3444369791715767,-0.29001894350731083
-1.9471655776781247,0.0,0.0,0.0,0.0,-0.637281061059662,-0.7296649225245023,0.0,0.0,-0.30914721615424723
-0.20506473771182954,0.0,0.0,0.0,0.0,-0.7039543056257523,-0.7296649225245023,0.0,0.0,-0.2654940842679139
-2.158788502116746,0.0,0.0,0.0,0.0,-0.34392903329263524,-0.7296649225245023,1.0121033430029212,1.0,-0.31255225958468996
-0.38557946909428065,0.0,0.0,0.0,0.0,0.11133428509571233,0.11452748252207769,1.022831460331992,1.0,-0.2700792702200263
-0.3526372051411305,0.0,0.0,0.0,0.0,0.08994804776576727,-0.42601894595792045,0.0,0.0,-0.4272782125294227
-0.29208616940612725,0.0,0.0,0.0,0.0,-1.3513954655373794,-1.2436386091883012,0.0,0.0,-0.2940208067645196
0.33543058291415717,0.0,0.7106121022478595,0.0,0.0,0.024549156811694152,0.2703350774754977,0.0,0.0,-0.5211757313415162
-0.33943000683276386,0.0,0.0,0.0,0.0,-0.12241027726259046,0.11452748252207769,0.0,0.0,-0.28632906654798207
0.24660101376069526,0.0,1.0,0.0,0.0,0.4178675427597197,0.11452748252207769,0.9271671564532873,1.0,-0.3144110094914046
-0.3687118681797353,0.0,0.0,0.0,0.0,-1.3513954655373794,-1.2436386091883012,0.0,0.0,-0.39026839120017837
-0.6165910267580512,0.0,0.0,0.0,0.0,-0.23461282284029972,-0.8610819189340483,0.0,0.0,-0.2795745749031149
0.3534989333471317,0.0,1.149512058475987,0.0,0.0,0.8146521837580385,1.1652729620405098,0.9750538018491568,1.0,-0.333055555010561
0.003629227964649276,0.0,1.149512058475987,0.0,0.0,1.0488274289051567,0.6216146055503267,0.9750538018491568,1.0,-0.36656888737108334
0.5444389611244548,0.0,1.2380816024689916,0.0,0.0,1.0040206494447999,0.2703350774754977,0.0,0.0,-0.36530982263644
-0.4346846351219216,0.0,0.0,0.0,0.0,-0.948561167964092,-0.516595772466355,0.0,0.0,-0.3088378373197398
0.5045677532824766,4.330657240765414,0.0,0.0,0.0,0.4195866425789536,-0.2657509156119179,1.0689577040329925,1.3025175370208548,-0.38045125454206585
-0.19057633073081973,0.0,0.0,0.0,0.0,-0.931459594075383,-0.8610819189340483,0.0,0.0,-0.3700338539995024
-0.23270325979431572,0.0,1.149512058475987,0.0,0.0,0.5610328299745376,0.16837786189877654,0.0,0.0,-0.3193727151787377
-0.43646396362673723,0.0,1.0,0.0,0.0,0.8058796670162591,0.4555743605292723,1.0779301497170606,1.3444369791715767,-0.8087127055889618
-0.5278922747756843,0.0,0.0,0.0,0.0,-0.12799455447682762,-0.06124106303535339,0.0,0.0,-0.5629056022477342
-0.3357729341053258,0.0,0.0,0.0,0.0,-0.07823979829647518,-0.2657509156119179,1.0886920913964402,1.3685309911523162,-0.7328923708922019
0.1260234583279849,0.0,1.0,0.0,0.0,0.4885239376345964,0.16837786189877654,1.0306204699037194,1.2182136440140021,-0.31906239319593643
0.07085329003892467,0.0,0.0,0.0,0.0,-1.3513954655373794,-1.2436386091883012,0.0,0.0,-0.3605926952572736
-0.6702351712941825,0.0,0.0,0.0,0.0,-1.3513954655373794,-1.2436386091883012,0.0,0.0,-0.8592892606923916
0.7542845218563756,4.330656441712371,0.0,0.0,0.0,-0.0010393944403653869,-0.516595772466355,1.033883362385476,1.2182136440140021,-0.30914721615424723
-0.5120311677803265,0.0,0.7106121022478595,0.0,0.0,0.10784074693527601,0.05848678361057452,0.0,0.0,-0.30265620391658904
0.12762917583962474,0.0,0.0,0.0,0.0,-0.5749838452465329,-0.6167169445693365,0.0,0.0,-0.5264824126277304
0.10529147544781445,0.0,1.149512058475987,0.0,0.0,0.5935132849227428,0.16837786189877654,0.0,0.0,-0.33180932995452844
-0.10309054894098779,0.0,0.0,0.0,0.0,0.019457953710635852,0.2703350774754977,1.093810674644941,1.4217198523711672,-0.3615355706234131
0.3008379563248172,0.0,1.2380816024689916,0.0,0.0,1.0476027873098255,0.4555743605292723,0.0,0.0,-0.3813999763966695
-0.13022871114097687,0.0,0.0,0.0,0.0,-0.30786665610809283,-0.516595772466355,0.0,0.0,-0.32434179010579145
-0.4404171636388122,0.0,0.0,0.0,0.0,-0.9813131246092198,-0.7296649225245023,0.0,0.0,-0.3618499234359432
0.995294195805898,0.0,0.0,0.0,0.0,-0.09127032435189496,-0.6167169445693365,1.022831460331992,1.0,-0.39566492875854775
-0.43012344290617033,0.0,1.0,0.0,0.0,0.24484411934332592,0.11452748252207769,0.0,0.0,-0.39947982152873024
1.3169519987728648,0.0,0.7106121022478595,0.0,0.0,-0.00954152109428905,0.2703350774754977,0.0,0.0,-0.35870776713065555
0.03932764610312267,4.33065726191446,0.0,0.0,0.0,-0.08244090607718678,-0.06124106303535339,0.0,0.0,-0.8482352383571696
-0.09448579286113655,0.0,0.0,0.0,0.0,-0.9674664273370567,-1.022273554629209,0.9271671564532873,1.0,-0.3153407702728258
1.7786715641088462,4.330656999268432,0.0,0.0,0.0,-0.1393904873206797,-0.193584983678676,1.0830672935472692,1.4013322872298855,-0.30358272904943506
0.027155110808895974,0.0,0.0,0.0,0.0,-1.3513954655373794,-1.2436386091883012,0.0,0.0,-0.3461694081237427
0.03449889306747746,0.0,1.2380816024689916,0.0,0.0,0.9312391943513336,0.22025285618736773,0.0,0.0,-0.33710903178835877
-0.29191183864538073,0.0,0.0,0.0,0.0,0.024033146564323864,0.11452748252207769,0.0,0.0,-0.4272782125294227
-0.439711434820213,0.0,0.0,0.0,0.0,-0.12273672847268986,-1.022273554629209,0.0,0.0,-0.3215457757474922
-0.9526377080428342,0.0,0.0,0.0,0.0,-1.3513954655373794,-1.2436386091883012,0.0,0.0,-0.31255225958468996
-0.627981131968562,0.0,0.0,0.0,0.0,-0.5778296330470937,-0.6167169445693365,0.9565747954222968,1.2182136440140021,-0.4029808825818569
0.5904340078612366,0.0,0.0,0.0,0.0,-0.16539906470566385,-0.7296649225245023,1.0894579696881836,1.3025175370208548,-0.5720030878038126
0.22526857810144751,0.0,0.7106121022478595,0.0,0.0,0.06154567010972944,0.2703350774754977,0.0,0.0,-0.6148731326752682
-0.9628613117043464,0.0,0.7106121022478595,0.0,0.0,0.14632726995616627,0.22025285618736773,0.0,0.0,-0.32776232995116295
-0.6933676322761039,0.0,0.0,0.0,0.0,-1.3513954655373794,-1.2436386091883012,0.0,0.0,-0.32776232995116295
0.6111923340522952,0.0,1.149512058475987,0.0,0.0,0.5427141895736791,0.05848678361057452,0.0,0.0,-0.45857198309216207
-0.18779276481302917,4.3306572605647755,0.0,0.0,0.0,-0.42040214786227165,-0.7296649225245023,0.998116281742044,1.2182136440140021,-0.5608880733496452
-0.1279119713458865,0.0,0.7106121022478595,0.0,0.0,-0.04452962979757795,0.11452748252207769,0.9565747954222968,1.0,-0.3540002284085857
-0.3706658421151564,0.0,0.0,0.0,0.0,-0.8008686164877915,-0.7296649225245023,0.998116281742044,1.3025175370208548,-0.5538384423265535
0.6260222304341077,0.0,1.0,0.0,0.0,0.43966077282230615,0.22025285618736773,0.0,0.0,-0.32900703531234393
0.5883393412053923,0.0,0.0,0.0,0.0,-0.1937894977859246,-0.34288385740687394,1.0870558172628189,1.3837532157583627,-0.4119104068091761
0.035079984449888225,0.0,1.0,0.0,0.0,0.47765120054500493,0.2703350774754977,0.0,0.0,-0.3367970492592405
0.3749020077693673,0.0,1.0,0.0,0.0,0.2458673784178759,0.2703350774754977,0.0,0.0,-0.3199934455142342
-0.5070199833809882,0.0,0.0,0.0,0.0,-1.3513954655373794,-1.2436386091883012,0.0,0.0,-0.6469758066312217
1.0415282043340643,0.0,0.0,0.0,0.0,-0.2723578279892679,-0.7296649225245023,0.0,0.0,-0.3829818075904903
-0.09489794980001826,0.0,1.0,0.0,0.0,0.5232634381807739,0.22025285618736773,0.0,0.0,-0.3265180904885876
-0.27806359285568855,0.0,1.149512058475987,0.0,0.0,0.8348306115163623,0.16837786189877654,0.998116281742044,1.0,-0.3252743161289657
0.48137212899081894,4.330657293161313,0.7106121022478595,0.0,0.0,0.5776436999773134,0.7730013276593265,0.0,0.0,-0.4266363551479715
0.3414017382434114,0.0,0.0,0.0,0.0,-0.806667994294748,-0.7296649225245023,0.0,0.0,-0.400434268808652
-0.3687362579064551,0.0,0.0,0.0,0.0,-1.3513954655373794,-1.2436386091883012,0.0,0.0,-0.5341283568343905
-0.310395199835054,0.0,0.0,0.0,0.0,-1.3513954655373794,-1.2436386091883012,0.0,0.0,-0.7982999675913283
0.24656947396335635,0.0,1.0,0.0,0.0,0.3855979784710862,0.05848678361057452,0.988153482273682,1.0,-0.31286197986639824
-1.5818265083401637,0.0,0.0,0.0,0.0,-0.5672988789182561,-0.7296649225245023,0.0,0.0,-0.40075248242421846
0.6018300014010833,0.0,1.149512058475987,0.0,0.0,0.6159754386260823,0.22025285618736773,1.022831460331992,1.0,-0.3605926952572736
1.1123856749473429,4.3306571981994635,0.7106121022478595,0.0,0.0,0.16965727293719352,0.41128985457575656,0.9565747954222968,1.0,-0.3823489808120266
-0.04238094880587835,0.0,0.0,0.0,0.0,-0.28265156818235476,0.05848678361057452,1.0394896384476304,1.2182136440140021,-0.3631076401664011
-1.1097623239317018,0.0,0.0,0.0,0.0,-1.3513954655373794,-1.2436386091883012,0.0,0.0,-0.3280734625823307
-0.9453853080029009,0.0,1.149512058475987,0.0,0.0,0.5883509261740689,0.2703350774754977,0.0,0.0,-0.3474210795078164
0.002286595197061209,0.0,0.0,0.0,0.0,-0.31143240733450106,-0.7296649225245023,1.0394896384476304,1.0,-0.3681434100185635
-0.3876333565156069,0.0,0.0,0.0,0.0,-0.5421992691273133,-0.7296649225245023,0.0,0.0,-0.33898154683588677
0.50554822375482,0.0,1.149512058475987,0.0,0.0,0.8465343672401204,0.3657267131137707,1.006052142399291,1.0,-0.3343022493739325
0.7385260502541219,0.0,0.0,0.0,0.0,-0.3251766287799498,0.11452748252207769,0.0,0.0,-0.35149232226788396
-0.7144305236795487,0.0,0.0,0.0,0.0,-0.5924968748311923,-0.34288385740687394,0.0,0.0,-0.5618966509265877
0.8260351968079636,0.0,1.149512058475987,0.0,0.0,0.7565380904840441,0.5406638713926494,0.0,0.0,-0.38741512576266146
-0.2464422863274385,0.0,0.7106121022478595,0.0,0.0,0.1845121379444819,-0.06124106303535339,0.0,0.0,-0.33180932995452844
0.4243914923310396,0.0,0.0,0.0,0.0,-0.6402442786887096,-0.7296649225245023,1.0368224148220306,1.3025175370208548,-0.3119329045684885
0.1510723652620844,0.0,0.0,0.0,0.0,0.4354564432398982,0.6989246298564699,1.0907623976533591,1.426794993710273,-0.3483601471846412
-1.0417856686567608,0.0,0.0,0.0,0.0,-0.39280971116364305,-0.193584983678676,0.0,0.0,-0.3637366820098659
-0.314683754820928,0.0,0.0,0.0,0.0,0.10909971269280765,-0.12561320434640574,1.0796077603741505,1.4013322872298855,-0.38899995586932595
-0.5676127098609319,0.0,0.0,0.0,0.0,-1.3513954655373794,-1.2436386091883012,0.0,0.0,-0.9606036132447879
0.7444334765108176,0.0,0.7106121022478595,0.0,0.0,0.037267703951788224,0.05848678361057452,1.022831460331992,1.0,-0.4777673311831566
0.5075897544584538,0.0,0.0,0.0,0.0,0.16034762942455355,-0.42601894595792045,0.0,0.0,-0.37602761071162644
0.45169780808820675,0.0,1.0,0.0,0.0,0.5140163242279883,0.22025285618736773,1.022831460331992,1.0,-0.3832982681730241
0.040976104748464,0.0,0.0,0.0,0.0,-0.4942514274870987,-0.34288385740687394,0.0,0.0,-0.4208656606138724
0.5338301791429012,0.0,0.0,0.0,0.0,-0.22358625890226796,-0.7296649225245023,0.0,0.0,-0.4449823644048549
-0.4366799657067631,0.0,0.0,0.0,0.0,-1.3513954655373794,-1.2436386091883012,0.0,0.0,-0.4382104396614802
-0.25498272649391274,0.0,1.0,0.0,0.0,0.3411178452700835,0.3657267131137707,1.0515961795290998,1.3837532157583627,-0.4227880237535209
-0.30094782202264536,0.0,0.0,0.0,0.0,-0.20162537699302996,0.16837786189877654,1.0870558172628189,1.4217198523711672,-0.5774086911080636
0.10584596175703082,0.0,1.0,0.0,0.0,0.32409547063933086,0.22025285618736773,0.0,0.0,-0.40329935490571517
-0.12717011734864084,0.0,0.0,0.0,0.0,-0.8887775812178348,-1.022273554629209,0.0,0.0,-0.5464724909101193
0.9841661143091193,4.330656905792317,1.0,0.0,0.0,0.6668534195789264,1.0112311364854392,1.1004116097571763,1.4255561880983532,-0.4231085342388068
-1.6353731218647292,0.0,0.0,0.0,0.0,-0.996390045348853,-0.8610819189340483,0.0,0.0,-0.425353042738094
1.1445171513284327,0.0,0.0,0.0,0.0,0.524926479431415,0.5406638713926494,1.0768506549437087,1.3685309911523162,-0.45015212273660354
-0.0709554626582122,0.0,0.0,0.0,0.0,-0.561834308011075,-0.8610819189340483,1.0500670318320269,1.2182136440140021,-0.4780937531064588
-0.37641399144366605,0.0,0.0,0.0,0.0,-0.4276680827230703,-0.34288385740687394,0.0,0.0,-0.5261504521712524
-0.37228214974412216,0.0,0.7106121022478595,0.0,0.0,0.035164136479264786,0.16837786189877654,0.0,0.0,-0.39947982152873024
0.5854595017996918,0.0,0.0,0.0,0.0,-0.2682987425518662,-0.7296649225245023,0.0,0.0,-0.5125735402821805
-0.36218286702250807,0.0,1.149512058475987,0.0,0.0,0.7044600878553691,0.31878118133730793,1.0368224148220306,1.3025175370208548,-0.4282412504328284
0.6651924384931078,0.0,0.0,0.0,0.0,0.08473038660570774,0.31878118133730793,1.0816155233031712,1.4217198523711672,-0.5122432061274698
0.19432752182423127,0.0,0.0,0.0,0.0,0.17080473746791203,0.878778350041491,1.0912918838869377,1.427761196424576,-0.491508494398803
0.8965654300137604,0.0,1.0,0.0,0.0,0.4806757461037102,0.6989246298564699,0.0,0.0,-0.37571187027433295
-0.14289446107063855,0.0,0.0,0.0,0.0,-0.7816755490237152,-0.516595772466355,0.0,0.0,-0.45468295574531276
-0.532787264695928,0.0,0.0,0.0,0.0,-0.052566345542834396,-0.12561320434640574,1.086259696891041,1.3837532157583627,-0.4436913065490997
0.010449299521462584,0.0,0.0,0.0,0.0,-0.7077869673735322,-1.022273554629209,0.0,0.0,-0.41478605900100723
0.2483967089052084,0.0,1.0,0.0,0.0,0.2963898096123875,-0.06124106303535339,0.0,0.0,-0.46538999438047396
-0.49398083693862654,0.0,1.0,0.0,0.0,0.2602538751879061,0.0,0.0,0.0,-0.4385325697953805
-0.36885821978525973,0.0,0.7106121022478595,0.0,0.0,0.03208327786047076,-0.2657509156119179,0.0,0.0,-0.46376524188838514
0.1112187381799343,0.0,1.149512058475987,0.0,0.0,0.7458490369830338,0.5816230273987638,0.0,0.0,-0.5066333658368959
-0.12967478163907675,0.0,1.0,0.0,0.0,0.25487101572509596,0.2703350774754977,0.0,0.0,-0.5023508911374117
-0.9569330398843637,0.0,0.0,0.0,0.0,-0.3637194252167166,-0.7296649225245023,0.0,0.0,-0.4353128021307978
-0.5691348538087664,0.0,0.0,0.0,0.0,-0.5988379990205733,-0.42601894595792045,1.0441638598214986,1.3837532157583627,-0.455006848516901
-1.3838055854930214,0.0,0.0,0.0,0.0,-1.3513954655373794,-1.2436386091883012,0.0,0.0,-0.6307012756411315
0.14558909368008238,0.0,1.0,0.0,0.0,0.8131917890896943,0.16837786189877654,1.022831460331992,1.0,-0.6111025058930079
-0.23318359684497017,0.0,0.7106121022478595,0.0,0.0,0.47441079239516437,-0.34288385740687394,0.0,0.0,-0.48593880305994513
-0.29955839028418435,4.330657259765598,0.0,0.0,0.0,-1.3513954655373794,-1.2436386091883012,0.0,0.0,-0.463440397890089
-0.2293500973539136,0.0,0.0,0.0,0.0,-0.3102749942598771,0.0,0.0,0.0,-0.4745051027991931
-0.2246666466774732,4.330657298765792,0.0,0.0,0.0,-0.7077869673735322,-1.022273554629209,0.0,0.0,-0.4346692568539307
-0.9214257649436083,0.0,0.0,0.0,0.0,-1.3513954655373794,-1.2436386091883012,0.0,0.0,-1.0588969521975504
0.3130798411399052,0.0,0.0,0.0,0.0,-0.4666110923155345,-0.7296649225245023,1.0629354125627655,1.3025175370208548,-0.41862441643695
-0.07715739951359858,0.0,0.0,0.0,0.0,0.023469574043894374,0.2703350774754977,0.0,0.0,-0.4504755272565134
-0.35149502086759343,0.0,0.0,0.0,0.0,-0.06194124141530229,-0.7296649225245023,0.0,0.0,-0.41862441643695
0.6359029448664026,0.0,1.2380816024689916,0.0,0.0,1.0036824067422307,0.05848678361057452,0.0,0.0,-0.4349910125117889
-0.7731614078375855,0.0,0.0,0.0,0.0,-0.8753198122448439,-1.022273554629209,0.9718942531791459,1.0,-0.5374592090423053
0.06141677627738401,0.0,1.0,0.0,0.0,0.4074447969196945,0.05848678361057452,0.0,0.0,-0.4797264071524212
-0.5615275724165151,0.0,0.0,0.0,0.0,-1.3513954655373794,-1.2436386091883012,0.0,0.0,-0.4170245223710018
-0.08511892306442884,0.0,0.0,0.0,0.0,-1.3513954655373794,-1.2436386091883012,0.0,0.0,-0.45922064623752945
-0.07886535452523658,0.0,0.7106121022478595,0.0,0.0,-0.05012899144223364,0.0,0.0,0.0,-0.4141467948814918
-0.07685167875060527,0.0,1.0,0.0,0.0,0.6655094194897158,0.31878118133730793,1.0853368178860445,1.4013322872298855,-0.4366003005462081
-0.30464458176837333,0.0,0.0,0.0,0.0,-0.7639698418247773,-0.7296649225245023,0.0,0.0,-0.46376524188838514
0.15468669476290958,0.0,0.0,0.0,0.0,-0.17856085872488697,-0.12561320434640574,1.088603998902452,1.41081075138084,-0.4491821175886111
0.8072573155044157,0.0,1.149512058475987,0.0,0.0,0.9102180205062178,0.6216146055503267,1.022831460331992,1.3025175370208548,-0.42759919157034393
1.4183689978546998,0.0,1.2380816024689916,0.0,0.0,1.4579980587780932,0.878778350041491,1.0306204699037194,1.2182136440140021,-0.490524832520315
0.5541003659440809,0.0,0.0,0.0,0.0,-0.470774875525567,-0.516595772466355,0.0,0.0,-0.44627397387122786
-0.3221117227334971,0.0,0.0,0.0,0.0,-0.6040153332501841,-0.7296649225245023,0.0,0.0,-0.4099947828316525
-0.34581281181567186,0.0,0.0,0.0,0.0,-0.5109376799694366,-0.7296649225245023,0.0,0.0,-0.5211757313415162
-1.009699533067966,0.0,0.0,0.0,0.0,-0.37662997428474326,-0.2657509156119179,0.0,0.0,-0.4722236901384383
-0.6239926275849166,0.0,0.0,0.0,0.0,-1.3513954655373794,-1.2436386091883012,0.0,0.0,-0.541461497441999
-0.09966294867957813,0.0,0.0,0.0,0.0,-0.25673902615686917,0.3657267131137707,0.0,0.0,-0.3408551265165232
-0.5246392232452989,0.0,0.0,0.0,0.0,-0.4843009455098512,-0.7296649225245023,0.0,0.0,-1.2213451175845893
-0.16121003876861645,0.0,0.0,0.0,0.0,-1.3513954655373794,-1.2436386091883012,0.0,0.0,-0.4977461156910492
0.48235645434485824,0.0,1.149512058475987,0.0,2.740863092043355e-16,0.7145170255243963,0.31878118133730793,0.0,0.0,-0.47417907864283115
0.5116732252215394,0.0,1.149512058475987,0.0,0.0,0.7573246697470485,0.49867188906910564,0.0,0.0,-0.4826674768622504
0.48123029072771834,0.0,1.2380816024689916,0.0,0.0,0.9277739990540788,0.05848678361057452,0.0,0.0,-0.5165405433643132
-0.7608293580447071,0.0,1.2380816024689916,0.0,0.0,0.9047516453344219,0.05848678361057452,0.0,0.0,-0.4449823644048549
-0.6078300859646363,0.0,0.0,0.0,0.0,-1.3513954655373794,-1.2436386091883012,0.0,0.0,-0.4414332793843905
-0.5141560174522525,0.0,0.0,0.0,0.0,0.29386537164990567,-0.2657509156119179,0.0,0.0,-0.8524208605747835
-0.8932559337284656,0.0,0.0,0.0,0.0,-1.3513954655373794,-1.2436386091883012,0.0,0.0,-0.6152161893307948
0.1758417623834693,0.0,1.0,0.0,0.0,0.15399690635917615,0.11452748252207769,0.0,0.0,-0.6300110568048373
0.5572965936477033,0.0,1.149512058475987,0.0,0.0,0.5719217292852159,0.22025285618736773,0.0,0.0,-0.45403527514561925
-0.4048614686822195,0.0,0.0,3.8163916471489756e-17,0.0,-0.025361581391841116,-0.12561320434640574,0.0,0.0,-0.4705951882898526
-0.7511879783004806,0.0,1.0,0.0,0.0,0.16222327321686347,-0.06124106303535339,0.0,0.0,-0.43273943517527896
0.21349434896117303,0.0,0.0,0.0,0.0,-0.3551702429432575,-0.42601894595792045,1.0747494493742287,1.3837532157583627,-0.48462983302263346
0.7541007441416893,0.0,0.0,0.0,0.0,0.5452904925404037,-0.12561320434640574,1.042388436415818,1.3025175370208548,-0.463440397890089
-0.5042892676357033,0.0,0.0,0.0,0.0,-0.8382216140887526,-0.8610819189340483,0.0,0.0,-0.47254949826172654
0.183580394711764,0.0,0.7106121022478595,0.0,0.0,0.23887608554690667,0.3657267131137707,1.0924703937134745,1.4165481093681518,-0.4699440386380931
-0.169430365821619,0.0,0.0,0.0,0.0,-0.2249267526918387,0.11452748252207769,0.0,0.0,-0.46766614210394414
0.5856754774674738,0.0,0.0,0.0,0.0,-0.2613210019676533,-0.6167169445693365,0.9750538018491568,1.2182136440140021,-0.8135648527443196
-0.27876868529160204,0.0,0.0,0.0,0.0,-1.3513954655373794,-1.2436386091883012,0.0,0.0,-0.4427233745051538
-0.042426994911638385,0.0,0.0,0.0,0.0,-0.4879956411652101,-0.6167169445693365,0.0,0.0,-0.46376524188838514
1.0666156566277556,0.0,0.0,0.0,0.0,0.4277164390996391,0.6216146055503267,1.097330245375416,1.4165481093681518,-0.5099319377462151
0.27008310848848466,0.0,0.0,0.0,0.0,-1.3513954655373794,-1.2436386091883012,0.0,0.0,-0.4872483605767534
-0.5129409620777319,0.0,0.0,0.0,0.0,-1.3513954655373794,-1.2436386091883012,0.0,0.0,-0.6438512626847309
-0.25108958644291085,0.0,1.149512058475987,0.0,0.0,0.8988540203330234,0.31878118133730793,0.9565747954222968,1.0,-0.4974174843398006
-0.5837125071781057,0.0,0.0,0.0,0.0,-0.2994061265462212,0.0,1.0484031602938675,1.3444369791715767,-0.49282056221741877
-0.0729049168865217,0.0,0.0,0.0,0.0,-0.4666110923155345,-0.7296649225245023,1.0629354125627655,1.3025175370208548,-0.6015291374102292
-0.6015914882808044,0.0,1.0,0.0,0.0,0.23689209528264066,0.11452748252207769,0.0,0.0,-0.45922064623752945
0.3491443444985923,0.0,0.7106121022478595,0.0,0.0,0.2227912801724251,1.0112311364854392,1.071083660422793,1.3444369791715767,-0.44465954826946225
-0.1911607635971249,0.0,1.0,0.0,0.0,0.45170100272730884,0.4555743605292723,0.0,0.0,-0.5794386005791436
0.07909161431104618,0.0,0.0,0.0,0.0,-0.5498980223231736,-0.7296649225245023,0.0,0.0,-0.558536175575068
1.042048527724464,0.0,0.0,0.0,0.0,-0.09127032435189496,-0.7296649225245023,0.0,0.0,-0.44821242470066414
-0.09063929747147637,0.0,0.0,0.0,0.0,-1.3513954655373794,-1.2436386091883012,0.0,0.0,-0.499718690010255
0.0027199669625486643,0.0,0.0,0.0,0.0,-0.627156881157498,-0.7296649225245023,0.0,0.0,-0.505974107350987
-0.776911271398443,0.0,0.0,0.0,0.0,-1.3513954655373794,-1.2436386091883012,0.0,0.0,-0.73253230774508
-0.03215358300282516,0.0,0.0,0.0,0.0,-0.4313613087349649,-0.34288385740687394,0.0,0.0,-0.5003765147607786
-0.769664335655849,0.0,0.0,0.0,0.0,-0.09400962036387153,0.16837786189877654,0.0,0.0,-0.49380500273703853
-0.06854979178311205,0.0,0.0,0.0,0.0,-0.16844946719805384,-0.34288385740687394,0.0,0.0,-0.595733770749745
-0.28893325280475535,0.0,0.0,0.0,0.0,-0.1461037463806638,-0.06124106303535339,1.0906729601993261,1.4140046247801077,-0.668257308433778
-0.3195889404256256,4.33065677805932,0.0,0.0,0.0,-0.15208555103647392,-0.2657509156119179,1.0419259054467114,1.3025175370208548,-0.610075103667846
-0.8468347361018062,0.0,0.0,0.0,0.0,-0.8673452578999283,-1.022273554629209,0.9750538018491568,1.0,-0.5274785290976778
0.2863488502254882,0.0,1.149512058475987,0.0,0.0,0.6710009355878833,0.6989246298564699,1.0723842613166006,1.41081075138084,-0.5125735402821805
-0.46840624201760994,0.0,0.0,0.0,0.0,-0.8712932471451291,-0.8610819189340483,0.0,0.0,-0.4702695955471817
-0.3210196460268299,0.0,0.0,0.0,0.0,-1.3513954655373794,-1.2436386091883012,0.0,0.0,-0.4745051027991931
-0.8315567335424711,0.0,0.0,0.0,0.0,0.10827388062262186,-0.516595772466355,0.0,0.0,-0.6032360953889659
-0.48064936693865934,0.0,0.0,0.0,0.0,-0.6891797603680089,-0.7296649225245023,1.0269662977944063,1.3025175370208548,-0.49643181452886387
-0.026829525698315947,0.0,0.7106121022478595,0.0,0.0,0.06928521022126569,0.11452748252207769,0.0,0.0,-0.5709907440421342
0.17432165117024434,0.0,0.0,3.8163916471489756e-17,0.0,0.20389049731890474,0.11452748252207769,0.0,0.0,-0.48790336001683704
-0.7648208016706575,0.0,0.0,0.0,0.0,-0.948561167964092,-0.8610819189340483,0.0,0.0,-0.5016926151672987
-1.2237134085408485,0.0,0.0,0.0,0.0,-0.20945654433029523,-0.2657509156119179,0.0,0.0,-0.5069630519768975
-1.1197539615367964,0.0,1.0,0.0,0.0,0.5679057493926846,0.22025285618736773,0.0,0.0,-0.455006848516901
-0.0299469103619438,0.0,0.0,0.0,0.0,-0.21359378237596452,0.16837786189877654,0.0,0.0,-0.5251548056068795
0.4369612280493024,0.0,0.0,0.0,0.0,-0.31132703717135485,-0.42601894595792045,1.0462299458179467,1.3444369791715767,-0.5195194362492451
-0.574792037735925,0.0,0.0,0.0,0.0,-0.33213687257001856,-1.022273554629209,0.0,0.0,-0.4961033326081352
0.10250034306937714,0.0,0.7106121022478595,0.0,0.0,0.45425834875854165,0.0,0.0,0.0,-0.7916330692517101
0.16079846394032002,0.0,1.149512058475987,0.0,0.0,0.6263758641096957,0.2703350774754977,1.022831460331992,1.2182136440140021,-0.5461381421956414
0.5134649144320907,0.0,0.0,0.0,0.0,-0.25673902615686917,0.3657267131137707,0.0,0.0,-0.528142802872897
0.6651479603291678,0.0,1.0,0.0,0.0,0.24021488645497852,0.2703350774754977,1.022831460331992,1.0,-0.5046560449979639
-0.3275296180891196,0.0,0.0,0.0,0.0,-0.7615470556773098,-0.7296649225245023,0.0,0.0,-0.6303561428413912
0.2645934280608856,0.0,0.0,3.8163916471489756e-17,0.0,0.2840972164362075,0.05848678361057452,0.0,0.0,-0.6574192708242363
-0.32090598841318196,0.0,0.0,0.0,0.0,0.2707453655122144,-0.516595772466355,1.022831460331992,1.0,-0.6059695472765554
-0.027310581877411297,0.0,0.0,0.0,0.0,-1.3513954655373794,-1.2436386091883012,0.0,0.0,-0.5155482736182845
-1.0607426268793019,0.0,0.0,0.0,0.0,-0.8940698301366793,-0.34288385740687394,0.0,0.0,-0.5274785290976778
-0.625693690618064,4.330657246679007,0.0,0.0,0.0,-0.4097900255070059,-0.2657509156119179,0.0,0.0,-0.5148869529056589
-0.23838833093329018,0.0,0.0,0.0,0.0,-0.7136482940176814,-0.7296649225245023,0.988153482273682,1.0,-0.6028946147557832
0.6459386274516791,0.0,1.0,0.0,0.0,0.33310727987581223,0.11452748252207769,0.0,0.0,-0.5889319607364596
0.0237790659011376,0.0,0.7106121022478595,0.0,0.0,-0.08891023341977503,-0.42601894595792045,0.0,0.0,-0.6255291806582755
-0.06194711138641192,0.0,0.0,0.0,0.0,-0.11254050656928301,0.31878118133730793,0.0,0.0,-0.5181950974468357
0.6655354795297194,0.0,0.7106121022478595,0.0,0.0,-0.0720420689177432,-0.34288385740687394,0.0,0.0,-0.620367517031881
0.5392320841512184,0.0,1.0,0.0,0.0,0.3388154586226351,0.16837786189877654,0.0,0.0,-0.5899511185025053
-0.16343761524020034,0.0,1.149512058475987,0.0,0.0,0.860097139644728,0.11452748252207769,0.0,0.0,-0.5981185511060995
-0.7411299931255897,0.0,0.0,0.0,0.0,-1.3513954655373794,-1.2436386091883012,0.0,0.0,-1.2743181723303865
-0.0660251922681167,0.0,0.0,0.0,0.0,-0.2754070170247765,-0.7296649225245023,1.0269662977944063,1.2182136440140021,-0.661958452229461
0.8263531734724526,0.0,1.149512058475987,0.0,0.0,0.5344843599173248,0.11452748252207769,1.022831460331992,1.0,-0.5377925132294309
-1.569132808799371,0.0,1.0,0.0,0.0,0.5540658071571651,0.41128985457575656,0.0,0.0,-0.7300134522298851
0.1716774206442226,0.0,1.2380816024689916,0.0,0.0,1.0830355394052058,0.5816230273987638,1.0681963516467783,1.3444369791715767,-0.5364595356575815
-0.7284463312573769,0.0,0.0,0.0,0.0,-0.6635769177752666,-0.8610819189340483,0.0,0.0,-0.5397931769982084
0.04610438727392466,4.330657294044385,0.0,0.0,0.0,-0.3483363505343899,-0.516595772466355,1.0753836285263447,1.3685309911523162,-0.7364961322359752
0.44890898857203326,0.0,0.0,0.0,0.0,-0.029140875198045518,-0.6167169445693365,0.0,0.0,-0.5437988325810933
0.13796733461869506,0.0,0.0,0.0,0.0,0.4354992782490154,-0.06124106303535339,1.0279585440795893,1.2182136440140021,-0.971955305421319
-0.14825483779110757,0.0,0.0,0.0,0.0,-0.20004589038842352,0.0,0.0,0.0,-0.7063983720942975
-0.09678035654416808,0.0,0.0,0.0,0.0,-0.16129516558008045,-0.42601894595792045,0.0,0.0,-0.5595438835354225
-0.015450995996991354,0.0,0.7106121022478595,0.0,0.0,0.11654786971860888,0.11452748252207769,0.0,0.0,-0.7949639027044096
0.33445150225852127,0.0,0.0,0.0,0.0,-1.3513954655373794,-1.2436386091883012,0.0,0.0,-0.5225014663047421
-1.3972728562648418,0.0,0.0,0.0,0.0,-0.6119648368425131,-0.6167169445693365,0.8663642547672894,1.0,-0.5023508911374117
-0.514308060205573,0.0,0.0,0.0,0.0,-1.3513954655373794,-1.2436386091883012,0.0,0.0,-0.7571480502944193
0.324022551651491,0.0,0.0,0.0,0.0,0.19402674186258068,0.0,1.0642277759208396,1.4013322872298855,-0.620367517031881
0.1857416911247111,0.0,0.0,0.0,0.0,-0.5109376799694366,-0.7296649225245023,0.0,0.0,-0.538792665272784
-2.114779214181927,0.0,0.0,0.0,0.0,-1.3513954655373794,-1.2436386091883012,0.0,0.0,-0.6623079658899107
-0.1536735376076651,0.0,0.0,0.0,0.0,-1.3513954655373794,-1.2436386091883012,0.0,0.0,-0.73253230774508
-0.5572535416126518,0.0,0.0,0.0,0.0,0.09011147531733191,-0.516595772466355,0.0,0.0,-0.616245632525514
1.385048500255166,0.0,0.0,0.0,0.0,0.5335934498433884,1.6192923042113898,1.1076211266836429,1.432254662172603,-0.5605519637690325
0.1611033770191317,0.0,1.0,0.0,0.0,0.4756530191515978,0.3657267131137707,1.0546270911177729,1.3685309911523162,-0.6584660348499087
-0.6188094959297767,0.0,1.0,0.0,0.0,0.4349421793008748,0.0,0.0,0.0,-0.7088916814901078
-0.7833078934339132,0.0,0.0,0.0,0.0,-0.9813131246092198,-0.7296649225245023,0.0,0.0,-0.577070522212709
-0.36761524316561106,0.0,0.0,0.0,0.0,-0.4276680827230703,-0.34288385740687394,0.0,0.0,-0.5437988325810933
-0.5183962023909385,0.0,0.0,0.0,0.0,-0.9770406156448388,-1.022273554629209,0.0,0.0,-0.649408705015818
-1.430318080359749,0.0,0.0,0.0,0.0,-0.35291704512534394,-0.42601894595792045,1.022831460331992,1.0,-0.6063114300156313
0.022430002741467087,0.0,0.0,0.0,0.0,-0.5932503704488702,-0.8610819189340483,0.0,0.0,-0.8131912086833364
-0.386455358703139,0.0,0.0,0.0,0.0,-0.9108696839149778,-1.022273554629209,0.9565747954222968,1.0,-0.577070522212709
0.5856545789755953,0.0,0.0,0.0,0.0,-0.7077869673735322,-1.022273554629209,1.022831460331992,1.0,-0.6320822750517409
0.3528914316427144,0.0,0.7106121022478595,0.0,0.0,0.0932873750176285,0.05848678361057452,0.0,0.0,-0.5913106054319521
-0.39469448224231646,0.0,0.0,0.0,0.0,-1.3513954655373794,-1.2436386091883012,0.0,0.0,-0.5981185511060995
1.2425833764178373,0.0,0.0,0.0,0.0,-0.11464996628933531,0.31878118133730793,0.0,0.0,-0.6018704400215551
-0.33299092028454214,0.0,0.0,0.0,0.0,-0.6718344272042854,-0.8610819189340483,0.0,0.0,-0.6131585312276644
0.115124165779316,0.0,1.149512058475987,0.0,0.0,0.9182028371231855,1.7832167899648053,1.0819011464798831,1.4013322872298855,-0.6148731326752682
-0.874632185615809,0.0,1.0,0.0,0.0,0.20910770175172158,0.16837786189877654,0.0,0.0,-0.6816084573201878
0.22908285256276,0.0,1.0,0.0,0.0,0.37144280599695645,0.31878118133730793,0.0,0.0,-0.6630071419484612
0.7246106069876853,0.0,0.0,0.0,0.0,-0.1638823286617628,-0.34288385740687394,1.0629354125627655,1.3685309911523162,-0.6351922707106975
0.1046987387879338,0.0,0.0,0.0,0.0,-1.3513954655373794,-1.2436386091883012,0.0,0.0,-0.7339729011992687
-0.46054691048132396,0.0,0.0,0.0,0.0,-1.3513954655373794,-1.2436386091883012,0.0,0.0,-0.5933511460976026
-0.17869119797844255,0.0,0.7106121022478595,0.0,0.0,0.4915529477774849,0.7730013276593265,1.0730034399359627,1.4165481093681518,-0.5655979711224149
0.7139652024395416,0.0,0.0,0.0,0.0,0.17897064085123313,-0.516595772466355,1.0512388950722917,1.2182136440140021,-0.5818087750802393
0.248050488142104,0.0,0.0,0.0,0.0,-0.17856085872488697,-0.6167169445693365,1.0368224148220306,1.2182136440140021,-0.6327730560907814
-0.8309457054783325,0.0,0.0,0.0,0.0,-0.23937328511416373,-0.06124106303535339,0.0,0.0,-0.6052859161275981
-0.5534603494590403,0.0,0.0,0.0,0.0,-0.2609524174659086,-0.2657509156119179,0.0,0.0,-0.6121303148340747
1.063729557464288,0.0,0.0,0.0,0.0,0.2051591067648231,0.8089350854960184,1.0791768467992444,1.4217198523711672,-0.73253230774508
0.8480227003996502,0.0,1.2380816024689916,0.0,0.0,0.9684138018282372,1.3362843900460843,1.05207527942744,1.0,-0.5582003555405379
0.2032089732374682,0.0,0.0,0.0,0.0,-0.3551702429432575,-0.42601894595792045,1.0368224148220306,1.3025175370208548,-0.6996440932297507
-0.28800101725793925,0.0,1.0,0.0,0.0,0.45392630960501285,0.11452748252207769,0.0,0.0,-0.7017749369292444
-1.3656764101410346,0.0,0.0,0.0,0.0,-0.7039543056257523,-1.022273554629209,0.0,0.0,-0.6080215164305963
-0.6431508919124003,0.0,0.0,0.0,0.0,-0.7077869673735322,-1.022273554629209,0.0,0.0,-0.6131585312276644
-0.6267455988104428,0.0,0.0,0.0,0.0,-0.23676945462945445,0.4555743605292723,0.0,0.0,-0.7975581658137517
-0.40475851370005916,0.0,0.0,0.0,0.0,-0.08375093381618523,-0.06124106303535339,0.0,0.0,-0.636921695717405
-0.8750712906452572,0.0,0.0,0.0,0.0,-0.6718344272042854,-0.516595772466355,0.0,0.0,-0.6424638236427109
0.07127524751274883,0.0,0.7106121022478595,0.0,0.0,0.08024864005900675,0.11452748252207769,0.0,0.0,-0.6117876666176416
-0.7660508096249589,0.0,1.0,0.0,0.0,0.14093958614281038,0.16837786189877654,0.0,0.0,-0.5797770684039963
-0.2745488773773121,4.33065726789921,0.0,0.0,0.0,-1.3513954655373794,-1.2436386091883012,0.0,0.0,-0.7513318056844007
0.2817754586915064,0.0,0.0,0.0,0.0,-1.3513954655373794,-1.2436386091883012,0.0,0.0,-0.6563729489013232
0.38977790677912383,0.0,0.7106121022478595,0.0,0.0,0.858761359015016,0.11452748252207769,0.0,0.0,-0.629321024905587
0.7006733382743167,0.0,0.0,0.0,0.0,-0.39280971116364305,-1.022273554629209,0.0,0.0,-0.7383001551571332
0.3833900080705907,0.0,0.0,0.0,0.0,-0.12601518588209304,0.05848678361057452,0.0,0.0,-0.5659347050217755
-0.4710186635392162,0.0,0.0,0.0,0.0,-1.3513954655373794,-1.2436386091883012,0.0,0.0,-0.5407940489974234
0.10645039776904444,0.0,0.0,0.0,0.0,-1.3513954655373794,-1.2436386091883012,0.0,0.0,-0.5649246286588714
0.5722445431891422,0.0,1.149512058475987,0.0,0.0,0.660299421827376,0.49867188906910564,1.022831460331992,1.0,-0.5541737276407269
-0.5278612156345471,4.33065723967277,0.0,0.0,0.0,-0.7077869673735322,-1.022273554629209,0.0,0.0,-0.6501042540253061
-0.7342139973375645,0.0,0.0,0.0,0.0,-0.7077869673735322,-1.022273554629209,1.022831460331992,1.0,-0.6809039313956694
-0.2455858201868059,0.0,0.0,0.0,0.0,-0.4666110923155345,-0.7296649225245023,1.0629354125627655,1.3025175370208548,-0.5659347050217755
0.6372884451352303,0.0,0.0,0.0,0.0,0.35194540650547645,0.5816230273987638,1.0995076769667727,1.427761196424576,-0.5605519637690325
0.27184691328875743,0.0,0.0,0.0,0.0,-0.2706533879479112,-0.12561320434640574,1.071083660422793,1.4013322872298855,-0.7274973631692635
0.306455732504634,0.0,0.0,0.0,0.0,0.3588866106202961,-0.12561320434640574,0.0,0.0,-0.6511479411175073
0.2756669725829054,0.0,0.0,0.0,0.0,-1.3513954655373794,-1.2436386091883012,0.0,0.0,-0.7960753412086523
-0.5446643267326774,0.0,0.0,0.0,0.0,-0.6173932036806756,-0.7296649225245023,0.0,0.0,-0.6148731326752682
-0.27985979074580075,0.0,0.0,0.0,0.0,-0.37662997428474326,-0.12561320434640574,0.0,0.0,-0.6331185170456471
-0.3074692839696545,0.0,0.0,0.0,0.0,-0.6891797603680089,-0.7296649225245023,1.0269662977944063,1.3025175370208548,-0.7106742407020701
0.7710768849060339,0.0,0.0,0.0,0.0,-0.8008686164877915,-0.7296649225245023,0.9750538018491568,1.2182136440140021,-0.7535111195241682
-0.34744157301342615,4.330655928545408,1.0,0.0,0.0,0.5929840475222378,-0.193584983678676,0.0,0.0,-1.0148194515061204
0.5079028098439753,0.0,0.0,0.0,0.0,-0.3648180781714587,-0.6167169445693365,1.0738381757558118,1.3444369791715767,-0.6868989733223242
-0.6236674198434493,0.0,0.0,0.0,0.0,-1.0525103976331662,-0.8610819189340483,0.0,0.0,-0.7567840895382599
0.92362632171479,0.0,1.2380816024689916,0.0,0.0,1.0152066668725246,0.16837786189877654,0.0,0.0,-0.6717636776518183
-1.1519136421844272,0.0,0.7106121022478595,0.0,0.0,0.23945461933399034,0.2703350774754977,0.0,0.0,-0.7060424009119526
-0.41589210754923384,4.3306572815722255,0.0,0.0,0.0,-0.39280971116364305,-0.193584983678676,0.0,0.0,-0.6570704477695268
0.09141240958628177,0.0,0.0,0.0,0.0,-1.3513954655373794,-1.2436386091883012,0.0,0.0,-0.5994822540430594
0.7861416920663518,0.0,0.0,0.0,0.0,-0.2219170426968008,-0.516595772466355,1.0515961795290998,1.3025175370208548,-0.6651058623435971
0.7850716330789981,0.0,1.0,0.0,0.0,0.4897373669027928,0.49867188906910564,1.0468972346458245,1.2182136440140021,-0.553167994589812
0.8152908773569133,0.0,0.0,0.0,0.0,-1.3513954655373794,-1.2436386091883012,0.0,0.0,-0.7274973631692635
-0.9985868426811805,0.0,0.0,0.0,0.0,-1.3513954655373794,-1.2436386091883012,0.0,0.0,-0.5723406201737621
0.23281457726263052,0.0,0.0,0.0,0.0,-1.3513954655373794,-1.2436386091883012,0.0,0.0,-0.5444670049463217
0.43245274752381324,0.0,0.0,0.0,0.0,0.3176541888944232,0.05848678361057452,0.988153482273682,1.0,-0.652540203884813
-0.5408815069944531,0.0,0.0,0.0,0.0,-1.3513954655373794,-1.2436386091883012,0.0,0.0,-0.5828252079311476
0.456119432960622,0.0,1.149512058475987,0.0,0.0,0.6650657376290918,0.49867188906910564,1.0306204699037194,1.2182136440140021,-0.6376137967467777
-0.39264413083165073,0.0,0.0,0.0,0.0,-0.3463579279866599,0.0,0.0,0.0,-0.7039077035055938
0.6042466183407933,0.0,0.0,0.0,0.0,-0.16072244364431237,-0.516595772466355,1.0703160881412606,1.3444369791715767,-0.5404603849306667
0.2837143228619864,0.0,1.0,0.0,0.0,0.48228131045732636,0.11452748252207769,0.0,0.0,-0.8064770531053163
0.7625552979388631,0.0,0.0,0.0,0.0,-0.4666110923155345,-0.8610819189340483,1.022831460331992,1.0,-0.6539332455904436
-0.18291039652299873,0.0,0.0,0.0,0.0,-0.23461282284029972,-0.7296649225245023,1.049929575826221,1.2182136440140021,-0.6469758066312217
-0.4363829810474664,0.0,0.0,0.0,0.0,-0.07747495006322146,0.16837786189877654,1.022831460331992,1.0,-0.6640562783629701
0.06962564116860105,0.0,1.2380816024689916,0.0,0.0,0.9693620383419381,0.31878118133730793,0.0,0.0,-0.5981185511060995
-0.5607097008609752,0.0,0.0,0.0,0.0,-0.06593085115449246,0.16837786189877654,0.0,0.0,-0.616245632525514
-0.5876231235929403,0.0,0.0,0.0,0.0,-0.8604260800000854,-0.7296649225245023,0.930195915634508,1.0,-0.7383001551571332
-0.5140040104822722,0.0,1.149512058475987,0.0,0.0,0.6782764374772565,0.11452748252207769,0.0,0.0,-0.6138442355507425
1.4195740726556179,0.0,1.2380816024689916,0.0,0.0,1.0540062128870862,0.6989246298564699,0.9565747954222968,1.3025175370208548,-0.6372677225577791
0.27861094138789494,0.0,0.0,0.0,0.0,-0.1393904873206797,-0.42601894595792045,1.0546270911177729,1.3025175370208548,-0.6943253448978567
-0.2510279657848707,0.0,0.0,0.0,0.0,-1.3513954655373794,-1.2436386091883012,0.0,0.0,-0.6816084573201878
0.41406627750375125,0.0,1.0,0.0,0.0,0.4840997285186644,0.16837786189877654,0.0,0.0,-0.6052859161275981
-0.7153940298274419,0.0,0.0,0.0,0.0,-0.5516362430260852,-0.193584983678676,1.0515961795290998,1.4067157636187435,-0.6393448789587981
-0.08480984566381669,0.0,0.0,0.0,0.0,-0.2056016386297439,-0.6167169445693365,0.988153482273682,1.0,-0.7982999675913283
0.5497376213626174,0.0,1.0,0.0,0.0,0.7300431052431282,-0.06124106303535339,1.022831460331992,1.0,-0.661958452229461
1.1821247462445434,0.0,0.0,0.0,0.0,0.0277729951224399,0.878778350041491,1.0394896384476304,1.3025175370208548,-0.6183057509322877
-0.45441530516046985,0.0,0.0,0.0,0.0,-0.3352738503085139,0.16837786189877654,0.0,0.0,-0.58961135572481
-0.6617655984705264,0.0,0.0,0.0,0.0,-1.3513954655373794,-1.2436386091883012,0.0,0.0,-0.6424638236427109
0.05010068566759025,4.330655285737183,1.0,0.0,0.0,0.4610860656816474,0.49867188906910564,0.0,0.0,-0.6462811269804933
0.6937821938017085,0.0,1.0,0.0,0.0,0.4616600545184326,0.2703350774754977,1.049929575826221,1.2182136440140021,-0.6549785392477081
-0.49930769971916117,0.0,0.0,0.0,0.0,-0.3463579279866599,0.0,0.0,0.0,-0.6424638236427109
-0.2958230882261602,0.0,0.0,0.0,0.0,-1.3513954655373794,-1.2436386091883012,0.0,0.0,-0.5652612790093401
0.8287450058721447,0.0,1.2380816024689916,0.0,0.0,0.9537401241917014,0.6989246298564699,0.0,0.0,-0.5720030878038126
-0.7797509112883186,0.0,0.0,0.0,0.0,-0.5627380187757388,-0.2657509156119179,0.0,0.0,-0.6152161893307948
-0.6398053991536563,0.0,1.0,0.0,0.0,0.4250626669374849,0.22025285618736773,0.0,0.0,-0.6714128142532843
-0.11652365637611782,4.330657300352582,0.0,0.0,0.0,-0.6718344272042854,-0.7296649225245023,1.022831460331992,1.2182136440140021,-0.73902216585695
0.15178471614912414,0.0,0.0,0.0,0.0,-0.4465608616397132,-0.42601894595792045,0.0,0.0,-0.7210400265651304
-0.49806084955428626,0.0,0.0,0.0,0.0,-1.3513954655373794,-1.2436386091883012,0.0,0.0,-0.7429973440126683
0.06476153970631195,0.0,0.7106121022478595,0.0,0.0,0.4756330036602823,-0.06124106303535339,1.0125842817931043,1.0,-0.6985793899893845
0.10873788910349538,4.330657294320342,1.0,0.0,0.0,0.22835268952554577,0.05848678361057452,0.0,0.0,-0.7210400265651304
-0.17974828876489024,0.0,1.0,0.0,0.0,0.14248484243465495,-0.42601894595792045,0.0,0.0,-0.6784397055824452
0.44131303272244143,0.0,0.0,0.0,2.740863092043355e-16,1.1706614550669112,-0.34288385740687394,0.0,0.0,-1.0110642996282169
0.028997806249112277,0.0,0.0,0.0,0.0,-0.39280971116364305,-1.022273554629209,0.0,0.0,-0.9041497315979282
-0.5034214532342683,0.0,0.0,0.0,0.0,-0.09199910587586074,-0.7296649225245023,0.0,0.0,-0.6968059458015037
-0.053032614495539684,0.0,0.7106121022478595,0.0,0.0,0.48817119393119096,0.31878118133730793,0.0,0.0,-0.7375783740703652
0.051955695874367255,0.0,0.0,0.0,0.0,-0.9369838393770169,-1.022273554629209,0.0,0.0,-0.6964514158200728
-0.02160322062758515,0.0,1.0,0.0,0.0,0.33231268621050647,0.0,0.0,0.0,-0.7178181112756498
-0.42697581846070265,0.0,0.0,0.0,0.0,-0.9108696839149778,-0.7296649225245023,0.0,0.0,-0.6816084573201878
-0.10219048341876062,4.330657187817903,0.0,0.0,0.0,-0.6053246853614266,-0.7296649225245023,1.0381872290157361,1.2182136440140021,-0.7931127962159195
0.676316744991866,0.0,1.2380816024689916,0.0,0.0,1.0621290179164102,1.417011751987217,0.0,0.0,-0.7466172256593461
-0.9286765366361551,0.0,0.0,0.0,0.0,-0.4182527754378836,-0.516595772466355,0.0,0.0,-0.7067543971704809
-0.044902370154845446,0.0,0.0,0.0,0.0,-1.3513954655373794,-1.2436386091883012,0.0,0.0,-0.7231904641125156
0.03876359357882919,0.0,0.0,0.0,0.0,0.05062792543621707,0.16837786189877654,0.9455625622533519,1.0,-0.7224734292257843
-1.9863872419669646,0.0,0.0,0.0,0.0,-1.3513954655373794,-1.2436386091883012,0.0,0.0,-1.3196175658816596
0.007183447167144395,0.0,0.0,0.0,0.0,-0.16568860337489016,0.11452748252207769,0.0,0.0,-0.7003541612984664
-0.23388467994945467,0.0,1.149512058475987,0.0,0.0,0.6216318807031037,0.878778350041491,1.0703997564388674,1.3837532157583627,-0.876181229231801
0.2486903533522205,0.0,1.0,0.0,0.0,0.4218489935501869,0.2703350774754977,0.0,0.0,-0.9973713874827217
-0.46287516045610017,0.0,0.7106121022478595,0.0,0.0,-0.10936412737592187,-0.06124106303535339,0.0,0.0,-0.7853556369206238
-0.7691598741431809,0.0,0.0,0.0,0.0,-1.3513954655373794,-1.2436386091883012,0.0,0.0,-0.7060424009119526
-0.4555814724174313,0.0,1.149512058475987,0.0,0.0,0.6965239609977222,0.16837786189877654,0.0,0.0,-0.8214269990973178
0.26119464500918493,0.0,0.7106121022478595,0.0,0.0,0.09474620957350659,0.11452748252207769,0.0,0.0,-0.6996440932297507
-0.33537812310357895,0.0,0.0,0.0,0.0,-0.828262722629982,-0.7296649225245023,0.0,0.0,-0.679495495164171
-0.4424026767373248,0.0,0.0,3.8163916471489756e-17,0.0,-0.009036994616375438,0.05848678361057452,0.0,0.0,-0.6689581802672446
-0.3354013409370585,0.0,0.0,0.0,0.0,-0.3798059899413203,-0.12561320434640574,0.0,0.0,-0.6651058623435971
0.33148821738143214,0.0,0.0,0.0,0.0,-0.3753676423915803,-0.6167169445693365,0.0,0.0,-0.7081790371602533
0.34821875529692575,0.0,1.0,0.0,0.0,0.43186864753558585,0.6606974057623132,1.0858957758966792,1.4013322872298855,-0.7531477527978035
0.22837311522503892,0.0,0.0,0.0,0.0,-0.05911347274872363,-0.6167169445693365,0.8663642547672894,1.0,-0.7404668774329695
-0.40026971603851613,0.0,0.0,0.0,0.0,-0.4097900255070059,-0.2657509156119179,0.0,0.0,-0.827813673434698
-0.5568309601985131,0.0,0.0,0.0,0.0,0.31654692272997836,-0.516595772466355,0.0,0.0,-0.7857243890778556
0.232258083814337,0.0,0.0,0.0,0.0,0.8513243633693007,1.390425738756177,0.0,0.0,-0.775423084363775
-0.36827300399834895,0.0,0.0,3.8163916471489756e-17,0.0,0.14442803229741943,0.05848678361057452,0.9565747954222968,1.0,-0.7433590706999494
-0.3016546430608698,0.0,0.0,0.0,0.0,-1.3513954655373794,-1.2436386091883012,0.0,0.0,-0.92026687730643
-1.0793568573556738,0.0,0.7106121022478595,0.0,0.0,0.18060872642003412,0.16837786189877654,0.0,0.0,-0.8161822473369209
-1.7630606091534862,0.0,0.0,0.0,0.0,-1.3513954655373794,-1.2436386091883012,0.0,0.0,-0.7982999675913283
-0.6405472872840358,0.0,0.0,0.0,0.0,-1.3513954655373794,-1.2436386091883012,0.0,0.0,-0.7213982939396042
-1.4867738653927582,0.0,0.0,0.0,0.0,-1.3513954655373794,-1.2436386091883012,0.0,0.0,-0.7706569118595218
-0.5016296564874233,0.0,0.0,0.0,0.0,-1.3513954655373794,-1.2436386091883012,0.0,0.0,-0.7666320979709399
-1.146670093366372,0.0,0.0,0.0,0.0,-1.3513954655373794,-1.2436386091883012,0.0,0.0,-0.9186881655784161
-0.1380638800212322,0.0,1.0,0.0,0.0,0.27741997455782796,0.05848678361057452,0.0,0.0,-0.8255572771323018
-0.1359137696087894,0.0,0.0,0.0,0.0,-0.30849340048755025,0.0,0.0,0.0,-0.888948511876598
-0.35564464320314476,0.0,0.0,0.0,0.0,-0.1937894977859246,-0.7296649225245023,1.022831460331992,1.0,-0.768460642679599
-0.729689898524006,0.0,0.0,0.0,0.0,-1.3513954655373794,-1.2436386091883012,0.0,0.0,-0.7986709660308214
-0.7559220260266267,0.0,0.0,0.0,0.0,-0.2056016386297439,0.11452748252207769,0.0,0.0,-0.7957047970362544
-0.698239377432489,0.0,0.0,0.0,0.0,-0.7739208145133659,-0.7296649225245023,0.0,0.0,-0.7735887076559358
-0.6734757645636272,0.0,0.0,0.0,0.0,-0.4666110923155345,-0.7296649225245023,1.0629354125627655,1.3025175370208548,-0.6693086914457396
-0.046567548592470275,0.0,1.0,0.0,0.0,0.7455737451608009,-0.06124106303535339,0.0,0.0,-0.8087127055889618
-0.2493867562620981,0.0,0.0,0.0,0.0,-0.18103443965986646,0.16837786189877654,0.0,0.0,-0.8881722827105686
0.2991370516654021,0.0,1.0,0.0,0.0,0.3069100448201959,0.2703350774754977,0.0,0.0,-0.9143538003738132
-0.3968783006145739,0.0,0.0,0.0,0.0,-0.9674664273370567,-1.022273554629209,0.0,0.0,-0.7596974482226445
-1.5395040163714098,0.0,0.0,0.0,0.0,-0.5351057093112938,-0.2657509156119179,0.0,0.0,-0.730732842335168
-0.04003640653018388,0.0,0.7106121022478595,0.0,0.0,0.10740723068896643,0.0,0.0,0.0,-1.0709928393228147
-0.43363546046751666,0.0,0.0,0.0,0.0,-0.12424165931709068,0.05848678361057452,0.0,0.0,-0.7920029046780914
0.28137303200578173,0.0,0.0,0.0,0.0,-0.33213687257001856,-0.42601894595792045,1.0125842817931043,1.3444369791715767,-0.7274973631692635
-0.4893114977458133,0.0,0.0,0.0,0.0,-0.1392546002083886,-0.06124106303535339,0.0,0.0,-1.0473281394335243
0.18291943534079008,4.330657175548331,0.0,0.0,0.0,-0.3798059899413203,-0.516595772466355,1.0723842613166006,1.3685309911523162,-0.8573789640117909
-0.3054441039439116,0.0,0.0,0.0,0.0,0.031667884249648046,-0.7296649225245023,0.0,0.0,-0.8016413016625702
-0.008982542115672475,0.0,1.0,0.0,0.0,0.5048367974645538,0.22025285618736773,0.0,0.0,-1.177090785345407
0.2391968287976531,0.0,0.0,0.0,0.0,-0.21571970189257839,-0.06124106303535339,1.0778175216248964,1.4067157636187435,-0.8210519310106279
-1.1898801994390436,0.0,0.0,0.0,0.0,-1.3513954655373794,-1.2436386091883012,0.0,0.0,-0.8038718038973185
-0.32363900684773744,0.0,1.149512058475987,0.0,0.0,0.5280922576613719,-0.193584983678676,0.0,0.0,-0.7292942879568528
0.5319476680304221,4.330657233311414,1.2380816024689916,0.0,0.0,0.9302609012804179,0.11452748252207769,0.0,0.0,-0.8835215978149752
-0.7376838287514026,0.0,0.0,0.0,0.0,-0.2532027245941166,0.49867188906910564,0.0,0.0,-0.9687041394092804
0.1439364953114805,0.0,0.0,0.0,0.0,-0.10671411793013248,0.49867188906910564,1.0573198567524453,1.41081075138084,-0.7571480502944193
-1.0845326465165508,0.0,0.0,0.0,0.0,-0.34927118551515574,0.0,0.0,0.0,-0.9234284587554887
-0.37392692651730586,0.0,0.0,0.0,0.0,-0.19768828818116288,-0.2657509156119179,1.0180943570563883,1.3837532157583627,-0.8562336776497117
-1.0910531660378364,0.0,0.0,0.0,0.0,-0.7739208145133659,-0.7296649225245023,0.0,0.0,-0.755692564708498
-0.0913117868324627,0.0,0.0,0.0,0.0,-0.2389381006452756,-0.516595772466355,1.0481458543966122,1.3444369791715767,-0.8955594481979133
-0.039776361839881064,0.0,0.0,0.0,0.0,-0.25221116312748526,-0.2657509156119179,1.0665838155427505,1.3685309911523162,-0.741189578979962
-0.8229092043511412,0.0,0.0,0.0,0.0,-0.16366610868751996,-0.06124106303535339,0.0,0.0,-0.8124441220969737
-0.23136406091310938,0.0,0.0,0.0,0.0,0.31246783872690204,-0.7296649225245023,0.0,0.0,-0.8038718038973185
-0.092592876981287,0.0,0.0,0.0,0.0,-0.17484145234461565,0.05848678361057452,0.0,0.0,-0.7206818146523207
-0.4119780356312274,0.0,0.0,0.0,0.0,-0.1930142607076333,0.6606974057623132,0.0,0.0,-0.8312029572820456
-0.3993755675885203,0.0,0.0,0.0,0.0,-0.07700493995446418,0.22025285618736773,0.0,0.0,-0.772122317519161
-0.6338652096436124,0.0,0.0,0.0,0.0,-0.9013567642394933,-0.7296649225245023,0.0,0.0,-0.7651703574048326
0.6031483771883634,0.0,1.2380816024689916,0.0,0.0,1.073270813765537,0.05848678361057452,0.0,0.0,-0.7586044902406855
-0.38420537848939185,0.0,0.0,0.0,0.0,-1.3513954655373794,-1.2436386091883012,0.0,0.0,-0.7264198827290791
-0.11970795247203025,0.0,0.0,0.0,0.0,0.28730784678785465,-0.42601894595792045,0.0,0.0,-0.8425417331097484
-0.4018309569277392,0.0,0.0,0.0,0.0,-0.7077869673735322,-1.022273554629209,1.022831460331992,1.0,-0.9920092818481724
0.09884766197334761,0.0,0.0,0.0,0.0,-0.3052666337569913,-0.2657509156119179,0.0,0.0,-0.752784445231247
-0.24987871319123425,0.0,0.0,0.0,0.0,-0.3463579279866599,0.0,0.0,0.0,-0.7487919540100195
1.230186782505733,4.330656972915491,1.149512058475987,0.0,0.0,0.7158612113656541,0.7363445937263972,1.0639070610274646,1.4140046247801077,-1.081006588347033
-0.4370311197644986,0.0,0.0,0.0,0.0,-0.23461282284029972,0.41128985457575656,0.0,0.0,-0.8615840789489477
0.5441976580365514,0.0,0.0,0.0,0.0,0.5360992585101879,-0.2657509156119179,0.0,0.0,-0.7945935524419127
-0.23464665218921696,4.33065724766347,0.0,0.0,0.0,0.02191622502304653,-0.516595772466355,0.0,0.0,-0.7860932045563452
0.8102776364697415,0.0,0.0,0.0,0.0,0.2707453655122144,-0.42601894595792045,0.0,0.0,-0.8612014221507159
0.29749170836953837,0.0,0.0,0.0,0.0,-0.5015572677006328,-0.193584983678676,1.058558970906916,1.4067157636187435,-0.7824078932860414
-0.40798339607826817,0.0,0.0,0.0,0.0,-0.11993744353341185,0.05848678361057452,1.049929575826221,1.2182136440140021,-1.0048255898079337
-0.09694571301722685,0.0,1.149512058475987,0.0,0.0,0.7777648584011333,0.3657267131137707,1.049964009707982,1.0,-1.027402663845447
0.8737794791487304,0.0,1.149512058475987,0.0,0.0,0.7426434964506883,0.16837786189877654,0.9876996282570348,1.0,-1.0031660830304414
-0.5272403475206486,0.0,0.0,0.0,0.0,-0.4276680827230703,-0.34288385740687394,0.0,0.0,-0.9453178626507522
0.027169087660101367,0.0,0.0,0.0,0.0,-0.4836020646326284,-0.42601894595792045,0.998116281742044,1.3444369791715767,-1.0657963528625705
-1.2039500600737216,0.0,0.0,0.0,0.0,-0.34927118551515574,-0.6167169445693365,1.0394896384476304,1.2182136440140021,-0.9990248714265966
0.7737776991710832,0.0,1.2380816024689916,0.0,0.0,1.171155753799792,1.2238098830387245,1.0982267605759477,1.427306700443864,-0.8236788466806289
-0.01469663404460243,0.0,0.0,0.0,0.0,-0.41597517361566344,-0.6167169445693365,0.0,0.0,-0.8248056981643451
0.3558693634032637,0.0,1.0,0.0,0.0,0.3062651316753754,0.11452748252207769,0.0,0.0,-0.8293193251310781
0.6982415804692186,4.330657284746768,0.0,0.0,0.0,0.14123428853866984,-0.193584983678676,1.0394896384476304,1.2182136440140021,-0.8334656246630625
-0.6334981166438308,0.0,0.0,0.0,0.0,-0.026303440713020022,0.2703350774754977,0.0,0.0,-0.8395118127003536
-0.9976310056840755,0.0,0.0,0.0,0.0,-0.4436184380343208,-0.06124106303535339,0.0,0.0,-0.9131734952880426
-0.8710222645338338,0.0,0.0,0.0,0.0,-0.4666110923155345,-0.516595772466355,0.0,0.0,-0.878110168229034
-0.06567656163106234,0.0,0.7106121022478595,0.0,0.0,0.08328251438981542,0.0,0.0,0.0,-0.8221773406224122
-1.0946287446700695,0.0,0.0,0.0,0.0,-1.3513954655373794,-1.2436386091883012,0.0,0.0,-1.038392551924765
0.3769607728343943,0.0,1.0,0.0,0.0,0.7299760203466867,0.5816230273987638,1.083688281380742,1.0,-0.9541509155119238
-0.2107815142225064,0.0,0.0,0.0,0.0,-0.14838891136065108,-0.193584983678676,0.0,0.0,-0.9214518191433174
-0.9901104404039435,0.0,0.0,0.0,0.0,-1.3513954655373794,-1.2436386091883012,0.0,0.0,-1.1155226561102878
0.2905879018125386,0.0,0.7106121022478595,0.0,0.0,0.0666334797861062,-0.2657509156119179,0.0,0.0,-0.9108151771795305
-0.5945168906935137,0.0,0.0,0.0,0.0,-0.4879956411652101,-0.6167169445693365,0.0,0.0,-1.20091764012693
-1.0750159435437696,0.0,0.0,0.0,0.0,-0.7497933515674177,-0.6167169445693365,1.0125842817931043,1.3444369791715767,-1.0056559949241641
0.41619112028272204,0.0,1.149512058475987,0.0,0.0,0.8647527569709649,1.1652729620405098,0.0,0.0,-0.9210567518776778
0.03309966332367675,0.0,1.0,0.0,0.0,0.22061950915674242,0.16837786189877654,0.0,0.0,-0.9029759803800371
-0.05584096920715454,0.0,0.0,0.0,0.0,0.3802513319715687,-0.34288385740687394,0.0,0.0,-0.8885603573093381
0.3117148086126751,0.0,1.149512058475987,0.0,0.0,0.8104766142612506,0.41128985457575656,1.074185055291269,1.3025175370208548,-1.096827175045453
-0.30653384221017516,0.0,0.0,0.0,0.0,-1.3513954655373794,-1.2436386091883012,0.0,0.0,-1.0354258624932549
-1.2754427879587555,0.0,0.0,0.0,0.0,-1.3513954655373794,-1.2436386091883012,0.0,0.0,-0.8846831975347407
-1.2278016206089657,0.0,0.0,0.0,0.0,0.4741901279680103,-0.06124106303535339,1.0773405256346573,1.394034397226019,-0.9776601451812502
-0.2144756751301363,0.0,0.0,0.0,0.0,-0.43210490612651226,-0.2657509156119179,0.0,0.0,-0.9850239826002531
-0.3314425625339324,0.0,0.0,0.0,0.0,-1.3513954655373794,-1.2436386091883012,0.0,0.0,-1.0473281394335243
-0.7022059779822953,0.0,0.0,0.0,0.0,-1.3513954655373794,-1.2436386091883012,0.0,0.0,-1.1827630552371098
-1.51323078831032,0.0,0.0,0.0,0.0,-1.3513954655373794,-1.2436386091883012,0.0,0.0,-0.8425417331097484
-1.3776387309817488,0.0,0.0,0.0,0.0,-1.3513954655373794,-1.2436386091883012,0.0,0.0,-0.8823607090998937
0.2458437116303003,0.0,1.0,0.0,0.0,0.3287874495193832,0.22025285618736773,0.9565747954222968,1.0,-0.8924455140370645
-0.45962351147230435,0.0,0.0,0.0,0.0,-0.37662997428474326,-0.12561320434640574,0.0,0.0,-0.8589070524399458
-0.7402993670922271,0.0,0.0,0.0,0.0,-1.3513954655373794,-1.2436386091883012,0.0,0.0,-0.985434054706395
-0.28282086515577787,0.0,0.0,0.0,0.0,-0.6257406946473614,-0.42601894595792045,0.0,0.0,-0.9119939549761767
-1.631126308095987,0.0,0.0,0.0,0.0,-0.7077869673735322,-1.022273554629209,0.0,0.0,-0.9797023546397978
-0.5658964032264725,0.0,0.0,0.0,0.0,-0.21563772421318333,-0.34288385740687394,0.998116281742044,1.3444369791715767,-1.0766439910813714
-0.7181252774858333,0.0,1.149512058475987,0.0,0.0,0.5538369217867436,0.2703350774754977,0.9271671564532873,1.0,-0.9123870502449235
0.6905724066868947,0.0,0.0,0.0,0.0,0.4013225795620074,0.5406638713926494,1.1101273905018476,1.423927592080586,-1.0164913116881562
0.28520795404101035,0.0,0.0,0.0,0.0,-0.15532091256116076,-0.516595772466355,1.0630938089087498,1.0,-0.8951699225350412
-1.1968670763718936,0.0,0.0,0.0,0.0,-0.39280971116364305,-0.193584983678676,0.0,0.0,-0.8901134561433554
-0.9806358364376327,0.0,0.0,0.0,0.0,-1.3513954655373794,-1.2436386091883012,0.0,0.0,-1.0098145796245372
-0.16441777765553986,0.0,0.0,0.0,0.0,-0.7077869673735322,-1.022273554629209,0.0,0.0,-1.0950602411786898
-1.0150945513762641,0.0,0.0,0.0,0.0,-0.8008686164877915,-0.7296649225245023,0.998116281742044,1.3025175370208548,-0.9850239826002531
-0.3276443845482292,0.0,0.0,0.0,0.0,-0.8218712255566567,-0.7296649225245023,0.0,0.0,-0.9577775553350685
-0.808283995649111,0.0,0.0,0.0,0.0,-0.1638823286617628,0.0,1.0804390304517482,1.4067157636187435,-1.0202595896491014
-0.43231962165500304,0.0,0.0,0.0,0.0,0.3239652932717525,-0.42601894595792045,0.0,0.0,-0.940518727737636
-0.735729593804478,0.0,0.0,0.0,0.0,-0.5627380187757388,-1.022273554629209,0.0,0.0,-0.9682981869119814
-0.19087791324824616,0.0,0.0,0.0,0.0,0.009153400209519595,-0.8610819189340483,0.0,0.0,-1.0244573729886433
-0.7179147446049506,0.0,0.0,0.0,0.0,-0.44968698182197747,-0.6167169445693365,0.0,0.0,-0.8684847904417037
0.0179862346482996,0.0,0.0,0.0,0.0,-0.33213687257001856,-1.022273554629209,0.0,0.0,-1.4798725309201834
-0.11829286772178675,0.0,0.0,0.0,0.0,-0.7739208145133659,-0.7296649225245023,0.0,0.0,-0.9776601451812502
-0.07038120614344684,0.0,0.0,0.0,0.0,0.14307225995063455,-0.7296649225245023,1.0269662977944063,1.2182136440140021,-0.8046158308063556
-1.3198178489556822,0.0,0.0,0.0,0.0,-1.3513954655373794,-1.2436386091883012,0.0,0.0,-1.5042505301472056
-0.19617652239427574,4.330656905792317,0.0,0.0,0.0,-0.5306032272246237,-0.34288385740687394,1.033883362385476,1.3837532157583627,-0.8315798933064091
0.5129111122385551,0.0,0.0,0.0,0.0,0.13986983297859384,0.2703350774754977,1.0819903531651198,1.394034397226019,-0.819927136770315
-0.45084638416530093,0.0,0.0,0.0,0.0,-1.3513954655373794,-1.2436386091883012,0.0,0.0,-0.9108151771795305
-0.07999544592246334,0.0,0.7106121022478595,0.0,0.0,0.09088700605970268,0.31878118133730793,0.0,0.0,-0.9393210009954571
0.2721625585708589,0.0,0.7106121022478595,0.0,0.0,0.19029547131365554,-0.516595772466355,0.0,0.0,-0.9833847206906482
0.21193594314434183,0.0,0.0,0.0,0.0,0.12247235311724529,-0.6167169445693365,0.0,0.0,-1.0511742520399237
-0.7161911243091684,4.330656793008039,1.149512058475987,0.0,0.0,0.945887857460066,0.6216146055503267,1.0817213124709237,1.4067157636187435,-1.0447696257031165
-0.4541102220058253,0.0,0.0,0.0,0.0,-0.23418292479239328,0.05848678361057452,0.0,0.0,-0.9353344695553492
-0.07314496336944107,0.0,0.0,3.8163916471489756e-17,0.0,0.20959112266458932,0.05848678361057452,0.988153482273682,1.2182136440140021,-1.2487278523817607
0.29780724538417525,0.0,1.149512058475987,0.0,0.0,0.5818002441163433,0.22025285618736773,0.0,0.0,-0.9281813099386046
0.5887489665411489,4.330657300082957,0.0,0.0,0.0,-0.2389381006452756,-0.7296649225245023,1.0481458543966122,1.2182136440140021,-0.8827475931270686
1.0428620073644803,4.330657287183581,1.149512058475987,0.0,0.0,0.9123000274900527,0.6989246298564699,0.9271671564532873,1.0,-1.2431901625894661
-1.3213382899595318,0.0,0.0,0.0,0.0,-1.3513954655373794,-1.2436386091883012,0.0,0.0,-0.8723291640635547
-0.1573868831591215,0.0,0.0,0.0,0.0,-1.3513954655373794,-1.2436386091883012,0.0,0.0,-0.8707904955560152
0.662379498947557,0.0,0.0,0.0,0.0,-1.3513954655373794,-1.2436386091883012,0.0,0.0,-0.9772520058112636
0.21579338101584725,0.0,1.0,0.0,0.0,0.4538017469601421,0.3657267131137707,0.8663642547672894,1.0,-1.1132830530389446
-0.309746400327701,0.0,0.0,0.0,0.0,-1.3513954655373794,-1.2436386091883012,0.0,0.0,-0.9593918709535011
0.12495520927539887,0.0,1.0,0.0,0.0,0.2692220525797005,0.05848678361057452,0.0,0.0,-1.0498910963348422
0.8691765120616286,0.0,1.2380816024689916,0.0,0.0,0.9786652205158223,0.05848678361057452,0.0,0.0,-0.946119005990852
-1.7769195520119145,0.0,0.0,0.0,0.0,-0.06194124141530229,-1.022273554629209,0.0,0.0,-0.9265956214733259
-0.5385403792291915,0.0,0.0,0.0,0.0,-1.3513954655373794,-1.2436386091883012,0.0,0.0,-0.9473214148643224
-0.13725901998964896,0.0,0.0,0.0,0.0,-0.4086775197037461,-0.2657509156119179,0.0,0.0,-1.101698237020944
0.9943016518107954,0.0,1.2380816024689916,0.0,0.0,1.1176901422484435,0.16837786189877654,0.0,0.0,-0.9309596667006023
-0.6759469351282004,0.0,0.0,0.0,0.0,-0.6891797603680089,-0.6167169445693365,1.0269662977944063,1.3444369791715767,-1.393472909777899
-0.6243541681555007,0.0,0.0,0.0,0.0,-0.7077869673735322,-1.022273554629209,0.0,0.0,-1.2267620421725427
-0.6629189638666422,0.0,0.0,0.0,0.0,-1.3513954655373794,-1.2436386091883012,0.0,0.0,-1.3916421989104961
-0.8532502287385625,0.0,0.0,0.0,0.0,-0.7790614466577835,-0.7296649225245023,0.0,0.0,-0.8474751638009098
-0.3770310244862021,0.0,0.0,0.0,0.0,-1.3513954655373794,-1.2436386091883012,0.0,0.0,-1.1331265714091605
-0.39077644590195765,0.0,1.0,0.0,0.0,0.36552598281753523,0.9461359278251181,0.9715659534528156,1.0,-0.8342204088952142
-0.8441736759635459,0.0,0.0,0.0,0.0,-0.17893467674950764,-0.516595772466355,1.0365415012757428,1.2182136440140021,-0.8312029572820456
-0.29492525033822864,0.0,0.0,0.0,0.0,0.03355725791493361,1.0742563978161945,0.0,0.0,-0.8608188402772021
-1.2754427879587555,0.0,0.0,0.0,0.0,-0.39280971116364305,-0.193584983678676,0.0,0.0,-0.8608188402772021
-0.5655009894823979,0.0,0.0,0.0,0.0,-0.09892287299954901,0.7363445937263972,0.0,0.0,-0.8700216213889737
-0.039164853737049796,0.0,0.0,0.0,0.0,-0.03231468638632931,0.7363445937263972,0.0,0.0,-0.8696372990830075
-1.7630606091534862,0.0,0.0,0.0,0.0,-0.7615470556773098,-0.7296649225245023,0.0,0.0,-0.8796547226570026
-1.1596021076988476,0.0,0.0,0.0,0.0,-0.4097900255070059,-0.2657509156119179,0.0,0.0,-0.8665654661452076
0.3554013380678614,0.0,1.0,0.0,0.0,0.487779014272273,0.31878118133730793,0.0,0.0,-0.8631154567323365
-1.6856657115787737,0.0,0.0,0.0,0.0,-0.6635769177752666,-0.516595772466355,0.0,0.0,-1.0039956195227964
0.21245209601847373,0.0,1.149512058475987,0.0,0.0,0.8096408845287006,0.878778350041491,1.022831460331992,1.2182136440140021,-1.1813423256545121
-0.7113408727523797,0.0,0.0,0.0,0.0,-0.13098115653058579,0.878778350041491,0.0,0.0,-0.8936126317771442
-0.906731639312136,0.0,0.0,0.0,0.0,-0.28022120518858756,0.2703350774754977,0.0,0.0,-1.0701254368015145
-0.5811075450367353,0.0,0.0,0.0,0.0,-0.014873044945275892,0.9127530921308108,0.0,0.0,-1.1827630552371098
-0.8488254256102213,0.0,0.0,0.0,0.0,-0.25673902615686917,0.31878118133730793,0.0,0.0,-0.8742542308057529
-0.8384236199630208,0.0,0.0,0.0,0.0,-0.2682987425518662,0.31878118133730793,0.0,0.0,-0.8669491789823149
-1.2611885097811688,0.0,0.0,0.0,0.0,-0.4666110923155345,-0.516595772466355,0.0,0.0,-0.8738690632057233
-0.7071904526223681,0.0,0.0,0.0,0.0,-0.18420460737220118,0.6606974057623132,0.0,0.0,-0.9061076463844713
-0.6566781193671264,0.0,0.0,0.0,0.0,-0.3184546644554274,0.11452748252207769,0.0,0.0,-0.8998496163607013
-0.7738540491190152,0.0,0.0,0.0,0.0,-0.2455176867890694,0.3657267131137707,0.0,0.0,-1.0910930435826602
-1.6856657115787737,0.0,0.0,0.0,0.0,-0.5109376799694366,-0.7296649225245023,0.0,0.0,-1.1766193698594636
-0.5329124662139207,0.0,0.0,0.0,0.0,-0.4276680827230703,-0.34288385740687394,0.0,0.0,-0.8638815969216089
-0.5452384690575801,0.0,0.0,0.0,0.0,-0.17484145234461565,0.6989246298564699,0.0,0.0,-0.8608188402772021
-1.4900211315901684,0.0,0.0,0.0,0.0,-0.5924968748311923,-0.34288385740687394,0.0,0.0,-0.8742542308057529
-0.8554222542910888,0.0,0.0,0.0,0.0,-0.1937894977859246,0.6216146055503267,0.0,0.0,-0.8619668107389816
-0.35571641208769544,0.0,0.0,0.0,0.0,-0.2455176867890694,0.3657267131137707,0.0,0.0,-0.8711750475564224
-0.4865666904029325,0.0,0.0,0.0,0.0,-0.008533025263230631,1.2524829530295192,0.0,0.0,-1.0185836683443843
-1.0459415234676053,0.0,0.0,0.0,0.0,-0.3052666337569913,-0.2657509156119179,0.0,0.0,-1.4754863354620473
-1.1930175006204937,0.0,0.0,0.0,0.0,-0.6257406946473614,-0.42601894595792045,0.0,0.0,-0.8846831975347407
-0.8034076060969614,0.0,0.0,0.0,0.0,-0.22400467225313497,0.16837786189877654,0.0,0.0,-0.8696372990830075
0.08298281453628277,0.0,0.7106121022478595,0.0,0.0,0.22370137670035994,1.0742563978161945,0.0,0.0,-0.8638815969216089
-0.8449029530894837,0.0,0.0,0.0,0.0,-0.25673902615686917,0.3657267131137707,0.0,0.0,-0.8688688836787007
-0.8652173373413425,0.0,0.0,0.0,0.0,-0.5109376799694366,-0.7296649225245023,0.0,0.0,-0.8661818291818206
-0.6448677931177184,0.0,0.0,0.0,0.0,-0.4465608616397132,-0.42601894595792045,0.0,0.0,-0.8657982680236589
-1.115412438122149,0.0,0.0,0.0,0.0,-0.4097900255070059,-0.2657509156119179,0.0,0.0,-0.8657982680236589
-1.0946287446700695,0.0,0.0,0.0,0.0,-0.2925336452859802,-0.193584983678676,0.0,0.0,-0.8619668107389816
-0.23607256541491153,0.0,0.0,0.0,0.0,-0.23315309824934147,0.31878118133730793,1.0333846025882336,1.2182136440140021,-0.8711750475564224
-0.9583297752204615,0.0,0.0,0.0,0.0,-0.32115022849759056,0.11452748252207769,0.0,0.0,-0.8750247978780469
-1.197858798560388,0.0,0.0,0.0,0.0,-0.3798059899413203,-0.12561320434640574,0.0,0.0,-0.8692530532027112
-0.9927411821752647,0.0,0.0,0.0,0.0,-0.14797249113643662,0.8089350854960184,0.0,0.0,-1.2238037976951237
-1.0553342270504442,0.0,0.0,0.0,0.0,-0.3611691579503857,-0.6167169445693365,0.0,0.0,-1.1607044795605943
-0.7249438089251607,0.0,0.0,0.0,0.0,-0.1937894977859246,0.16837786189877654,1.022831460331992,1.0,-0.9561647659588038
-0.7276329646363989,0.0,0.0,0.0,0.0,-0.33213687257001856,0.05848678361057452,0.0,0.0,-0.8738690632057233
-0.8132010623615391,0.0,0.0,0.0,0.0,-0.2455176867890694,0.3657267131137707,0.0,0.0,-0.8657982680236589
-1.1049192103648982,0.0,0.0,0.0,0.0,-0.4879956411652101,-0.06124106303535339,0.0,0.0,-0.8742542308057529
-1.1831795494150954,0.0,0.0,0.0,0.0,-0.4666110923155345,-0.516595772466355,0.0,0.0,-1.0198404390985416
-1.2181063819717053,0.0,0.0,0.0,0.0,-0.7615470556773098,-0.7296649225245023,0.0,0.0,-0.8634984891625576
-0.8580821140759464,0.0,0.0,0.0,0.0,-0.6257406946473614,-0.42601894595792045,0.0,0.0,-0.9618162205827419
-0.6690680557008265,0.0,0.0,0.0,0.0,-0.23461282284029972,0.4555743605292723,0.0,0.0,-0.8727140233014444
-0.5555648934256802,0.0,0.0,0.0,0.0,-0.7077869673735322,-0.6167169445693365,0.0,0.0,-0.8738690632057233
-0.7937739570845158,0.0,0.0,0.0,0.0,-0.4147007671244653,-0.12561320434640574,0.0,0.0,-0.8738690632057233
-1.2611885097811688,0.0,0.0,0.0,0.0,-0.4276680827230703,-0.34288385740687394,0.0,0.0,-0.9601996031706043
-0.879812918479951,0.0,0.0,0.0,0.0,-0.08524441350900598,0.11452748252207769,0.0,0.0,-0.8627324995633241
-0.95909309983527,0.0,0.0,0.0,0.0,-0.19706193035446354,0.16837786189877654,0.9565747954222968,1.0,-1.2926751847337292
-0.5492398468654056,0.0,0.0,0.0,0.0,-0.4666110923155345,-0.516595772466355,0.0,0.0,-0.9238240479468448
-0.7282321813419739,0.0,0.0,0.0,0.0,-0.15851063820028097,0.7730013276593265,0.0,0.0,-1.079696375195209
0.24145394185430688,0.0,0.0,0.0,0.0,-0.3052666337569913,0.16837786189877654,0.0,0.0,-0.86426478007722
-1.4900211315901684,0.0,0.0,0.0,0.0,-0.6635769177752666,-0.516595772466355,0.0,0.0,-0.9321517227817812
-0.7271625675598004,0.0,0.0,0.0,0.0,-0.22400467225313497,0.49867188906910564,0.0,0.0,-0.8696372990830075
-0.9599212095413179,0.0,0.0,0.0,0.0,-0.3052666337569913,0.05848678361057452,0.0,0.0,-1.1602396524099792
0.14662913480532605,0.0,1.0,0.0,0.0,0.289862768480738,0.2703350774754977,0.0,0.0,-0.8738690632057233
0.08726736840327838,0.0,1.149512058475987,0.0,0.0,0.6493439967871572,0.5406638713926494,0.0,0.0,-0.9293715028314313
0.07588824877905384,0.0,1.0,0.0,0.0,0.36983741382035834,1.0429915279268975,0.0,0.0,-0.8963387436340096
-1.2373632796485297,0.0,0.0,0.0,0.0,-0.7615470556773098,-0.7296649225245023,0.0,0.0,-0.897118365069007
-1.0367082810644186,0.0,0.0,0.0,0.0,-0.3611691579503857,-0.06124106303535339,0.0,0.0,-0.8862331066159695
-0.7402556816399297,0.0,0.0,0.0,0.0,-0.00034620331118097205,0.49867188906910564,0.0,0.0,-0.9662698943325552
-0.7218426679176828,0.0,0.0,0.0,0.0,-0.08375093381618523,0.9461359278251181,0.0,0.0,-1.094618868265541
-1.620324549308703,0.0,0.0,0.0,0.0,-0.7077869673735322,-0.6167169445693365,0.0,0.0,-1.079696375195209
-1.0648925549912465,0.0,0.0,0.0,0.0,-0.37662997428474326,-0.12561320434640574,0.0,0.0,-1.0350025269463612
-0.6671665080133934,0.0,0.0,0.0,0.0,-0.2056016386297439,0.5816230273987638,0.0,0.0,-1.0039956195227964
-0.803553312959142,0.0,0.0,0.0,0.0,-0.2708423922045582,-0.12561320434640574,0.0,0.0,-1.1560643653660194
-1.3208309531856237,0.0,0.0,0.0,0.0,-0.37662997428474326,-0.12561320434640574,0.0,0.0,-0.9850239826002531
-0.7061572547122141,0.0,0.0,0.0,0.0,-0.20360855534001107,0.5816230273987638,0.0,0.0,-1.0928548123969544
-0.9442062720266217,0.0,0.0,0.0,0.0,-0.16568860337489016,0.4555743605292723,0.0,0.0,-0.8754101974921583
-0.7271625675598004,0.0,0.0,0.0,0.0,-0.22400467225313497,0.49867188906910564,0.0,0.0,-0.8773383591897786
-1.5910251288849944,0.0,0.0,0.0,0.0,-0.5109376799694366,-0.7296649225245023,0.0,0.0,-0.8800410567578788
0.912842439277984,4.330655285737183,0.0,0.0,0.0,1.0751553246471441,2.2201486980727028,1.1179623615030938,1.432254662172603,-0.8831345560076029
-1.1831795494150954,0.0,0.0,0.0,0.0,-0.3611691579503857,-0.06124106303535339,0.0,0.0,-1.1827630552371098
-1.4073256385805142,0.0,0.0,0.0,0.0,-0.4879956411652101,-0.6167169445693365,0.0,0.0,-1.0985964268324286
-1.1028451728163808,0.0,0.0,0.0,0.0,-0.4097900255070059,-0.2657509156119179,0.0,0.0,-0.9021938939160208
-0.24491361963826305,0.0,0.0,0.0,0.0,0.13660960578011241,1.2238098830387245,0.0,0.0,-0.9025848957666806
-0.6938935329288652,0.0,0.0,0.0,0.0,-0.13098115653058579,0.6216146055503267,0.0,0.0,-0.8765668614998771
-1.3708470491530278,0.0,0.0,0.0,0.0,-0.4879956411652101,-0.6167169445693365,0.0,0.0,-0.8800410567578788
-1.1831795494150954,0.0,0.0,0.0,0.0,-0.37662997428474326,-0.12561320434640574,0.0,0.0,-0.9230329567706305
-1.9863872419669646,0.0,0.0,0.0,0.0,-0.9369838393770169,-1.022273554629209,0.0,0.0,-0.8901134561433554
-0.7495442798902774,0.0,0.0,0.0,0.0,-0.2455176867890694,0.41128985457575656,0.0,0.0,-0.885457993334725
-0.8234616546402884,0.0,0.0,0.0,0.0,-0.3611691579503857,-0.06124106303535339,0.0,0.0,-1.0473281394335243
-0.2682249180542467,0.0,1.149512058475987,0.0,0.0,1.1675411039557109,1.8502847450155213,1.1088095198391843,1.4318560467418662,-0.9018029747481009
-0.4021385165883134,0.0,0.0,0.0,0.0,-0.25673902615686917,0.3657267131137707,0.0,0.0,-1.0640683920235632
-0.08629135582153655,0.0,0.0,0.0,0.0,-0.09682788664084375,-0.6167169445693365,1.0935896750114336,1.3444369791715767,-1.301735968318051
-1.0326946612396337,0.0,0.0,0.0,0.0,-1.3513954655373794,-1.2436386091883012,0.0,0.0,-1.0206788539169516
-0.6518966985721268,0.0,0.0,0.0,0.0,-0.7497933515674177,-0.6167169445693365,1.0125842817931043,1.3444369791715767,-1.0354258624932549
-0.9463178725746019,0.0,0.0,0.0,0.0,-1.3513954655373794,-1.2436386091883012,0.0,0.0,-1.065364166896791
-0.788636248353026,0.0,0.0,0.0,0.0,-1.3513954655373794,-1.2436386091883012,0.0,0.0,-1.3689172974373143
0.353682935104055,0.0,1.0,0.0,0.0,0.4108281851854375,1.0429915279268975,0.0,0.0,-1.055459581884113
-0.7350362774104515,0.0,0.0,0.0,0.0,-1.3513954655373794,-1.2436386091883012,0.0,0.0,-1.5130865431441647
-1.7556351660596632,0.0,0.0,0.0,0.0,-1.3513954655373794,-1.2436386091883012,0.0,0.0,-1.2837104764242904
-0.6823076636166417,4.330655285737183,0.0,0.0,0.0,-0.7278888609680588,-0.7296649225245023,1.006052142399291,1.2182136440140021,-1.0580368452770763
-2.1699875772816775,0.0,0.0,0.0,0.0,-0.06194124141530229,-1.022273554629209,0.0,0.0,-1.028666670826628
-0.5336641883130346,0.0,0.0,0.0,0.0,-0.3339260892869277,-0.42601894595792045,1.0766910778085783,1.3837532157583627,-1.0670936963126916
-0.2230466412922133,0.0,0.0,0.0,0.0,0.31654692272997836,-0.7296649225245023,0.0,0.0,-1.1141784326489
-0.3818136887604105,0.0,0.0,0.0,0.0,-0.533460665540139,-0.193584983678676,0.0,0.0,-1.084068571286949
-0.16164414199583998,0.0,0.7106121022478595,0.0,0.0,0.507576737212274,-0.193584983678676,1.022831460331992,1.0,-1.1556013450571678
-1.0605895357396813,0.0,0.0,0.0,0.0,-1.3513954655373794,-1.2436386091883012,0.0,0.0,-1.0845065510731375
-0.08919800226596637,0.0,0.0,3.8163916471489756e-17,0.0,0.48826919899575777,0.3657267131137707,0.0,0.0,-1.178034200456347
-0.3560274986328756,0.0,1.0,0.0,0.0,0.28308823531455396,0.11452748252207769,0.0,0.0,-1.090652957148032
0.013515906411571512,0.0,0.7106121022478595,0.0,0.0,0.44507978760917016,-0.06124106303535339,0.0,0.0,-1.0888940282060746
-0.20023401511878874,0.0,0.0,0.0,0.0,-1.3513954655373794,-1.2436386091883012,0.0,0.0,-0.9797023546397978
0.26492223554420763,0.0,1.0,0.0,0.0,0.7010084281510605,-0.06124106303535339,0.0,0.0,-1.028666670826628
-0.7185465625320265,0.0,0.0,0.0,0.0,-0.7077869673735322,-1.022273554629209,1.022831460331992,1.0,-1.0409401096791477
0.818717358322879,0.0,1.149512058475987,0.0,0.0,0.7675321094411284,0.16837786189877654,1.049929575826221,1.2182136440140021,-0.9760281907022453
-0.329207130069093,0.0,0.0,0.0,0.0,-0.45844167095356486,-0.6167169445693365,0.0,0.0,-1.0244573729886433
0.04377022238308155,0.0,1.0,0.0,0.0,0.314643571695625,0.878778350041491,0.0,0.0,-0.9797023546397978
0.7062628098925895,0.0,0.0,0.0,0.0,-0.23461282284029972,-0.7296649225245023,1.049929575826221,1.2182136440140021,-1.1980311184020827
-0.25923022674094276,0.0,0.0,0.0,0.0,-0.9674664273370567,-0.8610819189340483,0.0,0.0,-0.9658645290429834
-0.7351228984109646,0.0,0.0,0.0,0.0,-1.3513954655373794,-1.2436386091883012,0.0,0.0,-1.3396076481746917
-0.10255704186788983,0.0,0.0,0.0,0.0,-0.7077869673735322,-1.022273554629209,1.022831460331992,1.0,-1.0223570509877034
-0.15577001372388596,0.0,1.0,0.0,0.0,0.6255430793335561,-0.2657509156119179,0.0,0.0,-1.1918030509095408
-0.8412138630148026,0.0,0.0,0.0,0.0,-1.3513954655373794,-1.2436386091883012,0.0,0.0,-1.1822892801341014
0.08029103011355057,4.330657260127807,1.0,0.0,0.0,0.3626900717529112,0.0,0.0,0.0,-1.0316201083435366
0.296504853784465,0.0,1.0,0.0,0.0,0.32594069994651875,0.11452748252207769,1.022831460331992,1.2182136440140021,-1.189416986435308
-1.7630606091534862,0.0,0.0,0.0,0.0,-0.5627380187757388,-1.022273554629209,0.0,0.0,-1.4725904690334246
-1.5358845442689888,0.0,0.0,0.0,0.0,-1.3513954655373794,-1.2436386091883012,0.0,0.0,-1.5725470114935938
-0.3974126440896409,0.0,0.0,0.0,0.0,-0.5157368958180905,-0.7296649225245023,0.0,0.0,-1.1889403888446044
-1.2201758829771956,0.0,0.0,0.0,0.0,-0.9674664273370567,-1.022273554629209,0.0,0.0,-1.1794507890016115
-1.296469793563395,0.0,0.0,0.0,0.0,-0.5627380187757388,-1.022273554629209,0.0,0.0,-1.0888940282060746
0.204762623009167,4.33065729420011,0.0,0.0,0.0,-0.13641112112636516,-0.7296649225245023,1.05584959495228,1.0,-1.185609900055043
-1.3693040298500618,0.0,0.0,0.0,0.0,-0.7077869673735322,-1.022273554629209,0.0,0.0,-1.235689131850004
-1.2308629989693094,0.0,0.0,0.0,0.0,-1.3513954655373794,-1.2436386091883012,0.0,0.0,-1.3475307678356645
0.03383423767332847,0.0,0.0,0.0,0.0,0.0578468260023265,-0.6167169445693365,0.0,0.0,-1.1395061625819163
-0.19021836827810382,0.0,0.0,0.0,0.0,-0.03948489842109255,0.22025285618736773,0.9750538018491568,1.0,-1.15699094403175
-1.1749476338255411,0.0,0.0,0.0,0.0,-0.5627380187757388,-1.022273554629209,0.0,0.0,-1.405204002007595
-0.44193976298616533,0.0,0.0,0.0,0.0,-0.1152912671002749,-0.8610819189340483,0.0,0.0,-1.1354012550881798
-1.4679296121682552,0.0,0.0,0.0,0.0,-0.4276680827230703,-0.34288385740687394,0.0,0.0,-1.1132830530389446
-0.316194507236868,0.0,0.0,0.0,0.0,-1.0525103976331662,-1.022273554629209,0.8663642547672894,1.0,-1.1574545030245302
-1.3981644967845168,0.0,0.0,0.0,0.0,0.015984827547528738,-0.6167169445693365,1.022831460331992,1.0,-1.3736334216037274
0.06340409613464838,4.330657275201158,0.0,0.0,0.0,-0.9674664273370567,-1.022273554629209,0.9271671564532873,1.0,-1.1390493917199818
-1.2105212568553745,0.0,0.0,0.0,0.0,-1.3513954655373794,-1.2436386091883012,0.0,0.0,-1.3532450339419486
-1.1953830648703387,0.0,0.0,0.0,0.0,-0.2925336452859802,0.22025285618736773,0.0,0.0,-1.4058282146830023
0.37292788421188827,0.0,1.149512058475987,0.0,0.0,0.7182002404002983,0.7730013276593265,1.0534593034869937,1.4013322872298855,-1.121814193967145
-0.7884468151582803,0.0,0.0,0.0,0.0,-1.3513954655373794,-1.2436386091883012,0.0,0.0,-1.1048072645809972
-1.2518319635658288,0.0,0.0,0.0,0.0,-0.7077869673735322,-1.022273554629209,0.0,0.0,-1.252268538101432
-0.022962399645951877,4.330657283817243,0.0,0.0,0.0,-0.28022120518858756,-0.7296649225245023,0.988153482273682,1.0,-1.1813423256545121
-1.1751375971386677,0.0,0.0,0.0,0.0,-1.3513954655373794,-1.2436386091883012,0.0,0.0,-1.189416986435308
-0.4547205299770329,0.0,0.0,0.0,0.0,0.16197594430761186,-0.6167169445693365,0.0,0.0,-1.080132975822194
-0.5061485043681533,0.0,0.0,0.0,0.0,0.33041131795179074,-0.42601894595792045,0.0,0.0,-1.2639967843212179
-0.43033738372271346,0.0,0.0,0.0,0.0,0.3108170515164258,-0.6167169445693365,0.0,0.0,-1.3630698054566062
-0.9752372144872261,0.0,0.0,0.0,0.0,-1.3513954655373794,-1.2436386091883012,0.0,0.0,-1.3783846886298632
-0.5228493225137726,0.0,0.0,0.0,0.0,-0.7077869673735322,-0.7296649225245023,1.0125842817931043,1.2182136440140021,-1.20091764012693
-0.9818279402364148,0.0,0.0,0.0,0.0,-0.4949743764484695,-0.7296649225245023,1.0594117584119849,1.3025175370208548,-1.3689172974373143
-1.0979821981675701,0.0,0.7106121022478595,0.0,0.0,0.11724401975334907,0.11452748252207769,0.0,0.0,-1.0853829278909028
-1.722556892579706,0.0,0.0,0.0,0.0,-1.3513954655373794,-1.2436386091883012,0.0,0.0,-1.0775154205819544
-0.865109386974033,0.0,0.0,0.0,0.0,-1.3513954655373794,-1.2436386091883012,0.0,0.0,-0.9903629790790212
0.024003673703964827,0.0,0.0,0.0,0.0,-0.3798059899413203,-0.7296649225245023,1.0531584011826194,1.2182136440140021,-1.0473281394335243
-0.7098434578075035,0.0,0.7106121022478595,0.0,0.0,0.03799717779644237,-0.06124106303535339,0.988153482273682,1.0,-1.0261397022964809
-0.32462100792991677,0.0,0.0,0.0,0.0,-0.7077869673735322,-1.022273554629209,1.022831460331992,1.0,-1.294267031460302
-0.5446324450342053,0.0,0.0,0.0,0.0,-1.3513954655373794,-1.2436386091883012,0.0,0.0,-1.2732807053660469
0.08453891682148935,0.0,1.0,0.0,0.0,0.4249536483627554,-0.06124106303535339,0.0,0.0,-1.097711510330079
-0.8563783996714472,0.0,0.7106121022478595,0.0,0.0,0.46919342371131306,-0.12561320434640574,1.0571922483491332,1.3025175370208548,-1.0762084796310851
0.46124443452996666,0.0,0.0,0.0,0.0,-0.15412228608681822,-0.6167169445693365,0.0,0.0,-1.003580797117243
0.13170803719733806,0.0,0.7106121022478595,0.0,0.0,0.6099786958292891,0.22025285618736773,0.0,0.0,-0.915534872504117
-0.33109639716495537,0.0,0.0,0.0,0.0,0.4089036441073578,-0.516595772466355,0.0,0.0,-1.2169342221481252
-0.23623341410949947,0.0,0.0,0.0,0.0,-0.9674664273370567,-1.022273554629209,0.0,0.0,-0.9973713874827217
-1.7303446205022783,0.0,0.0,0.0,0.0,-0.540935219026,-0.8610819189340483,0.0,0.0,-1.2969268263976692
0.17533538855225078,0.0,1.0,0.0,0.0,0.3037319036101623,0.11452748252207769,1.022831460331992,1.0,-1.0350025269463612
-0.9077770447777919,0.0,0.0,0.0,0.0,-1.3513954655373794,-1.2436386091883012,0.0,0.0,-1.3996171342331811
0.1991885002028418,0.0,0.0,0.0,0.0,-0.14971033719721588,-0.516595772466355,1.0531584011826194,1.3025175370208548,-1.2292338469124213
-0.3420275100347967,0.0,0.0,0.0,0.0,-0.8315310573768225,-0.8610819189340483,0.988153482273682,1.2182136440140021,-1.2042950204275464
-0.44567957851152934,0.0,0.0,0.0,0.0,-0.26698648817456366,-0.8610819189340483,1.0822770660541638,1.2182136440140021,-1.2140039951042552
-0.3383098311418237,0.0,0.0,0.0,0.0,-0.40371593395512584,-0.34288385740687394,0.0,0.0,-1.1519035975867689
-0.9306097090223736,0.0,0.0,0.0,0.0,-1.3513954655373794,-1.2436386091883012,0.0,0.0,-1.3837734042626877
-0.23861024154986873,0.0,0.0,0.0,0.0,-0.1672120441681847,0.11452748252207769,0.0,0.0,-1.1597750073964175
-0.01502195097575019,0.0,0.0,0.0,0.0,-0.7077869673735322,-1.022273554629209,0.0,0.0,-1.2634837723181211
-1.9460728717660842,0.0,0.0,0.0,0.0,-0.8836236823973103,-0.6167169445693365,0.0,0.0,-1.127684051253903
-0.8699872159058593,0.0,0.0,0.0,0.0,-0.21449181676089987,0.11452748252207769,0.0,0.0,-1.0775154205819544
-1.1974618804156067,0.0,0.0,0.0,0.0,-0.5627380187757388,-1.022273554629209,0.0,0.0,-1.1639633970224457
-1.51323078831032,0.0,0.0,0.0,0.0,-1.3513954655373794,-1.2436386091883012,0.0,0.0,-1.4605167216179795
0.18260015082979508,0.0,0.0,0.0,0.0,0.036811207259215016,-0.42601894595792045,1.0937178707497723,1.3685309911523162,-1.2686268709980895
-0.752122893699621,0.0,0.0,0.0,0.0,-1.3513954655373794,-1.2436386091883012,0.0,0.0,-1.494129680659552
-1.9087237394033256,0.0,0.0,0.0,0.0,-1.3513954655373794,-1.2436386091883012,0.0,0.0,-1.342427277626294
-1.7630606091534862,0.0,0.0,0.0,0.0,-1.3513954655373794,-1.2436386091883012,0.0,0.0,-1.264510082770574
-1.11380405076838,0.0,1.0,0.0,0.0,0.46706522920160437,0.05848678361057452,0.0,0.0,-1.2125419527742394
-0.061978637238630285,0.0,0.0,0.0,0.0,-0.5206123079983815,-0.8610819189340483,0.9750538018491568,1.0,-1.232704591118734
-1.1687174957039383,0.0,0.0,0.0,0.0,-1.3513954655373794,-1.2436386091883012,0.0,0.0,-1.4320719653857648
-1.9863872419669646,0.0,0.0,0.0,0.0,-1.3513954655373794,-1.2436386091883012,0.0,0.0,-1.3509537018467386
-1.1787601768634701,0.0,0.0,0.0,0.0,-0.5627380187757388,-1.022273554629209,0.0,0.0,-1.4114782008468016
-0.18769891618496762,0.0,0.0,0.0,0.0,-0.33213687257001856,-1.022273554629209,0.0,0.0,-1.3843750720822716
-0.8820872785458737,0.0,0.0,0.0,0.0,-1.3513954655373794,-1.2436386091883012,0.0,0.0,-1.2421867017269799
-1.4938388952606554,0.0,0.0,0.0,0.0,-1.3513954655373794,-1.2436386091883012,0.0,0.0,-1.2821380986698263
-1.8130397080141947,0.0,0.0,0.0,0.0,-1.3513954655373794,-1.2436386091883012,0.0,0.0,-1.6020880564805409
-1.772711828574492,4.330656878403135,0.0,0.0,0.0,-1.3513954655373794,-1.2436386091883012,0.0,0.0,-1.612909194327478
-1.1841452943286284,0.0,0.0,0.0,0.0,-1.3513954655373794,-1.2436386091883012,0.0,0.0,-1.5034602181825307
-0.6590827585623309,0.0,0.0,0.0,0.0,-1.3513954655373794,-1.2436386091883012,0.0,0.0,-1.3351188804876262
-1.51323078831032,0.0,0.0,0.0,0.0,-1.3513954655373794,-1.2436386091883012,0.0,0.0,-1.2542977233288843
-0.8667307615840139,4.3306572871225955,0.0,0.0,0.0,-1.3513954655373794,-1.2436386091883012,0.0,0.0,-1.2174233952431381
-1.5453974530329557,0.0,0.0,0.0,0.0,-0.5627380187757388,-1.022273554629209,0.0,0.0,-1.4242518592469346
-1.9863872419669646,0.0,0.0,0.0,0.0,-1.3513954655373794,-1.2436386091883012,0.0,0.0,-1.4918386834058017
-1.2243402330007573,0.0,0.0,0.0,0.0,-1.3513954655373794,-1.2436386091883012,0.0,0.0,-1.544314805087331
-0.710758106551303,0.0,0.0,0.0,0.0,-1.3513954655373794,-1.2436386091883012,0.0,0.0,-1.3940844160796908
0.15478127004453296,0.0,1.0,0.0,0.0,0.6079295049470071,-0.193584983678676,0.0,0.0,-1.2905573705908582
-0.5690023486251562,0.0,0.0,0.0,0.0,-1.3513954655373794,-1.2436386091883012,0.0,0.0,-1.437355626071651
-1.7630606091534862,0.0,0.0,0.0,0.0,-1.3513954655373794,-1.2436386091883012,0.0,0.0,-1.2174233952431381
-1.0043568430050736,0.0,0.0,0.0,0.0,-0.6718344272042854,-0.8610819189340483,0.0,0.0,-1.260922983601653
-1.0303005670426568,0.0,0.0,0.0,0.0,-1.3513954655373794,-1.2436386091883012,0.0,0.0,-1.3613255935393045
-1.338907948026379,0.0,0.0,0.0,0.0,-0.540935219026,-0.8610819189340483,0.0,0.0,-1.3481000979069495
-1.353596586892353,0.0,0.0,0.0,0.0,-0.5627380187757388,-1.022273554629209,0.0,0.0,-1.392251804197915
-0.366812184031564,0.0,0.0,0.0,0.0,-1.3513954655373794,-1.2436386091883012,0.0,0.0,-1.339045039184058
-0.4812560290797022,0.0,0.0,0.0,0.0,-1.3513954655373794,-1.2436386091883012,0.0,0.0,-1.3837734042626877
0.5129642323338977,0.0,1.0,0.0,0.0,0.5819181194710156,0.31878118133730793,0.0,0.0,-1.264510082770574
-0.8200548080852217,0.0,0.0,0.0,0.0,-0.4361494197769921,-0.7296649225245023,1.0364283669727188,1.2182136440140021,-1.3689172974373143
-0.5556621940074252,0.0,0.0,0.0,0.0,-1.3513954655373794,-1.2436386091883012,0.0,0.0,-1.3396076481746917
-0.8507176469834029,0.0,0.0,0.0,0.0,-0.1339891249716267,0.16837786189877654,0.0,0.0,-1.304419889526566
-1.1664703678387567,0.0,0.0,0.0,0.0,-1.3513954655373794,-1.2436386091883012,0.0,0.0,-1.4776729409555371
-1.1702209899684404,0.0,0.0,0.0,0.0,-1.3513954655373794,-1.2436386091883012,0.0,0.0,-1.5608541911183897
-1.344863420142694,0.0,0.0,0.0,0.0,-1.3513954655373794,-1.2436386091883012,0.0,0.0,-1.519691738960509
-1.3233728958517015,0.0,0.0,0.0,0.0,-1.3513954655373794,-1.2436386091883012,0.0,0.0,-1.5990111878763076
-0.8834227947872121,0.0,0.0,0.0,0.0,-1.3513954655373794,-1.2436386091883012,0.0,0.0,-1.4556471514992886
-1.620324549308703,0.0,0.0,0.0,0.0,-1.3513954655373794,-1.2436386091883012,0.0,0.0,-1.543386357603952
-1.407022455915907,0.0,0.0,0.0,0.0,-1.3513954655373794,-1.2436386091883012,0.0,0.0,-1.5793967782308729
-1.6930757304604735,0.0,0.0,0.0,0.0,-1.3513954655373794,-1.2436386091883012,0.0,0.0,-1.3928620401564074
-0.6968551011261316,0.0,0.0,0.0,0.0,-0.08333367826079142,-0.516595772466355,1.022831460331992,1.0,-1.465444193863989
-1.7556351660596632,0.0,0.0,0.0,0.0,-1.3513954655373794,-1.2436386091883012,0.0,0.0,-1.3879976468518316
-1.2569342360273772,0.0,0.0,0.0,0.0,-1.3513954655373794,-1.2436386091883012,0.0,0.0,-1.5424621656176585
-1.6336193657589613,0.0,0.0,0.0,0.0,-1.3513954655373794,-1.2436386091883012,0.0,0.0,-1.5098421858406057
-0.4272153653104721,0.0,0.0,0.0,0.0,-0.5627380187757388,-1.022273554629209,0.0,0.0,-1.3578507176181025
-1.0987211489996553,0.0,0.0,0.0,0.0,-0.9369838393770169,-0.7296649225245023,0.0,0.0,-1.1728550075334132
-0.3091875831491449,0.0,0.0,0.0,0.0,-0.4782373529047531,-0.7296649225245023,1.0474342844156186,1.2182136440140021,-1.1999546124120632
-0.9954524169036469,0.0,0.0,0.0,0.0,-0.6215353819574615,-0.7296649225245023,0.0,0.0,-1.216445278991903
-0.5417060999923404,0.0,0.0,0.0,0.0,0.2840692145001211,-0.8610819189340483,0.0,0.0,-1.2242962427726252
-0.4399013645211517,0.0,0.0,0.0,0.0,-1.3513954655373794,-1.2436386091883012,0.0,0.0,-1.2436922812990185
-1.620324549308703,0.0,0.0,0.0,0.0,-1.3513954655373794,-1.2436386091883012,0.0,0.0,-1.2748373580381123
-0.2652835921706206,0.0,0.0,0.0,0.0,0.0011850048438407617,-0.516595772466355,0.0,0.0,-1.2650236683983591
-1.9863872419669646,0.0,0.0,0.0,0.0,-0.7077869673735322,-1.022273554629209,0.0,0.0,-1.268111254337201
-0.32446105094480404,0.0,1.0,0.0,0.0,0.6408779890080875,0.2703350774754977,1.0841375110064935,1.3837532157583627,-1.2717267541100234
-1.1595099098593071,0.0,0.0,0.0,0.0,-1.3513954655373794,-1.2436386091883012,0.0,0.0,-1.3543935554505844
-1.106667665404787,0.0,0.0,0.0,0.0,-1.3513954655373794,-1.2436386091883012,0.0,0.0,-1.571441953627192
-1.620324549308703,0.0,0.0,0.0,0.0,-0.4666110923155345,-1.022273554629209,0.0,0.0,-1.414008296853038
-1.0289991020507854,0.0,0.0,0.0,0.0,-0.12273672847268986,-1.022273554629209,0.0,0.0,-1.4501490134170827
-1.9087237394033256,0.0,0.0,0.0,0.0,-0.6581062004018385,-0.7296649225245023,0.0,0.0,-1.4570327281048885
-0.9517574387883595,0.0,0.0,0.0,0.0,-1.3513954655373794,-1.2436386091883012,0.0,0.0,-1.5090368205310836
-1.054198482505396,4.330657294438462,0.0,0.0,0.0,-1.3513954655373794,-1.2436386091883012,0.0,0.0,-1.5736617904894263
-0.2709885099325431,0.0,1.0,0.0,0.0,0.49153345441397783,0.4555743605292723,0.0,0.0,-0.5602158956220039
-0.04698443282269341,0.0,0.0,0.0,0.0,-1.3513954655373794,-1.2436386091883012,0.0,0.0,-0.2621354467017048
-0.1180885065324473,0.0,0.7106121022478595,0.0,0.0,0.5507829395547326,0.4555743605292723,0.0,0.0,-0.2163507496904126
0.16092748026175632,0.0,1.0,0.0,0.0,0.3592778892223397,0.31878118133730793,1.086293923480789,1.3025175370208548,-0.15391940215852676
-0.5827978574776174,0.0,0.0,0.0,0.0,-0.12110698552435109,-0.42601894595792045,1.022831460331992,1.0,-0.23417002808474457
0.3168434472247634,0.0,1.2380816024689916,0.0,0.0,0.9830200003749974,0.0,1.058558970906916,1.3837532157583627,-0.23174865330227698
1.170057583588325,0.0,0.0,0.0,0.0,0.13381410218994585,-0.516595772466355,0.9750538018491568,1.3025175370208548,-0.15747571861869283
0.38865942997982267,0.0,0.0,0.0,0.0,-0.4883497833646747,-0.12561320434640574,1.033883362385476,1.3837532157583627,-0.0989243210521562
1.100886154401693,0.0,0.0,0.0,0.0,0.25619970151968646,0.05848678361057452,1.0875893590301542,1.4013322872298855,-0.15658632455833416
0.30232942211627334,0.0,0.7106121022478595,0.0,0.0,-0.07600784602744212,0.05848678361057452,0.0,0.0,-0.3593359547645803
-0.3645056731126298,0.0,0.0,0.0,0.0,-0.2261034492420216,-0.2657509156119179,1.0853368178860445,1.4013322872298855,-0.8501366982149491
-0.3436001953144395,0.0,0.0,0.0,0.0,-0.29504555590324955,0.16837786189877654,0.0,0.0,-0.18784178199823057
-0.46555021113295586,0.0,0.0,0.0,0.0,-0.1738799450219136,0.31878118133730793,0.0,0.0,-0.1471124831326893
0.390886069689898,0.0,1.0,0.0,0.0,0.39098766571779275,0.05848678361057452,0.0,0.0,-0.2940208067645196
0.3577021606608498,0.0,0.0,3.8163916471489756e-17,0.0,0.15625377147919092,0.2703350774754977,1.0394896384476304,1.3025175370208548,-0.18664626252560806
0.434072292223514,0.0,1.0,0.0,0.0,0.463848426959326,-0.2657509156119179,1.033883362385476,1.2182136440140021,-0.19622131861279343
-0.41838299193167156,0.0,0.7106121022478595,0.0,0.0,0.02949259860919711,0.0,0.0,0.0,-0.21002951617041227
-0.5097924685134531,0.0,0.0,0.0,0.0,-0.4666110923155345,-0.516595772466355,0.0,0.0,-0.22147605515069244
-1.2338364070662124,0.0,0.0,0.0,0.0,-1.3513954655373794,-1.2436386091883012,0.0,0.0,-0.18754286576442578
0.35879985912310086,0.0,0.7106121022478595,0.0,0.0,0.15550260366754626,0.49867188906910564,0.0,0.0,-0.18664626252560806
-2.053096408630191,0.0,0.0,0.0,0.0,-0.9013567642394933,-1.022273554629209,0.0,0.0,-0.1854511306181837
-0.11474181979953041,0.0,1.149512058475987,0.0,0.0,0.8625174198895735,0.41128985457575656,1.0411692984672498,1.0,-0.1726277868643217
-1.51323078831032,0.0,0.0,0.0,0.0,-1.3513954655373794,-1.2436386091883012,0.0,0.0,-0.2676330855587275
0.0718023643219847,0.0,1.0,0.0,0.0,0.621188794342265,-0.193584983678676,1.022831460331992,1.0,-0.30667297935230053
2.357139788296914,0.0,1.2380816024689916,0.0,0.0,1.4974972373734865,0.6606974057623132,1.0306204699037194,1.2182136440140021,-0.23719906177399466
0.8133039819788466,0.0,0.0,0.0,0.0,-0.5580242508308346,-0.7296649225245023,1.022831460331992,1.0,-0.22087269938565968
0.01256161604070039,0.0,0.0,0.0,0.0,-0.46810384011662226,-0.06124106303535339,0.0,0.0,-0.5344612632264567
-0.7826510588378466,0.0,1.149512058475987,0.0,0.0,0.8109179531112038,0.41128985457575656,0.0,0.0,-0.608363668445841
-0.6430018202282346,0.0,0.0,0.0,0.0,-0.7497933515674177,-1.022273554629209,1.0125842817931043,1.0,-0.20401952094659326
0.04461736404045322,0.0,1.0,0.0,0.0,0.42274710475795757,0.11452748252207769,0.0,0.0,-0.17739408392007314
-0.2662696466195359,0.0,0.0,0.0,0.0,-0.6257406946473614,-0.8610819189340483,1.0394896384476304,1.2182136440140021,-0.1762019363173875
-0.11331950794633684,0.0,0.0,3.8163916471489756e-17,0.0,0.35709795338654565,0.31878118133730793,0.0,0.0,-0.1917299038644851
-0.943896409099768,0.0,0.0,0.0,0.0,-0.8522737322181162,-0.7296649225245023,0.0,0.0,-0.20251857214198268
-0.19018069854624553,0.0,0.0,0.0,0.0,-0.11619071684616232,0.0,0.0,0.0,-0.17709601112003343
-0.920890135949858,0.0,0.0,0.0,0.0,0.04388261889693428,0.0,1.0800283475396415,1.3837532157583627,-0.2399273992526457
-0.6137044938507454,0.0,1.0,0.0,0.0,0.49209850666240385,0.6606974057623132,0.998116281742044,1.2182136440140021,-0.42374965531943926
0.266820493984709,0.0,1.149512058475987,0.0,0.0,0.6233065157993928,0.6606974057623132,1.0773405256346573,1.2182136440140021,-0.18784178199823057
0.30451255518952947,0.0,1.149512058475987,0.0,0.0,0.6536790377739197,-0.12561320434640574,0.0,0.0,-0.2139413582071479
-0.26717301144928385,0.0,0.0,0.0,0.0,-0.25957338221363424,-0.34288385740687394,0.0,0.0,-0.19951852637648684
0.2402255151443485,0.0,0.0,0.0,0.0,0.12247235311724529,-0.6167169445693365,0.0,0.0,-0.38741512576266146
1.6156571972209133,0.0,0.0,3.8163916471489756e-17,0.0,0.4849674675739126,0.8441827789462959,1.0920882539604237,1.4203058441177223,-0.18455503568231532
0.5469502878991754,0.0,1.149512058475987,0.0,0.0,0.5439321126606238,0.05848678361057452,0.0,0.0,-0.2887885428135756
0.3450452333050452,0.0,0.0,0.0,0.0,-0.7698891508371823,-0.6167169445693365,1.007179572076227,1.3444369791715767,-0.2526875091459938
0.075495069474262,0.0,1.149512058475987,0.0,0.0,0.6654650648235012,0.22025285618736773,0.0,0.0,-0.39026839120017837
0.3210302459251835,0.0,1.149512058475987,0.0,0.0,0.6381854428831902,0.31878118133730793,0.0,0.0,-0.1678675845978004
-0.06463166496353623,0.0,0.0,0.0,0.0,-1.3513954655373794,-1.2436386091883012,0.0,0.0,-0.32776232995116295
-0.22141067964354433,0.0,0.0,0.0,0.0,-0.5157368958180905,-0.7296649225245023,0.0,0.0,-0.34147989014044633
-0.8295732206806464,0.0,0.0,0.0,0.0,-1.3513954655373794,-1.2436386091883012,0.0,0.0,-0.48462983302263346
0.3371035719858159,0.0,1.149512058475987,0.0,0.0,0.770875774541167,0.41128985457575656,0.9961270243139924,1.2182136440140021,-0.747704326556667
0.16093920795377717,0.0,0.7106121022478595,0.0,0.0,0.1284023639432199,-0.34288385740687394,0.0,0.0,-0.7419125114815894
-1.8783644409042801,0.0,0.0,0.0,0.0,-0.6314498990802646,-0.7296649225245023,0.9271671564532873,1.0,-0.7462549755049417
-0.9396990966399557,0.0,0.0,0.0,0.0,-1.3513954655373794,-1.2436386091883012,0.0,0.0,-0.7480668104773458
0.3343761392404443,0.0,1.0,0.0,0.0,0.4191463312106331,-0.2657509156119179,0.0,0.0,-0.7282159642752885
0.4873703260282,0.0,1.149512058475987,0.0,0.0,0.8834655637000639,0.2703350774754977,0.0,0.0,-0.7462549755049417
-0.4560818925886221,0.0,0.0,0.0,0.0,-0.3293588405694618,-0.7296649225245023,1.0154492039912095,1.0,-0.749154613708533
-0.9944341477934188,0.0,0.0,0.0,0.0,-0.3642072917947848,-0.06124106303535339,0.0,0.0,-0.7535111195241682
-0.17989677839967216,0.0,0.0,0.0,0.0,0.058239830216464665,0.2703350774754977,1.049929575826221,1.2182136440140021,-0.749154613708533
-0.3019641062019174,0.0,0.0,0.0,0.0,-0.25041484391927077,0.11452748252207769,0.0,0.0,-0.7506058397291391
0.710550900959421,0.0,0.0,0.0,0.0,-0.3001208604860054,0.2703350774754977,1.058558970906916,1.4229121222943437,-0.7538745454543783
0.7316545955569242,0.0,1.0,0.0,0.0,0.49244896306638514,0.3657267131137707,1.0349757320418953,1.0,-0.7546015751027741
0.5205412038593848,0.0,1.0,0.0,0.0,0.4434973382510941,0.05848678361057452,0.0,0.0,-0.7546015751027741
-1.037441211374331,0.0,0.0,0.0,0.0,-1.3513954655373794,-1.2436386091883012,0.0,0.0,-0.7680948118018354
-0.6462522326904322,0.0,0.0,0.0,0.0,-0.11464996628933531,0.8441827789462959,0.0,0.0,-0.7586044902406855
-0.5777403982071763,4.33065725152426,0.0,0.0,0.0,0.045140694292490534,0.41128985457575656,1.022831460331992,1.0,-0.7611555652041889
-1.8020070074647785,0.0,0.0,0.0,0.0,-0.5885115585804905,-0.2657509156119179,0.0,0.0,-0.7593330689938607
-0.4035499816757766,0.0,0.0,0.0,0.0,-0.4666110923155345,-0.516595772466355,0.0,0.0,-0.758968749681536
0.32949084377548665,0.0,0.7106121022478595,0.0,0.0,0.10225460724130886,0.05848678361057452,0.0,0.0,-0.7607909458585087
-1.2997384439740967,0.0,0.0,0.0,0.0,-0.4276680827230703,-0.34288385740687394,0.0,0.0,-0.76407468890909
-0.9498131637707369,0.0,1.0,0.0,0.0,0.3746876416351383,0.41128985457575656,0.0,0.0,-0.768460642679599
-0.2575073791958302,0.0,0.0,0.0,0.0,-0.7216847958985279,-0.516595772466355,0.0,0.0,-0.7596974482226445
0.28893485093905613,0.0,0.0,0.0,0.0,-0.034443075271142036,-0.7296649225245023,0.0,0.0,-0.7618849843677724
-0.42485031010351987,4.3306571475222455,1.149512058475987,0.0,0.0,0.7905297673510432,0.9461359278251181,0.0,0.0,-0.7622497842764335
-0.7434091610311048,0.0,0.0,0.0,0.0,-1.3513954655373794,-1.2436386091883012,0.0,0.0,-0.7622497842764335
-0.5967278302170417,0.0,0.0,0.0,0.0,-0.3052666337569913,-0.2657509156119179,0.0,0.0,-0.7626146444636146
0.9437564874012735,0.0,1.2380816024689916,0.0,0.0,1.011079935480295,0.49867188906910564,0.0,0.0,-0.7615202446921606
0.4605338392926192,0.0,1.149512058475987,0.0,0.0,0.884756077250516,0.41128985457575656,0.0,0.0,-0.7637095871518997
-1.0946287446700695,0.0,0.0,0.0,0.0,-0.09127032435189496,-0.06124106303535339,1.0939028586800355,1.4140046247801077,-0.76407468890909
0.23524996570192164,0.0,0.0,0.0,0.0,-0.2259351336348733,-0.193584983678676,0.0,0.0,-0.7633445458557242
0.27876239831244387,0.0,0.0,0.0,0.0,0.043612594561256476,-0.193584983678676,0.0,0.0,-0.7644398511730727
-1.198653554255575,0.0,0.0,0.0,0.0,-1.3513954655373794,-1.2436386091883012,0.0,0.0,-0.768460642679599
-0.3294142328536767,0.0,0.0,0.0,0.0,-0.7077869673735322,-1.022273554629209,0.0,0.0,-0.7662665717014098
-0.36905340472507303,0.0,0.0,0.0,0.0,-0.06250897741912281,0.16837786189877654,0.9565747954222968,1.0,-0.768460642679599
-0.3033584192571628,0.0,1.0,0.0,0.0,0.49939653867913963,-0.12561320434640574,0.0,0.0,-0.768460642679599
0.20990097427209353,0.0,0.0,0.0,0.0,0.015984827547528738,-0.34288385740687394,1.071083660422793,1.3444369791715767,-0.7673633330431887
0.2564014048555001,4.330657137761639,0.0,0.0,0.0,0.024314677497820715,0.16837786189877654,1.090535614743226,1.4140046247801077,-0.7673633330431887
0.5352873608992451,0.0,1.0,0.0,0.0,0.63279758565614,0.11452748252207769,1.0125842817931043,1.2182136440140021,-0.7724888226405905
0.5732417197839382,0.0,1.149512058475987,0.0,0.0,0.8636138314200993,0.3657267131137707,0.0,0.0,-0.7688265346183377
-0.6878928347170336,0.0,0.0,0.0,0.0,-0.7077869673735322,-0.6167169445693365,0.0,0.0,-0.7688265346183377
0.7581579778462707,0.0,0.0,0.0,0.0,-1.3513954655373794,-1.2436386091883012,0.0,0.0,-0.7688265346183377
-0.9125638546396061,0.0,0.0,3.8163916471489756e-17,0.0,0.2601660666660842,1.1652729620405098,1.022831460331992,1.2182136440140021,-0.769192487664641
-0.39072604017996093,0.0,0.0,0.0,0.0,-0.2086503525330161,-0.06124106303535339,1.029065526891,1.2182136440140021,-0.7695585018651624
1.1061553053618023,0.0,0.0,0.0,0.0,-0.11247674644264917,-0.516595772466355,0.0,0.0,-0.7706569118595218
-0.5694993856265471,0.0,0.0,0.0,0.0,-0.057144754955758124,-0.6167169445693365,0.0,0.0,-0.7713894918183584
-0.7828855592982792,0.0,0.0,0.0,0.0,-0.6891797603680089,-0.42601894595792045,0.0,0.0,-0.7713894918183584
-0.3724292794183603,0.0,0.0,0.0,0.0,-0.2455176867890694,0.16837786189877654,0.0,0.0,-0.7717558739274717
0.6471136100838405,0.0,1.149512058475987,0.0,0.0,0.7002514249212559,0.11452748252207769,0.0,0.0,-0.7717558739274717
-0.9520088035983998,0.0,0.0,0.0,0.0,-0.2850977524912373,-0.2657509156119179,1.0800283475396415,1.394034397226019,-0.772122317519161
-1.1977595403291967,0.0,0.0,0.0,0.0,-1.3513954655373794,-1.2436386091883012,0.0,0.0,-0.775423084363775
0.5450674894973135,4.3306571855351095,1.2380816024689916,0.0,0.0,1.072276683214042,1.4432881067660903,1.0997269833621688,1.4288581958896645,-0.7732220176616518
0.5957379158341158,0.0,0.0,0.0,0.0,-0.12273672847268986,-0.7296649225245023,0.0,0.0,-0.7739554593692649
-0.834570275364278,0.0,0.0,0.0,0.0,-1.3513954655373794,-1.2436386091883012,0.0,0.0,-0.7117444280610519
0.15716547567868974,0.0,1.0,0.0,0.0,0.2744636650568205,0.11452748252207769,0.0,0.0,-0.7743222728491271
-0.6866517243082306,0.0,0.0,0.0,0.0,-1.3513954655373794,-1.2436386091883012,0.0,0.0,-0.777626381529798
-0.7240926009157017,0.0,0.0,3.8163916471489756e-17,0.0,0.04374762604106888,0.11452748252207769,1.049929575826221,1.2182136440140021,-0.7765244534930689
-0.328149586658703,0.0,0.0,0.0,0.0,-1.3513954655373794,-1.2436386091883012,0.0,0.0,-0.7779938153012417
-0.5230034285324626,0.0,0.0,0.0,0.0,-1.3513954655373794,-1.2436386091883012,0.0,0.0,-0.7765244534930689
-0.0914102521079979,0.0,1.0,0.0,0.0,0.40318190932730846,0.16837786189877654,0.0,0.0,-0.7772590100033738
1.0497650964529877,0.0,1.2380816024689916,0.0,0.0,1.1310872685581603,0.7363445937263972,1.0763472940434367,1.4067157636187435,-0.7794641738024444
-1.1660967876435488,0.0,0.0,0.0,0.0,-0.9260958865407137,-0.7296649225245023,0.0,0.0,-0.7801997277798349
-0.7728845764889369,0.0,0.0,0.0,0.0,-1.3513954655373794,-1.2436386091883012,0.0,0.0,-0.7894154015440037
-0.3731408599555863,0.0,0.0,0.0,0.0,-1.3513954655373794,-1.2436386091883012,0.0,0.0,-0.780935532092909
-0.5843908791740454,0.0,0.0,0.0,0.0,-0.745250096845615,-0.7296649225245023,0.0,0.0,-0.7927427681092517
-0.11671057961181883,0.0,1.0,0.0,0.0,0.4757931088738597,0.9461359278251181,0.0,0.0,-0.7824078932860414
-1.3368078600545517,0.0,0.0,0.0,0.0,-0.9674664273370567,-1.022273554629209,0.0,0.0,-0.7846183223714511
-0.1587911365246607,0.0,1.0,0.0,0.0,0.6221536974779358,0.2703350774754977,0.0,0.0,-0.7868310256759944
-0.5670841218512941,0.0,0.0,0.0,0.0,-0.054682164659113686,0.3657267131137707,1.022831460331992,1.3685309911523162,-0.7842497598804433
-0.5847642941691357,0.0,0.0,0.0,0.0,-1.3513954655373794,-1.2436386091883012,0.0,0.0,-0.7846183223714511
0.20292009878279108,0.0,1.0,0.0,0.0,0.16321138389672665,0.05848678361057452,0.0,0.0,-0.7838812605125577
-0.2100643749609994,0.0,0.0,0.0,0.0,-1.3513954655373794,-1.2436386091883012,0.0,0.0,-0.7868310256759944
0.4757749446789925,0.0,1.149512058475987,0.0,0.0,0.7095005631657321,0.7730013276593265,1.022831460331992,1.0,-0.7868310256759944
-0.1629117872237215,0.0,0.7106121022478595,0.0,0.0,0.13504605411369333,0.31878118133730793,0.0,0.0,-0.7890460139290083
-0.5433902957537424,0.0,0.0,0.0,0.0,-0.1640265385665331,0.0,1.022831460331992,1.2182136440140021,-0.7875691006780623
-0.3684924003591194,0.0,0.0,0.0,0.0,-0.5032249414078132,-0.2657509156119179,0.0,0.0,-0.7872000314167767
0.17045040228688074,0.0,1.0,0.0,0.0,0.49394584745727077,0.16837786189877654,0.0,0.0,-0.7868310256759944
-1.1073352570901753,0.0,0.0,0.0,0.0,-1.3513954655373794,-1.2436386091883012,0.0,0.0,-0.7894154015440037
-0.33782033431115727,0.0,0.0,0.0,0.0,-0.6119648368425131,-0.2657509156119179,1.0419259054467114,1.4013322872298855,-0.7920029046780914
-0.3086738735590242,0.0,0.0,0.0,0.0,-0.2433120572780334,0.4555743605292723,0.0,0.0,-0.7920029046780914
0.3214611337592541,0.0,0.7106121022478595,0.0,0.0,0.08998890981056563,-0.2657509156119179,0.0,0.0,-0.7890460139290083
-1.7630606091534862,0.0,0.0,0.0,0.0,-1.3513954655373794,-1.2436386091883012,0.0,0.0,-0.7982999675913283
0.2462750419194377,0.0,1.0,0.0,0.0,0.5586084610139771,-0.2657509156119179,0.0,0.0,-0.7971873623715866
-0.5249174128962104,0.0,0.0,0.0,0.0,-0.7077869673735322,-1.022273554629209,0.0,0.0,-0.7905239475195363
-1.0509557992839027,0.0,0.0,0.0,0.0,-1.3513954655373794,-1.2436386091883012,0.0,0.0,-0.7942232667131217
-0.7655493896680375,0.0,0.0,0.0,0.0,-0.07718113441555016,-0.7296649225245023,0.0,0.0,-0.7938530454666933
-0.17374199109962432,0.0,1.149512058475987,0.0,0.0,0.7409954243986583,0.22025285618736773,0.0,0.0,-0.8031280403537184
-0.18561867103966978,0.0,0.0,0.0,0.0,-0.7739208145133659,-1.022273554629209,1.006052142399291,1.0,-0.7957047970362544
0.7324730459468302,0.0,1.2380816024689916,0.0,0.0,1.7269750490392384,0.16837786189877654,0.0,0.0,-0.7927427681092517
-0.5371839108745337,0.0,0.0,0.0,0.0,-0.1937894977859246,-0.7296649225245023,0.0,0.0,-0.7953343175520272
-0.11938377241891307,0.0,0.0,0.0,0.0,-1.3513954655373794,-1.2436386091883012,0.0,0.0,-0.7964459501208557
0.44815497329699183,0.0,1.149512058475987,0.0,0.0,0.7011205035844277,0.22025285618736773,0.0,0.0,-0.7971873623715866
-0.39736173582389134,0.0,0.0,0.0,0.0,-0.29183333368403036,0.11452748252207769,0.0,0.0,-0.7982999675913283
-1.8498060672733239,0.0,0.0,0.0,0.0,0.2308331754613422,-0.6167169445693365,0.0,0.0,-0.7968166238245733
0.0992289657480358,0.0,0.0,0.0,0.0,-0.1515254515453463,0.05848678361057452,1.0180943570563883,1.0,-0.7982999675913283
0.42222847481211767,0.0,0.0,0.0,0.0,0.12247235311724529,-0.6167169445693365,0.0,0.0,-0.8005269358236639
0.4540133399234569,0.0,1.0,0.0,0.0,0.3774407581078392,0.11452748252207769,0.0,0.0,-0.8005269358236639
0.782338012173449,0.0,1.0,0.0,0.0,0.30459559234776773,0.11452748252207769,0.0,0.0,-0.7982999675913283
-1.2425374676725103,0.0,0.0,0.0,0.0,-0.7077869673735322,-1.022273554629209,0.0,0.0,-0.8005269358236639
0.0030809176271274167,0.0,0.0,0.0,0.0,0.12468538967739415,0.05848678361057452,0.0,0.0,-0.8012697809300184
-0.5043491597780357,0.0,0.0,0.0,0.0,-1.1206228342220803,-0.7296649225245023,0.0,0.0,-0.8102044706601949
0.11478805918713825,0.0,0.7106121022478595,0.0,0.0,0.16116244116153844,0.11452748252207769,0.0,0.0,-0.8079672225114264
1.0032930530981712,4.330657272464605,1.0,0.0,0.0,0.36825153408921746,0.41128985457575656,1.0768506549437087,1.3685309911523162,-0.8087127055889618
0.01757579595242662,0.0,0.0,0.0,0.0,-0.6555703303760569,-0.6167169445693365,1.033883362385476,1.3444369791715767,-0.8034998892314531
0.4935278261189577,0.0,1.149512058475987,0.0,0.0,0.6390636738445414,0.11452748252207769,0.0,0.0,-0.8038718038973185
-0.7777012858410127,0.0,0.0,0.0,0.0,-0.029510002119006118,-0.2657509156119179,1.053399418117405,1.2182136440140021,-0.8049879431561766
0.3146839379818678,0.0,0.0,0.0,0.0,0.06145896729951087,-0.516595772466355,1.022831460331992,1.0,-0.8053601215074274
-0.6807211971701567,4.330656905792317,0.0,0.0,0.0,0.2529459485014945,1.1050458926679774,0.0,0.0,-0.8075945806473426
-0.22658783820143905,0.0,0.0,0.0,0.0,0.043432492462628675,-0.6167169445693365,0.0,0.0,-0.8001556113445826
-0.7229453645528244,0.0,0.0,0.0,0.0,-0.19185419952529012,0.0,1.0758297846558222,1.3837532157583627,-0.8102044706601949
-0.4909228875353305,0.0,0.7106121022478595,0.0,0.0,-0.0677093062833107,0.0,0.0,0.0,-0.7971873623715866
-0.2685408016032297,0.0,0.0,0.0,0.0,-0.4552308078941716,-0.42601894595792045,0.0,0.0,-0.8139385640574857
0.7343719948773584,0.0,0.0,0.0,0.0,0.0746294656963074,0.16837786189877654,1.0927799211019111,1.4165481093681518,-0.8098314293919732
0.18596884801719926,0.0,1.149512058475987,0.0,0.0,0.8894255710755818,0.16837786189877654,0.0,0.0,-0.8105775786861849
-0.6206043299995243,0.0,0.0,0.0,0.0,-0.6635769177752666,-0.516595772466355,0.0,0.0,-0.81132399523001
-0.9963364344240336,0.0,0.0,0.0,0.0,-1.3513954655373794,-1.2436386091883012,0.0,0.0,-0.8124441220969737
0.16618710938553713,4.330657245789825,0.0,0.0,0.0,0.04397259268894506,0.3657267131137707,1.0881253564408662,1.4229121222943437,-0.8150601020638639
-0.8322704071933591,0.0,0.0,0.0,0.0,-0.7077869673735322,-1.022273554629209,0.0,0.0,-0.8259331701834703
-0.6822282428215222,0.0,1.0,0.0,0.0,0.2854954749416877,0.22025285618736773,1.0456674364101886,1.3025175370208548,-0.8146861886617983
-0.05484121162691231,0.0,0.0,0.0,0.0,-1.3513954655373794,-1.2436386091883012,0.0,0.0,-0.8236788466806289
0.7024775286622954,0.0,0.0,0.0,0.0,0.20173653083889775,-0.42601894595792045,1.049929575826221,1.2182136440140021,-0.8203019999039936
-0.25966680589776797,0.0,0.0,0.0,0.0,-1.3513954655373794,-1.2436386091883012,0.0,0.0,-0.8165564309693772
0.7590323270005475,0.0,1.149512058475987,0.0,0.0,1.0195259940054129,1.0429915279268975,1.096521516058709,1.394034397226019,-0.8176793882737898
-0.5246392232452989,0.0,0.0,0.0,0.0,-1.3513954655373794,-1.2436386091883012,0.0,0.0,-0.8214269990973178
-1.1370436780331417,0.0,0.0,0.0,0.0,-0.12273672847268986,-1.022273554629209,0.0,0.0,-0.8206769312984895
-0.3759207724380066,0.0,0.0,0.0,0.0,-0.5494650526069359,-0.8610819189340483,0.0,0.0,-0.8191776150585308
-0.3017430468694527,0.0,0.0,0.0,0.0,-0.08524441350900598,-0.42601894595792045,1.0629354125627655,1.3025175370208548,-0.8233033671467905
-0.7768183973964176,0.0,0.0,0.0,0.0,-1.3513954655373794,-1.2436386091883012,0.0,0.0,-0.8218021356155532
-0.8481960507289824,0.0,0.0,0.0,0.0,-0.2428724351148854,-0.2657509156119179,0.988153482273682,1.0,-0.8244300121317729
-0.6142736202136898,0.0,0.0,0.0,0.0,0.26424854996159663,-0.193584983678676,0.0,0.0,-0.8274374341909358
-0.9178644085252491,0.0,0.0,0.0,0.0,-0.4276680827230703,-0.6167169445693365,0.0,0.0,-0.8218021356155532
0.4822383964101871,0.0,0.0,0.0,0.0,-1.3513954655373794,-1.2436386091883012,0.0,0.0,-0.8240543949897597
-0.5672162276528687,0.0,0.0,0.0,0.0,-0.3184546644554274,0.11452748252207769,0.0,0.0,-0.8236788466806289
-1.2012450220428355,0.0,0.0,0.0,0.0,-0.4879956411652101,-0.6167169445693365,0.0,0.0,-0.8289428078815151
-0.845059345622785,0.0,0.0,0.0,0.0,-1.3513954655373794,-1.2436386091883012,0.0,0.0,-0.8255572771323018
-0.03979165604614744,0.0,1.149512058475987,0.0,0.0,0.797651860940709,0.6606974057623132,1.00503661544306,1.3025175370208548,-0.8259331701834703
0.08774481087779652,0.0,1.0,0.0,0.0,0.526290500845988,0.31878118133730793,0.0,0.0,-0.8263091323567654
-0.08911619618426328,0.0,0.7106121022478595,0.0,0.0,0.13025047213853713,0.05848678361057452,0.0,0.0,-0.8296959120288969
-0.9664615352971226,0.0,0.0,0.0,0.0,-0.7615470556773098,-0.7296649225245023,0.0,0.0,-0.8281899820920032
0.3763794738832469,0.0,0.0,0.0,0.0,0.1440619686703356,-0.8610819189340483,1.1033160734414311,1.0,-0.8289428078815151
-0.15190438507273554,0.0,0.0,0.0,0.0,-0.12470074766073654,-0.12561320434640574,0.9565747954222968,1.0,-0.8345979066126885
-0.6263101114962096,0.0,0.0,0.0,0.0,-0.7664179815597313,-0.8610819189340483,0.0,0.0,-0.8338429815986648
0.23757153517817775,0.0,0.0,0.0,0.0,-1.3513954655373794,-1.2436386091883012,0.0,0.0,-0.8319568993337588
0.1318663589624833,0.0,0.0,0.0,0.0,-0.19690549367007987,-0.193584983678676,0.0,0.0,-0.7990420295736294
-0.04098558335896926,0.0,0.7106121022478595,0.0,0.0,-0.09664352362654259,0.05848678361057452,0.0,0.0,-0.8410262007737637
-0.3528992273672109,0.0,0.0,0.0,0.0,-1.3513954655373794,-1.2436386091883012,0.0,0.0,-0.8391333940111957
-0.5205728522928479,0.0,0.0,0.0,0.0,-0.12078178864922405,-0.193584983678676,0.0,0.0,-0.8364864536195203
-1.4889361548995617,0.0,0.0,0.0,0.0,-0.7475109195614293,-0.7296649225245023,0.0,0.0,-0.8421627425349509
-0.42713550673723744,0.0,0.0,0.0,0.0,-0.6254583317867369,0.0,0.0,0.0,-0.8368643751271808
-1.4902022107645732,0.0,0.0,0.0,0.0,-0.35232646825064723,-0.8610819189340483,0.0,0.0,-0.8395118127003536
0.24081878701710205,0.0,0.0,0.0,0.0,0.4006180996897387,-0.06124106303535339,0.0,0.0,-0.8444377636852084
0.805138666890625,0.0,1.0,0.0,0.0,0.3997761415299731,0.2703350774754977,1.0546270911177729,1.3444369791715767,-0.8417838236619605
0.03449889306747746,0.0,0.7106121022478595,0.0,0.0,0.20180193413604589,0.41128985457575656,0.0,0.0,-0.839890302659777
-0.11911089160771829,0.0,1.0,0.0,0.0,0.2621820316317936,0.05848678361057452,0.0,0.0,-0.839890302659777
0.9621843918686064,0.0,0.0,0.0,0.0,-0.14624188426583204,-0.7296649225245023,0.0,0.0,-0.8421627425349509
0.20844576396049985,0.0,0.0,0.0,0.0,-0.11948349218119217,0.22025285618736773,1.0873248816538437,1.4186096146759073,-0.843679135665752
-0.9053986246303888,0.0,0.0,0.0,0.0,-1.3513954655373794,-1.2436386091883012,0.0,0.0,-0.8444377636852084
-1.1007791750257676,0.0,0.0,0.0,0.0,-0.39280971116364305,-0.193584983678676,0.0,0.0,-0.8681007734225596
0.21149639666436096,4.330656495370537,0.0,0.0,0.0,-0.2706533879479112,-0.7296649225245023,0.0,0.0,-0.8482352383571696
-0.14580850430012648,0.0,1.0,0.0,0.0,0.4321918029884628,0.7730013276593265,0.0,0.0,-0.8470952354229629
0.33225367199512174,0.0,0.0,0.0,0.0,-0.06194124141530229,-0.7296649225245023,0.0,0.0,-0.8524208605747835
0.05858014788582736,4.330656910417191,0.0,0.0,0.0,-0.1524359981650193,-0.6167169445693365,0.0,0.0,-0.8482352383571696
0.2216202334316302,0.0,0.0,0.0,0.0,-0.10734358345281357,-0.516595772466355,0.0,0.0,-0.8508977928843698
-0.7355561900118145,0.0,0.0,0.0,0.0,-0.4732993604096006,-0.7296649225245023,0.0,0.0,-0.8501366982149491
-0.6446435800749711,0.0,0.0,3.8163916471489756e-17,0.0,-0.07215819768582683,0.0,0.0,0.0,-0.8505172090052261
-0.32759847564585065,0.0,0.0,0.0,0.0,-0.19784503068423043,0.11452748252207769,0.0,0.0,-0.8508977928843698
0.761183110768373,4.330656740150681,0.0,0.0,0.0,-0.12319418396464543,-0.06124106303535339,0.8663642547672894,1.0,-0.8562336776497117
-0.46113520532421565,0.0,0.0,0.0,0.0,-0.5778296330470937,-0.7296649225245023,0.0,0.0,-0.8531828346267318
-0.18886351885920394,0.0,0.0,0.0,0.0,-0.19146825436608575,0.0,0.0,0.0,-0.8508977928843698
-0.571657718575572,0.0,0.0,0.0,0.0,-1.3513954655373794,-1.2436386091883012,0.0,0.0,-0.8535639319307097
-0.5700299874219763,0.0,0.0,0.0,0.0,-0.3516190695251803,-0.193584983678676,0.0,0.0,-0.8547076657336552
0.5007883938446922,0.0,1.149512058475987,0.0,0.0,0.7168744247066171,0.31878118133730793,0.0,0.0,-0.8558520637411985
-0.2921079638553402,0.0,0.7106121022478595,0.0,0.0,0.14486695631366878,0.7730013276593265,1.049929575826221,1.394034397226019,-0.8554705238293387
0.24358855478821415,0.0,0.0,0.0,0.0,-0.2613210019676533,-0.7296649225245023,0.9750538018491568,1.0,-0.8608188402772021
-0.6997085106289581,0.0,0.0,0.0,0.0,-0.38378504700041777,-0.193584983678676,0.0,0.0,-0.8554705238293387
0.12629335524330224,0.0,0.0,0.0,0.0,-0.33213687257001856,-1.022273554629209,0.0,0.0,-0.8577608745640573
-0.42530141068712746,0.0,0.0,0.0,0.0,-0.7615470556773098,-0.7296649225245023,0.0,0.0,-0.8581428594420668
-0.12465695103675652,0.0,0.7106121022478595,0.0,0.0,-0.06438771475949351,-0.34288385740687394,0.0,0.0,-0.8577608745640573
0.33699089489499656,0.0,1.0,0.0,0.0,0.31854892512454874,0.22025285618736773,0.0,0.0,-0.8020128879183495
0.19438369626477647,0.0,1.0,0.0,0.0,0.27306516016076293,1.1050458926679774,0.0,0.0,-0.8592892606923916
-0.8579221780977025,0.0,0.0,0.0,0.0,-1.3513954655373794,-1.2436386091883012,0.0,0.0,-0.8634984891625576
-0.08560720728334753,0.0,0.0,0.0,0.0,0.4078940644009149,-0.42601894595792045,0.0,0.0,-0.86043633326143
-0.8436533221026323,0.0,0.0,0.0,0.0,-0.37662997428474326,-0.12561320434640574,0.0,0.0,-0.8612014221507159
-0.8097057244293309,0.0,0.7106121022478595,0.0,0.0,0.5609980136600644,0.22025285618736773,0.0,0.0,-0.8646480386972291
0.18768175134524295,0.0,1.0,0.0,0.0,0.4306822177750677,0.16837786189877654,1.0559576948712996,1.3025175370208548,-0.8634984891625576
-0.24243412297854575,0.0,1.0,0.0,0.0,0.3906869928010685,0.7363445937263972,0.0,0.0,-0.8631154567323365
-1.75966860639726,0.0,0.0,0.0,0.0,-1.3513954655373794,-1.2436386091883012,0.0,0.0,-0.8638815969216089
-0.7450361474805187,0.0,0.0,0.0,0.0,-0.779581887329691,-0.6167169445693365,0.0,0.0,-0.8631154567323365
-0.29936012924569944,0.0,0.0,0.0,0.0,-0.7980245739192735,-1.022273554629209,0.0,0.0,-0.8657982680236589
-2.0501730961022036,0.0,0.0,0.0,0.0,-0.6891797603680089,-0.7296649225245023,0.0,0.0,-0.8657982680236589
0.20142959256249143,0.0,1.149512058475987,0.0,0.0,0.6731379814557429,0.6216146055503267,0.0,0.0,-0.8657982680236589
-0.1411692854683199,0.0,0.0,0.0,0.0,0.3846635774841016,-0.34288385740687394,0.988153482273682,1.0,-0.8669491789823149
-0.7246883208573842,0.0,0.0,0.0,0.0,-0.8321907487730826,-0.7296649225245023,0.9080764640448552,1.0,-0.8681007734225596
-1.1370436780331417,0.0,0.0,0.0,0.0,-0.37662997428474326,-0.7296649225245023,0.0,0.0,-0.8681007734225596
-1.4077807760591938,0.0,0.0,0.0,0.0,-0.4465608616397132,-0.42601894595792045,0.0,0.0,-0.8711750475564224
-0.7518110934261331,0.0,0.0,0.0,0.0,-0.12136732299016204,-0.8610819189340483,0.0,0.0,-0.8692530532027112
-0.059665093444735695,0.0,1.0,0.0,0.0,0.2843771563728381,0.7363445937263972,0.0,0.0,-0.8696372990830075
-0.7575833149591434,0.0,0.0,0.0,0.0,-0.5792631072984764,0.0,0.0,0.0,-0.8700216213889737
-1.2366131040864488,0.0,0.0,0.0,0.0,-0.7664179815597313,-0.7296649225245023,0.0,0.0,-0.8738690632057233
-0.49460005735310175,0.0,0.0,0.0,0.0,0.06254162199655543,-0.6167169445693365,0.9750538018491568,1.0,-0.8715596762611632
0.2590345392936954,0.0,0.0,0.0,0.0,-0.5670691382112147,-0.516595772466355,0.0,0.0,-0.8746394756729056
0.3491073411961519,0.0,1.0,0.0,0.0,0.520463051421279,-0.2657509156119179,0.0,0.0,-0.8719443817401864
0.15417815457113163,0.0,0.0,0.0,0.0,-0.7077869673735322,-1.022273554629209,1.022831460331992,1.0,-0.8723291640635547
-1.3514322671786851,0.0,0.0,0.0,0.0,-1.3513954655373794,-1.2436386091883012,0.0,0.0,-0.8734839728020662
