Balance,Qual_miles,cc1_miles,cc2_miles,cc3_miles,Bonus_miles,Bonus_trans,Flight_miles_12mo,Flight_trans_12,Days_since_enroll,Clusters
-0.2572793701791098,0.0,0.0,0.0,0.0,-0.8887775812178348,-1.022273554629209,0.0,0.0,0.7632290811317651,0
-0.4723287966308521,0.0,0.0,0.0,0.0,-0.8559395489780305,-0.8610819189340483,0.0,0.0,0.7553771111155929,0
-0.0257032751891155,0.0,0.0,0.0,0.0,-0.1843561883616602,-0.6167169445693365,0.0,0.0,0.7715607881903916,0
-0.6142380346704375,0.0,0.0,0.0,0.0,-0.7077869673735322,-1.022273554629209,0.0,0.0,0.7514473386992409,0
0.5468336465339811,0.0,1.149512058475987,0.0,0.0,0.7877367341422534,0.6606974057623132,1.0720926749106328,1.344436979171577,0.7472691778857051,1
-0.5582949368509542,0.0,0.0,0.0,0.0,-1.3513954655373794,-1.2436386091883012,0.0,0.0,0.7489899441814915,2
0.4476218320919221,0.0,1.0,0.0,0.0,0.557173826085046,0.6216146055503267,0.0,0.0,0.7617576040973284,3
-0.4279078764695247,0.0,0.0,0.0,0.0,-0.1067141179301324,-0.6167169445693365,0.988153482273682,1.0,0.7480067087157952,4
1.7660215577141674,0.0,1.0,3.816391647148976e-17,0.0,-0.4272276378859284,1.2238098830387245,1.086782025960933,1.4165481093681518,0.7504644998155882,5
0.5971412756111492,0.0,1.0,0.0,0.0,0.5734936473386909,0.7363445937263972,1.0546270911177729,1.3025175370208548,0.746285664377096,1
-0.0449023701548454,0.0,0.7106121022478595,0.0,0.0,0.0052597556996442,-0.1256132043464057,0.0,0.0,0.7531669255975544,3
0.5378185189762055,0.0,1.2380816024689916,0.0,0.0,0.979014915532862,0.3657267131137707,0.0,0.0,0.7445641329689636,3
0.0041194796721766,0.0,0.7106121022478595,0.0,0.0,0.1646196395231432,0.4112898545757565,0.0,0.0,0.7445641329689636,3
0.0,0.0,0.0,0.0,0.0,-0.256010969957629,-0.4260189459579204,0.0,0.0,0.7430881464738135,0
-0.5194989376403953,0.0,0.0,0.0,0.0,-1.3513954655373794,-1.2436386091883012,0.0,0.0,0.7416118012707704,2
-0.2500222661002179,0.0,1.149512058475987,0.0,0.0,0.8596299013130765,0.1683778618987765,0.0,0.0,0.7416118012707704,3
0.1177333106875673,0.0,1.149512058475987,0.0,0.0,0.854279352443779,0.2202528561873677,0.0,0.0,0.7411196064213489,3
-0.6440460741748131,0.0,0.0,0.0,0.0,-0.1718166716935402,-0.516595772466355,0.0,0.0,0.7398889446351167,0
0.499771522068181,0.0,1.0,0.0,0.0,0.5558763145878974,0.2703350774754977,0.0,0.0,0.7393966100167011,3
-0.3644571996682426,0.0,1.0,0.0,0.0,0.1392786437533613,-0.516595772466355,0.0,0.0,0.7376731240122785,3
0.6989388022080939,0.0,1.2380816024689916,0.0,0.0,0.95721208879703,0.5406638713926494,0.988153482273682,1.218213644014002,0.7376731240122785,1
1.028519598730396,4.330657227626039,0.0,0.0,0.0,0.2351461423079258,0.2202528561873677,1.0681963516467785,1.4067157636187435,0.7376731240122785,6
-0.435196375261686,0.0,0.0,0.0,0.0,-0.2389381006452756,-0.0612410630353533,1.0844025308711804,1.4140046247801077,0.7347174356738174,4
0.2783584492759343,0.0,0.0,0.0,0.0,-0.3284743562933933,-0.0612410630353533,0.9565747954222968,1.0,0.7347174356738174,4
1.1099046407455986,4.330655285737183,0.0,0.0,0.0,-0.1918541995252901,0.4555743605292723,1.0368224148220306,1.344436979171577,0.9877335660961092,6
-0.4313813366120297,0.0,0.0,0.0,0.0,-0.4879956411652101,-0.6167169445693365,0.0,0.0,0.9858390779804151,0
-0.4932738783142547,0.0,0.0,0.0,0.0,-0.5153501909693332,-0.8610819189340483,1.056727033587405,1.218213644014002,0.9841809612385316,4
-0.8741385917375118,0.0,0.0,0.0,0.0,-1.3513954655373794,-1.2436386091883012,0.0,0.0,0.9834702140442748,2
0.2096916783882695,0.0,1.0,0.0,0.0,0.658747713865651,0.4112898545757565,0.9271671564532872,1.0,0.9818115102773236,1
-0.4729848487878768,0.0,0.0,0.0,0.0,-0.1458966255198218,-0.2657509156119179,1.022831460331992,1.0,0.979204144243116,4
0.9949237692509804,0.0,1.0,0.0,0.0,0.4271736135405544,0.0584867836105745,0.0,0.0,0.976832928210201,3
-0.8121650673213007,0.0,0.0,0.0,0.0,-1.3513954655373794,-1.2436386091883012,0.0,0.0,0.9751725757066764,2
1.353672660586029,0.0,1.149512058475987,0.0,0.0,0.7720750108508916,0.5406638713926494,0.0,0.0,0.9735118098473448,3
-0.5073809388808098,0.0,0.0,0.0,0.0,-0.9674664273370568,-1.022273554629209,0.0,0.0,0.972562615015495,0
0.0105779219970042,0.0,0.0,0.0,0.0,-1.3513954655373794,-1.2436386091883012,0.0,0.0,0.9718506301616402,7
0.7181861542183349,0.0,1.149512058475987,0.0,0.0,0.8720954417100266,0.5406638713926494,1.076850654943709,1.3685309911523162,0.9718506301616402,1
-0.3683705046730864,0.0,0.0,0.0,0.0,-0.6555703303760569,-0.6167169445693365,1.0269662977944063,1.3025175370208548,0.9709011986459354,4
0.3021529458152954,0.0,0.0,0.0,0.0,-0.7739208145133659,-0.8610819189340483,1.006052142399291,1.218213644014002,0.9709011986459354,4
0.2121885709872991,0.0,1.0,0.0,0.0,0.5640717684048205,0.2703350774754977,0.0,0.0,0.9692393677086116,3
-1.4808794973305606,0.0,0.0,0.0,0.0,-1.3513954655373794,-1.2436386091883012,0.0,0.0,0.9675771217304968,2
-0.1345013495140043,0.0,0.0,0.0,0.0,-0.4276680827230703,-0.6167169445693365,1.022831460331992,1.0,0.9682895637156756,4
-0.7904388876287192,0.0,1.149512058475987,0.0,0.0,0.7203406102505414,0.6606974057623132,0.0,0.0,0.9659144602376016,3
0.2157277876545807,0.0,0.0,0.0,0.0,0.1224723531172452,0.6606974057623132,1.0830672935472692,1.4067157636187435,0.963300865810882,4
2.0790065910745965,0.0,1.0,0.0,0.0,0.2851322739649919,0.1145274825220776,0.0,0.0,0.9609239779158486,3
0.7031105554146683,0.0,1.0,0.0,0.0,0.3748303709486508,0.3187811813373079,0.0,0.0,0.958308417257824,3
1.3904436731918417,4.3306568732308985,0.0,0.0,0.0,0.4851251039905267,0.1145274825220776,1.071083660422793,1.344436979171577,0.7347174356738174,6
0.5063975515183108,0.0,0.7106121022478595,0.0,0.0,0.166864754065502,-0.4260189459579204,0.0,0.0,0.7347174356738174,3
-0.09537634505758,0.0,0.0,0.0,0.0,-0.0676518242355438,-0.4260189459579204,0.998116281742044,1.218213644014002,0.733485472897177,4
0.3181325332578134,0.0,1.0,0.0,0.0,0.6721435096762568,0.5816230273987638,1.022831460331992,1.0,0.7324997220305233,1
-0.5380668666650874,0.0,0.0,0.0,0.0,-0.5306032272246237,-0.6167169445693365,1.0546270911177729,1.344436979171577,0.7307742712497723,4
0.6193762695452262,0.0,0.0,0.0,0.0,-0.0415393080835193,-0.516595772466355,1.0965746072872624,1.3685309911523162,0.7248546948171309,4
-1.6717716429186216,0.0,0.0,0.0,0.0,-0.7639698418247773,-1.022273554629209,0.0,0.0,0.7307742712497723,0
0.6863466900454592,0.0,1.149512058475987,0.0,0.0,0.8033046033733918,1.0742563978161943,0.0,0.0,0.7307742712497723,3
0.7039315937136618,0.0,0.0,0.0,0.0,-0.1247007476607365,-0.2657509156119179,1.033883362385476,1.218213644014002,0.735949147771835,4
-0.0722491919998162,0.0,0.0,0.0,0.0,-1.3513954655373794,-1.2436386091883012,0.0,0.0,0.729048327673225,7
-0.6260199552795497,0.0,0.0,0.0,0.0,-0.4465608616397132,-0.4260189459579204,0.0,0.0,0.7278152087646306,0
0.3707778417946061,0.0,1.149512058475987,0.0,0.0,0.6671631824635016,0.1145274825220776,0.0,0.0,0.7310207943746284,3
-0.105780732698067,0.0,0.0,0.0,0.0,-0.2706533879479112,-0.516595772466355,1.0306204699037194,1.3025175370208548,0.7300346415253774,4
-0.0765943289916043,0.0,1.0,0.0,0.0,0.6625012901392872,-0.2657509156119179,0.0,0.0,0.7231270567591594,3
0.527409499550339,0.0,1.0,0.0,0.0,0.4769525943558859,0.5406638713926494,1.0736033659228592,1.394034397226019,0.7300346415253774,1
0.779969909246265,0.0,1.0,0.0,0.0,0.301105504875378,0.1145274825220776,0.0,0.0,0.729048327673225,3
-0.4533896786706297,0.0,0.0,0.0,0.0,0.3532070798879911,-0.0612410630353533,0.0,0.0,0.7295415047321706,0
-0.8073054872321831,0.0,0.0,0.0,0.0,-1.3513954655373794,-1.2436386091883012,0.0,0.0,0.7297880781610524,2
1.587000283885449,0.0,0.0,0.0,0.0,0.5675440794472301,-0.2657509156119179,0.0,0.0,0.7226333548746908,0
0.4084419122284799,0.0,0.0,0.0,0.0,-0.5875238660636801,-0.8610819189340483,0.0,0.0,0.7221396125132205,0
0.1424365172704355,0.0,1.0,0.0,0.0,0.6586730195849679,1.2807778127702338,1.0940719572159403,1.4296674257788191,0.7204111952726362,1
-0.8449029530894837,0.0,0.0,0.0,0.0,-0.4276680827230703,-0.3428838574068739,0.0,0.0,0.7204111952726362,0
0.4337469680717975,0.0,1.149512058475987,0.0,0.0,0.6809967933536414,0.3187811813373079,0.0,0.0,0.7231270567591594,3
1.203144575467246,0.0,1.0,0.0,0.0,0.4938681784458413,0.0,0.0,0.0,0.7204111952726362,3
0.0606685119693188,0.0,1.0,0.0,0.0,0.2138899033443005,0.2202528561873677,0.0,0.0,0.9483122164573674,3
0.4434680291357317,4.3306572948823385,0.7106121022478595,0.0,0.0,0.2969644080835641,0.2202528561873677,1.0546270911177729,1.344436979171577,0.9483122164573674,8
1.2771409340831728,0.0,1.149512058475987,0.0,0.0,0.7429989543124631,0.0584867836105745,0.0,0.0,0.9533122051389776,3
1.9667388750625816,0.0,1.0,0.0,0.0,0.2100097247955169,0.0584867836105745,0.8663642547672894,1.0,0.9566434320323692,1
-0.6950683286757597,0.0,0.0,0.0,0.0,-0.661633117934729,-0.6167169445693365,1.0326848719686543,1.344436979171577,0.9533122051389776,4
0.7188319031663307,0.0,1.0,0.0,0.0,0.5178738436573087,0.2703350774754977,0.0,0.0,0.9466447120694048,3
0.7540088410375041,0.0,1.0,0.0,0.0,0.3061844642725105,0.4986718890691056,0.0,0.0,0.9449767861246788,3
0.6276624968254602,0.0,0.0,0.0,0.0,0.0177484261243531,0.2202528561873677,0.0,0.0,0.9442618315510756,0
0.639372369851155,0.0,1.149512058475987,0.0,0.0,0.6453306883813884,0.3657267131137707,0.0,0.0,0.9495030331936546,3
0.0841113059744383,0.0,1.149512058475987,0.0,0.0,0.7195643224578029,0.3187811813373079,0.0,0.0,0.9566434320323692,3
-0.0635408652337914,0.0,1.2380816024689916,0.0,0.0,1.1159924872118132,0.2202528561873677,1.027428166786215,1.0,0.9495030331936546,1
-1.1988524351006808,0.0,0.0,0.0,0.0,0.6423043436254301,-0.516595772466355,0.0,0.0,0.9404474297065116,0
0.4760842412414877,0.0,0.0,0.0,0.0,-0.5206123079983815,-0.7296649225245023,1.0560115612601553,1.3025175370208548,0.7231270567591594,4
-0.8950155134974213,0.0,0.0,0.0,0.0,-0.7085605784587243,-0.193584983678676,0.0,0.0,0.7191763074773644,0
0.233851603989959,0.0,0.0,0.0,0.0,-0.4465608616397132,-0.4260189459579204,0.0,0.0,0.7221396125132205,0
-0.3467801546299638,0.0,0.0,0.0,0.0,-0.4276680827230703,-0.3428838574068739,0.0,0.0,0.7186822813516709,0
-0.1206642787394599,0.0,1.2380816024689916,0.0,0.0,0.9545412905866616,0.3187811813373079,1.0462299458179467,1.3025175370208548,0.7171999593219192,1
-0.0419359848300648,0.0,0.0,0.0,0.0,0.0263273579204117,-0.516595772466355,0.0,0.0,0.7206581424150889,0
2.063545769029409,0.0,1.0,0.0,0.0,0.4405957199531117,0.4986718890691056,1.0560115612601553,1.4013322872298857,0.7189292994883916,1
0.2398438908490506,0.0,0.7106121022478595,0.0,0.0,0.024127009101522,0.2202528561873677,1.0368224148220306,1.0,0.7186822813516709,1
0.073604967942604,0.0,0.0,0.0,0.0,-0.2346128228402997,-0.6167169445693365,1.022831460331992,1.0,0.7157172714926494,4
-0.437247307374347,0.0,0.0,0.0,0.0,0.4579191852269312,-0.2657509156119179,1.057319856752445,1.3685309911523162,0.7125035243324452,4
-1.51323078831032,0.0,0.0,0.0,0.0,-0.392809711163643,-0.6167169445693365,1.071083660422793,1.344436979171577,0.7162115414389264,4
0.3943766484497495,0.0,1.149512058475987,0.0,0.0,0.7007982358348354,0.6216146055503267,0.0,0.0,0.7181882146273653,3
0.8294053475818711,0.0,0.0,0.0,0.0,-0.1227367284726898,-0.516595772466355,1.0629354125627657,1.3025175370208548,0.7102776131543016,4
1.0279576897642762,0.0,1.2380816024689916,0.0,0.0,1.3473451585777445,1.1050458926679774,1.0808402071096823,1.4229121222943435,0.7085457769474964,1
-0.5461645610691488,0.0,0.0,0.0,0.0,-0.2925336452859802,0.2202528561873677,0.0,0.0,0.7073084442748551,0
0.182600150829795,0.0,0.0,0.0,0.0,-0.0876447264890197,0.5406638713926494,0.0,0.0,0.7055757484840196,0
0.5776900627555807,0.0,1.149512058475987,0.0,0.0,0.799314932279147,0.2202528561873677,0.0,0.0,0.7035949095920956,3
-0.3898948931204997,0.0,0.0,0.0,0.0,-0.4879956411652101,-0.6167169445693365,0.0,0.0,0.702356551667992,0
0.2635650274848117,0.0,1.0,0.0,0.0,0.4137030798586433,0.0584867836105745,0.0,0.0,0.7065659218310588,3
-0.3239585729931868,4.330657034836994,1.2380816024689916,0.0,0.0,0.9411997211546678,0.1145274825220776,0.0,0.0,0.701613413607485,9
-0.9182787517438434,0.0,0.0,0.0,0.0,-1.3513954655373794,-1.2436386091883012,0.0,0.0,0.701613413607485,2
-0.125791954109417,0.0,0.0,0.0,0.0,-1.3513954655373794,-1.2436386091883012,0.0,0.0,0.7013656803579521,7
-0.2465035027546506,0.0,0.0,0.0,0.0,-0.2047234544209241,-0.3428838574068739,1.071744731494726,1.3685309911523162,0.7013656803579521,4
-0.1395534995794575,0.0,0.0,0.0,0.0,-1.3513954655373794,-1.2436386091883012,0.0,0.0,0.700374644494323,7
-1.262990608955095,0.0,1.2380816024689916,0.0,0.0,0.978929869638907,0.3187811813373079,0.9565747954222968,1.218213644014002,0.7040901808786286,1
0.5385918544477533,4.330657034836994,0.0,0.0,2.740863092043355e-16,0.8553549255448855,0.6606974057623132,1.074749449374229,1.4067157636187435,0.6986399354000578,1
0.0057896804651053,0.0,0.0,0.0,0.0,-1.3513954655373794,-1.2436386091883012,0.0,0.0,0.703842550367925,7
0.4456503396282658,0.0,1.149512058475987,0.0,0.0,0.8241823487015634,0.1145274825220776,0.8663642547672894,1.0,0.6986399354000578,1
-0.602883188070696,0.0,1.149512058475987,0.0,0.0,0.6458489468933415,0.6606974057623132,1.0269662977944063,1.3025175370208548,0.6983920786064359,1
1.0084676585236725,0.0,1.0,0.0,0.0,0.3729720928984179,0.1683778618987765,0.0,0.0,0.9359149541565688,3
1.419528408658434,0.0,0.0,0.0,0.0,0.0636218273975261,-0.0612410630353533,1.077340525634657,1.4013322872298857,0.9359149541565688,4
0.7208080657329601,0.0,1.2380816024689916,0.0,0.0,1.0268333575208266,0.5406638713926494,1.09142635991432,1.41081075138084,0.9349603504033042,1
0.1775655649370023,0.0,0.0,0.0,0.0,-0.3908276112629288,0.0584867836105745,0.0,0.0,0.9342443065242793,0
1.410143854661196,0.0,0.0,0.0,0.0,-0.0960295496894286,0.4112898545757565,1.042752917586353,1.218213644014002,0.9325732336909448,4
0.2858286434261104,0.0,1.0,0.0,0.0,0.478388843388535,0.6216146055503267,0.0,0.0,0.9320957061426152,3
0.8315204726443299,0.0,0.7106121022478595,0.0,0.0,0.0085714444869699,-0.0612410630353533,0.0,0.0,0.9299464018254248,-1
2.524719704735512,0.0,0.0,0.0,0.0,-0.3321368725700185,-0.7296649225245023,1.049929575826221,1.218213644014002,0.9368694192299484,4
0.7118591723025675,0.0,1.0,0.0,0.0,0.4972569062364244,0.1683778618987765,0.0,0.0,0.9282742333431774,3
-0.5530079699547463,0.0,0.0,0.0,0.0,-0.3184546644554274,-0.3428838574068739,0.0,0.0,0.9282742333431774,0
0.3847902435102048,0.0,0.0,0.0,0.0,-0.5627380187757388,-1.022273554629209,0.0,0.0,0.9285131406845242,0
1.1078517618160617,0.0,1.2380816024689916,0.0,0.0,1.4366381424732553,1.2807778127702338,1.074185055291269,1.41081075138084,0.924928614960736,1
0.4231416889499511,0.0,1.149512058475987,0.0,0.0,0.7089746900701304,0.3187811813373079,1.0515961795290998,1.3025175370208548,0.9232551640624168,1
0.0580034931459721,0.0,1.0,0.0,0.0,0.5077096147270643,0.3657267131137707,0.0,0.0,0.9227769565573272,3
0.3861969264827047,0.0,1.149512058475987,0.0,0.0,0.781233483873408,0.0584867836105745,0.0,0.0,0.9215812846922148,3
0.777159060647672,4.330655285737183,1.149512058475987,0.0,0.0,0.71454448487356,0.3187811813373079,1.0629354125627657,1.3025175370208548,0.9215812846922148,8
2.051849098944796,0.0,1.2380816024689916,0.0,0.0,1.7448663942711236,0.6606974057623132,1.074185055291269,1.41081075138084,0.9211029546744904,1
1.1387578070838242,0.0,1.149512058475987,0.0,0.0,0.9322463797269692,1.1652729620405098,1.0928424881893533,1.4203058441177223,0.9194285236745792,1
0.0722896213414701,0.0,0.7106121022478595,0.0,0.0,0.1271538353050675,0.1145274825220776,0.0,0.0,0.6983920786064359,3
0.8220297123862603,0.0,1.149512058475987,0.0,0.0,0.711668873203596,0.4986718890691056,0.0,0.0,0.6971526399783429,3
-0.5250101694980572,0.0,0.0,0.0,0.0,-1.3513954655373794,-1.2436386091883012,0.0,0.0,0.6966567923158522,2
-0.4560262715224599,0.0,0.0,0.0,0.0,-0.5419882232021782,-0.7296649225245023,1.003841068136306,1.0,0.6966567923158522,4
0.8373339308934153,0.0,0.0,0.0,0.0,0.0392710407439754,-0.6167169445693365,0.0,0.0,0.7006224188939578,0
0.5709060736606483,0.0,0.0,0.0,0.0,0.1539610016025313,-0.0612410630353533,1.0689577040329925,1.3837532157583627,0.695416992494117,4
0.7311832015026609,0.0,1.0,0.0,0.0,0.2892251618086832,0.1683778618987765,0.0,0.0,0.704337801126151,3
1.3002182318711422,4.330657200280144,0.0,0.0,0.0,0.3907563928342694,0.6606974057623132,1.09864163750034,1.427761196424576,0.6949210002579579,6
0.7507112819468271,0.0,1.149512058475987,0.0,0.0,0.5848746264199182,0.1683778618987765,0.0,0.0,0.6946729886375552,3
0.5863648419067956,0.0,1.149512058475987,0.0,0.0,0.9039673642788216,0.4986718890691056,1.0368224148220306,1.3025175370208548,0.6936808387611944,1
0.9144457304015104,0.0,0.0,0.0,0.0,0.0648287652914804,0.6216146055503267,0.0,0.0,0.6931847017585828,0
-0.5899469259748931,0.0,0.0,0.0,0.0,-0.2346128228402997,0.1145274825220776,0.0,0.0,0.6929366177342698,0
-0.0520677742538134,0.0,0.0,0.0,0.0,-1.3513954655373794,-1.2436386091883012,0.0,0.0,0.6919441781042611,7
-1.0469108322655525,0.0,0.0,0.0,0.0,-1.3513954655373794,-1.2436386091883012,0.0,0.0,0.691447896141957,2
-0.1858994286965368,0.0,0.0,0.0,0.0,-0.7278888609680588,-0.8610819189340483,1.0180943570563885,1.218213644014002,0.6909515727270396,4
0.7361144999943495,0.0,1.149512058475987,0.0,0.0,0.6771444751126452,0.2703350774754977,0.0,0.0,0.6894623536083265,3
-0.0228129171910735,0.0,1.0,0.0,0.0,0.3345142605534842,0.2703350774754977,0.0,0.0,0.6884693333090761,3
0.5676325137302276,0.0,0.0,0.0,0.0,0.0207359852567631,-0.2657509156119179,1.0648370576179522,1.3685309911523162,0.6911997396170636,4
-0.4878208576008602,0.0,0.0,0.0,0.0,-0.9674664273370568,-1.022273554629209,0.0,0.0,0.6874761468189631,0
0.1014747907485878,0.0,1.2380816024689916,0.0,0.0,0.9511254207864598,0.2703350774754977,1.0629354125627657,1.218213644014002,0.6864827940108412,1
0.4452966187275147,0.0,1.0,0.0,0.0,0.4188158791506274,0.2703350774754977,0.0,0.0,0.6981442115047616,3
-0.3287241349020654,0.0,0.0,0.0,0.0,-0.8634724124784553,-0.516595772466355,0.0,0.0,0.6864827940108412,0
0.3808581893758151,0.0,1.149512058475987,0.0,0.0,0.7765880490257971,0.4986718890691056,1.0668834419714768,1.344436979171577,0.6849924526738339,1
2.482368103757062,0.0,1.2380816024689916,0.0,0.0,1.8066785346020184,0.3187811813373079,1.074185055291269,1.3837532157583627,0.9182322385284498,1
1.4172711940731306,0.0,1.2380816024689916,0.0,0.0,0.9762032776585476,0.4112898545757565,1.022831460331992,1.0,0.9182322385284498,1
0.4683652772561202,0.0,0.0,0.0,0.0,-0.1510359847223108,0.1683778618987765,0.0,0.0,0.916796406758558,0
0.0771973775996346,0.0,1.149512058475987,0.0,0.0,0.7143385123004227,0.1145274825220776,0.0,0.0,0.9160783723104268,3
1.1646777787637144,0.0,1.149512058475987,0.0,0.0,0.8936618507264878,0.4555743605292723,1.022831460331992,1.0,0.9148814724435234,1
1.138098048436832,0.0,1.0,0.0,0.0,0.4079389719883839,0.0,0.0,0.0,0.914402650937002,3
0.0155628028579881,0.0,1.0,0.0,0.0,0.2039556296639026,0.0,0.0,0.0,0.9132054431679192,3
1.1964323429755197,0.0,1.2380816024689916,0.0,0.0,0.9670803974971172,0.4555743605292723,0.0,0.0,0.9115289823946626,3
0.0521450023177905,0.0,0.0,0.0,0.0,-0.0699569987570379,0.0,0.0,0.0,0.911768503228308,0
0.306494743184568,0.0,1.0,0.0,0.0,0.3749968432828247,0.3657267131137707,0.0,0.0,0.9081747643221386,3
0.6996965560120322,0.0,1.2380816024689916,0.0,0.0,0.9222647332284016,0.2703350774754977,1.0629354125627657,1.0,0.9081747643221386,1
0.877628499505392,0.0,0.0,0.0,0.0,0.3774644341533363,-0.4260189459579204,1.0853610057206151,1.218213644014002,0.9081747643221386,4
-0.7984748370366463,0.0,1.149512058475987,0.0,0.0,0.6046565424093626,0.3657267131137707,0.0,0.0,0.9064970060036752,3
0.4091384671661732,0.0,1.0,0.0,0.0,0.2984119050932151,0.3187811813373079,0.0,0.0,0.916796406758558,3
0.3139885777881001,0.0,0.0,0.0,0.0,-0.8836236823973103,-0.4260189459579204,0.0,0.0,0.9043392510614252,0
0.5314281291298106,0.0,0.0,0.0,0.0,-0.1055206799220204,0.3187811813373079,0.0,0.0,0.904818814149162,0
1.6803778270676797,0.0,1.2380816024689916,0.0,0.0,1.0985041833389595,0.1683778618987765,0.0,0.0,0.9043392510614252,3
1.6069496496797055,0.0,1.149512058475987,0.0,0.0,0.803762553847599,0.2202528561873677,0.0,0.0,0.9031401882463176,3
-0.4059434568672008,0.0,1.149512058475987,0.0,0.0,0.8111325576350104,0.4112898545757565,1.0368224148220306,1.218213644014002,0.9026605010505286,1
0.3319986010069724,0.0,1.2380816024689916,0.0,0.0,1.035694772679189,0.0584867836105745,0.0,0.0,0.901461127781782,3
-0.1138271551579542,0.0,0.0,0.0,0.0,-1.3513954655373794,-1.2436386091883012,0.0,0.0,0.9026605010505286,7
1.5621136645052056,0.0,1.0,0.0,0.0,0.4878770831089987,-0.4260189459579204,1.049929575826221,1.218213644014002,0.8997816322411124,1
0.8591135234536517,0.0,0.0,0.0,0.0,0.3029480093489203,0.0584867836105745,1.0830672935472692,1.3837532157583627,0.8993016963882899,4
0.7011674206779641,0.0,1.149512058475987,0.0,0.0,0.7753088039217464,0.4555743605292723,0.0,0.0,0.9057778340390624,3
1.783664725200197,0.0,1.149512058475987,0.0,0.0,0.7906034392483787,0.3657267131137707,1.0462299458179467,1.344436979171577,0.9026605010505286,1
0.6114627816798165,0.0,0.0,0.0,0.0,0.0091049319071681,0.3657267131137707,0.9750538018491568,1.218213644014002,0.901940903716084,4
-0.2584616826890514,4.330657195913765,0.7106121022478595,0.0,0.0,0.0096378036487319,0.0,0.0,0.0,0.8964213338681694,9
0.2148198506270832,0.0,0.0,0.0,0.0,-0.7077869673735322,-1.022273554629209,0.0,0.0,0.8952208042616439,0
-1.007264617550304,0.0,0.0,0.0,0.0,-0.5357249222813213,-0.3428838574068739,1.0394896384476304,1.344436979171577,0.9026605010505286,4
0.0698105757128633,0.0,0.0,0.0,0.0,0.1498148000846314,0.6989246298564699,0.0,0.0,0.894260220056212,0
0.7420728977869178,0.0,1.0,0.0,0.0,0.3403345797804399,0.2202528561873677,1.0629354125627657,1.3025175370208548,0.8935396882017645,1
-0.1641635320675316,0.0,0.0,0.0,0.0,-1.0525103976331662,-1.022273554629209,0.8663642547672894,1.0,0.9012212264967272,4
-0.8684109717942912,0.0,0.7106121022478595,0.0,0.0,0.0768178287784339,0.1145274825220776,0.0,0.0,0.8925788540508601,3
0.0924515657108025,0.0,1.0,0.0,0.0,0.4859126675583263,0.2703350774754977,0.0,0.0,0.8925788540508601,3
0.4883320027690996,0.0,1.0,0.0,0.0,0.1833950643007794,0.0584867836105745,0.0,0.0,0.8918581346258437,3
2.2073747551526592,0.0,1.149512058475987,0.0,0.0,0.9409013679833916,1.1353788601052053,1.0844025308711804,1.4165481093681518,0.8901761430131881,1
1.1328455868483551,0.0,0.0,0.0,0.0,-0.2567390261568691,-0.2657509156119179,0.0,0.0,0.8896954934522814,0
1.6978329353486714,0.0,1.2380816024689916,0.0,0.0,1.0893906925589445,0.8441827789462959,0.0,0.0,0.8880129378826642,3
0.3358256451359759,0.0,0.0,0.0,0.0,-0.2847052900525096,0.0584867836105745,0.9838811304184504,1.0,0.8868108435893842,4
0.7167314884949552,0.0,1.2380816024689916,0.0,0.0,1.907477356912105,0.8441827789462959,1.022831460331992,1.218213644014002,0.8863299430820077,1
0.8268352244838376,4.330656479785331,1.149512058475987,0.0,0.0,0.8008409649376285,1.0742563978161943,1.0872070665769829,1.423927592080586,0.9026605010505286,8
1.642352147424173,0.0,1.2380816024689916,0.0,0.0,1.328981452478457,0.5816230273987638,0.0,0.0,0.8846465085259784,3
0.128179985305601,4.3306572526438325,0.0,0.0,0.0,-1.3513954655373794,-1.2436386091883012,0.0,0.0,0.8841654463793558,9
-0.3367028063237097,0.0,0.0,0.0,0.0,-0.9674664273370568,-1.022273554629209,0.0,0.0,0.882962633689125,0
0.7807729808492497,0.0,0.0,0.0,0.0,-1.3513954655373794,-1.2436386091883012,0.0,0.0,0.882962633689125,7
-0.1679137560850361,0.0,1.2380816024689916,0.0,0.0,0.9860870398029056,0.6606974057623132,0.0,0.0,0.8817595960971872,3
0.6207416608181666,0.0,1.0,0.0,0.0,0.4021622865918944,0.4555743605292723,0.0,0.0,0.8817595960971872,3
-0.8829216127288266,0.0,0.0,3.816391647148976e-17,0.0,0.1732302319168358,0.2202528561873677,0.0,0.0,0.8812783180448799,5
0.6888796166211186,0.0,1.149512058475987,0.0,0.0,0.6912274592661003,0.2703350774754977,0.9565747954222968,1.0,0.8807970039652262,1
-0.0252382588506866,0.0,1.149512058475987,0.0,0.0,0.5477494397204762,0.1145274825220776,0.0,0.0,0.8800749652675082,3
-0.2474428283801414,0.0,0.7106121022478595,0.0,0.0,0.2525897909827821,0.4112898545757565,1.0608533667743183,1.41081075138084,0.8795935610655509,1
-0.5645135292112176,0.0,0.0,0.0,0.0,-0.7132532239292565,-0.8610819189340483,0.0,0.0,0.8791121207930781,0
0.8773079497125608,0.0,1.2380816024689916,0.0,0.0,1.1370439419448262,0.3187811813373079,1.022831460331992,1.0,0.8783898927251323,1
-0.0884130433910442,0.0,0.0,0.0,0.0,-1.3513954655373794,-1.2436386091883012,0.0,0.0,0.8779083622223193,7
0.1124811328727074,0.0,0.0,0.0,0.0,-0.3577972341308604,-0.193584983678676,0.0,0.0,0.8750184203826626,0
0.5338820001566447,0.0,1.2380816024689916,0.0,0.0,1.227722598684026,0.8089350854960184,1.05924839928511,1.344436979171577,0.8889744519579676,1
-0.3685899327874908,4.330657067890502,0.0,0.0,0.0,-0.2182694802750459,0.0,1.0546270911177729,1.3025175370208548,0.8767043779404364,6
-0.273254006233921,0.0,1.0,0.0,0.0,0.3632001283961016,0.3187811813373079,0.0,0.0,0.8904164543676223,3
-0.9941629253232764,0.0,0.0,0.0,0.0,-1.3513954655373794,-1.2436386091883012,0.0,0.0,0.8767043779404364,2
1.0929394672939183,0.0,1.2380816024689916,0.0,0.0,1.2774650176830478,0.946135927825118,1.0306204699037194,1.344436979171577,0.8757410278729094,1
-0.1892960362788492,0.0,0.0,0.0,0.0,-0.2853923690608262,-0.2657509156119179,0.0,0.0,0.8757410278729094,0
1.1057199321340212,0.0,0.0,0.0,0.0,-0.144793718558981,0.1145274825220776,0.0,0.0,0.8841654463793558,0
-0.90395321750761,0.0,1.0,0.0,0.0,0.4115426664234828,0.1683778618987765,0.0,0.0,0.8841654463793558,3
-0.8084309120972953,0.0,0.0,0.0,0.0,-0.310485162049046,-1.022273554629209,1.0787351585642642,1.0,0.8841654463793558,4
0.6600625154655002,0.0,1.149512058475987,0.0,0.0,0.5541186149046866,0.1145274825220776,0.0,0.0,0.8740548170632124,3
-1.6599107078567936,0.0,0.0,0.0,0.0,-0.5338710862403588,-0.193584983678676,0.0,0.0,0.8841654463793558,0
0.21006616844329,0.0,0.0,0.0,0.0,-0.0050707078421628,-0.6167169445693365,0.0,0.0,0.8711631375943997,0
1.0427614086792958,0.0,1.0,0.0,0.0,0.4959810996919635,0.4986718890691056,0.0,0.0,0.8699578857462534,3
0.828956367734492,0.0,1.149512058475987,0.0,0.0,0.8189680097408434,0.1683778618987765,0.0,0.0,0.8694757214597264,3
2.836031739537012,4.3306572652891,1.2380816024689916,0.0,0.0,1.2172963796474598,0.878778350041491,1.0816155233031712,1.394034397226019,0.8767043779404364,8
1.199694581771608,0.0,1.2380816024689916,0.0,0.0,1.0480342219506245,0.9789536507197586,1.0269662977944063,1.218213644014002,0.8767043779404364,1
0.3623389804301515,0.0,0.0,0.0,0.0,-0.3052666337569913,-0.1256132043464057,0.988153482273682,1.0,0.8689935208417244,4
-0.4455427152301436,0.0,0.0,0.0,0.0,-0.6257406946473614,-0.4260189459579204,0.0,0.0,0.8767043779404364,0
1.063175897099822,0.0,1.0,0.0,0.0,0.153925094289979,0.1145274825220776,0.0,0.0,0.8644108005434247,3
0.5502678527652538,0.0,0.7106121022478595,0.0,0.0,-0.0870434011600439,-0.0612410630353533,0.0,0.0,0.8767043779404364,-1
0.6788600516182173,0.0,0.0,3.816391647148976e-17,0.0,-0.0372251559268603,-0.0612410630353533,0.0,0.0,0.8644108005434247,5
0.6907266957647314,0.0,1.149512058475987,0.0,0.0,0.6963405652574483,0.1683778618987765,0.988153482273682,1.0,0.8767043779404364,1
0.1400425207465713,0.0,0.7106121022478595,0.0,0.0,-0.0003462033111809,0.1683778618987765,0.998116281742044,1.218213644014002,0.8644108005434247,1
0.8816358768499923,0.0,1.2380816024689916,0.0,0.0,0.9558291547390466,0.1683778618987765,0.0,0.0,0.8627216009407157,3
0.7735417038613323,0.0,1.0,0.0,0.0,0.4927019440966235,0.0584867836105745,0.0,0.0,0.8641695136744744,3
0.4181064593508728,0.0,1.2380816024689916,0.0,0.0,0.9344171939975264,0.4986718890691056,0.0,0.0,0.8615147560224974,3
-0.3962173238207288,0.0,0.0,0.0,0.0,-0.0597340290202907,0.1683778618987765,0.0,0.0,0.8615147560224974,0
-0.3477725243751094,0.0,0.7106121022478595,0.0,0.0,0.0727699667363564,0.0584867836105745,0.0,0.0,0.8593418595494847,3
-0.7456529131071434,0.0,0.7106121022478595,0.0,0.0,0.0850194419188803,0.0584867836105745,0.0,0.0,0.8598247894344354,3
1.0140936693332934,0.0,0.7106121022478595,0.0,0.0,0.3980428491644731,0.2703350774754977,0.993043002583986,1.0,0.8598247894344354,1
0.0434557176143184,0.0,0.0,0.0,0.0,-0.2682987425518662,0.0,1.022831460331992,1.0,0.8576513166769196,4
1.3793719811018017,0.0,0.0,0.0,0.0,0.0602000025010963,0.3187811813373079,1.022831460331992,1.0,0.8619975213828968,4
-0.201170736151839,0.0,1.2380816024689916,0.0,0.0,1.2648739783597682,1.0429915279268975,1.0966635394360238,1.4248002454769926,0.8508846513050727,1
-0.5881349925873066,0.0,0.0,0.0,0.0,-0.2053619418925313,-0.4260189459579204,0.0,0.0,0.8619975213828968,0
0.9291583163902126,0.0,1.2380816024689916,0.0,0.0,1.2056054192089918,0.6216146055503267,0.0,0.0,0.8619975213828968,3
-1.4991639294143884,0.0,0.7106121022478595,0.0,0.0,-0.1226061177495553,0.1145274825220776,0.0,0.0,0.8542688838589927,3
1.1930408847294525,0.0,1.149512058475987,0.0,0.0,0.7611671398263355,0.0584867836105745,0.0,0.0,0.8530604362050221,3
0.6888425116305221,0.0,1.2380816024689916,0.0,0.0,1.0258749280926194,1.0429915279268975,1.074185055291269,1.423927592080586,0.8494337138996656,1
1.816474890845881,0.0,1.2380816024689916,0.0,0.0,1.5138414202687234,0.4986718890691056,0.0,0.0,0.8479824447795383,3
-0.6999537103229462,0.0,1.149512058475987,0.0,0.0,0.9299075882289152,0.3657267131137707,1.086782025960933,1.4140046247801077,0.8545105458364531,1
0.9867904185079502,0.0,0.0,0.0,0.0,-0.103580606992926,-0.193584983678676,1.0736033659228592,1.3837532157583627,0.8470147475756202,4
-0.5985993641982311,0.0,0.0,0.0,0.0,-0.1620839620229534,-0.193584983678676,0.0,0.0,0.8511264419802436,0
0.5105096252183267,0.0,1.2380816024689916,0.0,0.0,0.9779274891382956,0.1145274825220776,0.0,0.0,0.8470147475756202,3
0.4781353890464175,0.0,0.7106121022478595,0.0,0.0,0.1077225532040827,0.0584867836105745,0.8663642547672894,1.0,0.8619975213828968,1
0.2433246821399061,0.0,0.0,0.0,0.0,-0.4028960032066404,-0.2657509156119179,0.0,0.0,0.8545105458364531,0
-0.2195232255576554,0.0,0.0,0.0,0.0,-0.0690911384023916,0.878778350041491,0.0,0.0,0.8462888777595305,0
0.4669155025343703,0.0,1.0,0.0,0.0,0.4440252931524475,0.2703350774754977,1.0515961795290998,1.218213644014002,0.8619975213828968,1
0.0302237594850294,0.0,1.0,0.0,0.0,0.2767675666603092,0.1683778618987765,0.0,0.0,0.8458049183755444,3
0.5346885185416035,0.0,0.0,0.0,0.0,0.2100097247955169,-0.6167169445693365,0.0,0.0,0.8458049183755444,0
1.2226645646866017,0.0,1.2380816024689916,0.0,0.0,0.9828790087731916,0.0,0.0,0.0,0.8545105458364531,3
1.7253345426750175,0.0,0.0,0.0,0.0,0.0629307774355299,0.1145274825220776,1.0723842613166006,1.4067157636187435,0.8545105458364531,4
-0.3193394416666107,0.0,0.7106121022478595,0.0,0.0,0.2831723887770512,0.6606974057623132,0.0,0.0,0.8429003855935672,3
1.0800942898840928,0.0,0.0,0.0,0.0,-0.0450754844690776,-0.4260189459579204,1.022831460331992,1.0,0.8419319118884085,4
1.6791284676044058,0.0,1.2380816024689916,0.0,0.0,1.1170509898189604,0.3187811813373079,0.988153482273682,1.3025175370208548,0.8545105458364531,1
0.8614001615839886,0.0,0.0,0.0,0.0,-0.6701619795204677,-0.7296649225245023,1.022831460331992,1.0,0.8419319118884085,4
0.3221405110019793,0.0,0.0,0.0,0.0,-0.4980656773835537,0.0,0.0,0.0,0.8402367261681305,0
0.9342713549946968,0.0,0.7106121022478595,0.0,0.0,0.1626822783961743,0.0584867836105745,0.0,0.0,0.8545105458364531,3
0.0620041792877701,0.0,0.7106121022478595,0.0,0.0,0.1325790980571549,0.3187811813373079,0.9750538018491568,1.3025175370208548,0.8472566857181184,1
-0.1267219249642045,0.0,0.0,0.0,0.0,-0.0973814498977557,-0.516595772466355,1.0608533667743183,1.3025175370208548,0.8390256009893741,4
0.6033667728159089,0.0,1.0,0.0,0.0,0.4751323989438131,0.2202528561873677,0.0,0.0,0.8472566857181184,3
-0.1124742207952961,0.0,0.0,0.0,0.0,-1.3513954655373794,-1.2436386091883012,0.0,0.0,0.8373296357771042,7
-0.0001304607119269,0.0,0.0,0.0,0.0,-0.1937894977859246,-1.022273554629209,0.0,0.0,0.8472566857181184,0
0.1979257592538,0.0,1.149512058475987,0.0,0.0,0.8257951582646064,0.946135927825118,1.0481458543966122,1.344436979171577,0.8353908320805992,1
0.3185361508457559,0.0,1.2380816024689916,0.0,0.0,1.405283893251223,0.4986718890691056,0.0,0.0,0.8339363384109985,3
0.8407405419069235,0.0,1.0,0.0,0.0,0.3872062458909229,0.1683778618987765,0.0,0.0,0.8344212068886384,3
0.7054136027064734,0.0,1.2380816024689916,0.0,0.0,1.0352651008730152,-0.3428838574068739,0.0,0.0,0.8334514326614743,3
0.3216238536866041,0.0,1.2380816024689916,0.0,0.0,1.100062570631581,0.1683778618987765,0.0,0.0,0.8334514326614743,3
-0.5009143223148694,0.0,0.0,0.0,0.0,-0.3798059899413203,-0.6167169445693365,1.049929575826221,1.218213644014002,0.8327240041237615,4
0.1097537537958908,0.0,0.0,0.0,0.0,-1.3513954655373794,-1.2436386091883012,0.0,0.0,0.8322390051372264,7
3.1338211975058234,0.0,0.0,0.0,0.0,0.3408905585583456,0.878778350041491,1.0913857416313504,1.427761196424576,0.8322390051372264,4
-0.6850539966910406,0.0,0.0,0.0,0.0,-1.3513954655373794,-1.2436386091883012,0.0,0.0,0.8307837842186508,2
0.6958582889328307,0.0,1.0,0.0,0.0,0.2075253908896888,0.7730013276593265,0.0,0.0,0.8305412147209732,3
-1.5126596881086076,0.0,0.0,0.0,0.0,-0.5672988789182561,-0.8610819189340483,0.0,0.0,0.8300560477011931,0
-0.3816893548063674,0.0,1.2380816024689916,0.0,0.0,0.9455518593024766,0.1145274825220776,0.0,0.0,0.8293282270858005,3
0.9524624045254144,0.0,0.0,0.0,0.0,-0.1497103371972158,-0.6167169445693365,0.0,0.0,0.8288429665991972,0
0.0253078749709898,0.0,1.149512058475987,0.0,0.0,0.7290764379862048,0.3187811813373079,1.0441638598214986,1.218213644014002,0.8283576687028217,1
1.048982525901724,4.330657195913765,0.0,0.0,0.0,0.0608950146564615,-0.193584983678676,0.0,0.0,0.8283576687028217,9
0.8939325206518859,0.0,0.0,0.0,0.0,-0.103580606992926,-0.2657509156119179,1.058558970906916,1.3685309911523162,0.8266588312732003,4
0.3994543666789196,0.0,1.149512058475987,0.0,0.0,0.7021563078639663,0.1145274825220776,0.0,0.0,0.8266588312732003,3
0.5486834398680042,0.0,1.149512058475987,0.0,0.0,0.824346136033524,0.4112898545757565,1.074849271975841,1.3025175370208548,0.8441107694370265,1
-0.1456315579470932,0.0,1.2380816024689916,0.0,0.0,1.0442812602622973,0.2703350774754977,0.0,0.0,0.8254450949807258,3
0.2445483087770595,0.0,0.7106121022478595,0.0,0.0,0.1707700037750441,0.5816230273987638,0.0,0.0,0.8249595348464556,3
0.7990202629884502,0.0,1.2380816024689916,0.0,0.0,0.9462533287255408,0.3657267131137707,0.0,0.0,0.8242311242994607,3
0.0352321007973623,0.0,1.149512058475987,0.0,0.0,0.7116412955967206,0.1683778618987765,0.0,0.0,0.8232597788554694,3
1.996784929649076,0.0,1.2380816024689916,0.0,0.0,1.033816467364989,0.2202528561873677,1.049929575826221,1.218213644014002,0.8225311711784538,1
0.8421318905020897,0.0,1.2380816024689916,0.0,0.0,1.2475889466969303,0.2703350774754977,1.022831460331992,1.0,0.8191298832365465,1
1.4079609300044256,0.0,1.2380816024689916,0.0,0.0,1.1754587918427473,0.4112898545757565,0.0,0.0,0.8312688951977972,3
-0.7136357348950162,0.0,0.0,0.0,0.0,-0.203608555340011,0.2703350774754977,0.0,0.0,0.8191298832365465,0
-0.5517494574037225,0.0,0.0,0.0,0.0,-1.3513954655373794,-1.2436386091883012,0.0,0.0,0.8191298832365465,2
0.8201003185873709,0.0,1.149512058475987,0.0,0.0,0.74241959398769,0.1145274825220776,0.0,0.0,0.8252023196021931,3
0.191592566320308,4.330655285737183,1.149512058475987,0.0,0.0,0.7246009913858293,0.2202528561873677,0.9565747954222968,1.0,0.818643834365977,8
1.231641606643107,0.0,1.0,0.0,0.0,0.4211470667323377,0.2202528561873677,0.0,0.0,0.816942366436038,3
0.8591186339646683,0.0,1.149512058475987,0.0,0.0,0.7732973366619705,0.8089350854960184,1.0758297846558222,1.4186096146759073,0.8174285472740684,1
-0.1117143065077234,0.0,0.0,0.0,0.0,-1.3513954655373794,-1.2436386091883012,0.0,0.0,0.816942366436038,7
-0.255726753135559,0.0,0.0,0.0,0.0,-0.6257406946473614,-0.6167169445693365,1.0394896384476304,1.344436979171577,0.8198588859060496,4
-0.980305149304201,0.0,0.0,0.0,0.0,-0.0035236662011463,0.0,0.0,0.0,0.8164561478629385,0
1.1563952726066384,0.0,1.149512058475987,0.0,0.0,0.856909388438447,0.4112898545757565,0.0,0.0,0.8157267492207543,3
1.591226536173809,0.0,1.149512058475987,0.0,0.0,0.5696251287900885,0.6989246298564699,0.0,0.0,0.8152404362514074,3
0.7283318106181405,0.0,1.0,0.0,0.0,0.2778733597590334,-0.193584983678676,0.0,0.0,0.8135380432377742,3
0.5206991194627687,0.0,1.149512058475987,0.0,0.0,0.8884107107040015,0.5816230273987638,0.0,0.0,0.8123217645445562,3
0.715856336614474,0.0,0.0,0.0,0.0,0.0149330135991717,0.2202528561873677,0.0,0.0,0.8113485712185292,0
1.6353496686998823,4.330657273535718,0.0,0.0,0.0,0.0393164721234566,0.6216146055503267,1.0828995695486157,1.4217198523711672,0.8426582810579958,6
0.6511522392647293,0.0,0.7106121022478595,0.0,0.0,0.0194105516713314,-0.3428838574068739,0.0,0.0,0.8101318664198955,3
0.0468127599258518,0.0,0.0,0.0,0.0,-0.3798059899413203,-0.6167169445693365,1.022831460331992,1.0,0.8106185767699592,4
1.0015472169068051,0.0,1.149512058475987,0.0,0.0,0.6075415161551986,0.1683778618987765,0.0,0.0,0.8089149246010935,3
-0.4308457704626737,0.0,1.149512058475987,0.0,0.0,0.7126746784583962,0.2703350774754977,0.0,0.0,0.8084280814606514,3
0.2281148704096299,0.0,1.149512058475987,0.0,0.0,0.5792521223144934,0.2703350774754977,0.0,0.0,0.8079412003496871,3
2.2179121176308816,0.0,1.2380816024689916,0.0,0.0,1.395495837635886,0.4112898545757565,1.067405725798198,1.344436979171577,0.8079412003496871,1
1.0020988852053514,0.0,1.0,0.0,0.0,0.3585684970423957,0.0,1.049929575826221,1.218213644014002,0.8055062247630432,1
0.6952691278793459,4.330657259765598,0.0,0.0,0.0,0.0939362857803043,0.2202528561873677,1.0608533667743183,1.344436979171577,0.8184007957984177,6
-0.5419600345962995,0.0,0.0,0.0,0.0,-0.5627380187757388,-1.022273554629209,0.0,0.0,0.8055062247630432,0
0.2686119851494715,0.0,0.0,0.0,0.0,-0.2002824160710179,-0.1256132043464057,0.0,0.0,0.8252023196021931,0
2.2868554947113275,0.0,0.0,0.0,0.0,0.1732647983783845,-0.7296649225245023,1.0123446312553674,1.0,0.8028266528045547,4
0.1198389943443475,0.0,0.0,0.0,0.0,-0.034443075271142,-0.7296649225245023,0.0,0.0,0.8028266528045547,0
0.4458641442696683,0.0,1.0,0.0,0.0,0.2425799345451288,0.2703350774754977,0.0,0.0,0.8028266528045547,3
1.1094045350286592,0.0,1.0,0.0,0.0,0.6379849775795856,0.4112898545757565,1.049929575826221,1.218213644014002,0.8020956603824854,1
-0.4386271691756545,0.0,1.149512058475987,0.0,0.0,0.8810827919809056,0.2202528561873677,0.0,0.0,0.8103752263344868,3
1.360219066008708,0.0,0.0,0.0,0.0,0.4457536765892326,0.3657267131137707,1.1026378470027731,1.4229121222943435,0.8011208702968026,4
0.0980717564753277,0.0,1.0,0.0,0.0,0.1913309392486657,0.1145274825220776,0.0,0.0,0.8011208702968026,3
1.7908169755630048,0.0,0.0,0.0,0.0,-0.8263253208832083,-0.8610819189340483,0.989920921912559,1.218213644014002,0.7977079017843367,4
0.3514352605575565,0.0,0.7106121022478595,0.0,0.0,0.1867390216687988,0.4555743605292723,0.0,0.0,0.8242311242994607,3
1.647850441042758,0.0,1.2380816024689916,0.0,0.0,1.367796155627088,0.6606974057623132,1.0957399639575895,1.4013322872298857,0.8033139334247453,1
0.8049596264274214,0.0,1.2380816024689916,0.0,0.0,1.0034903637051868,0.7730013276593265,1.0306204699037194,1.344436979171577,0.8006334179991402,1
0.2712356314060248,0.0,0.0,0.0,0.0,-0.203608555340011,0.5406638713926494,0.0,0.0,0.7950249683620849,0
0.9697190088289106,0.0,1.2380816024689916,0.0,0.0,1.0316868212664516,-0.1256132043464057,0.0,0.0,0.7950249683620849,3
0.0673366456624629,0.0,0.0,0.0,0.0,-1.3513954655373794,-1.2436386091883012,0.0,0.0,0.7950249683620849,7
0.7718147933228627,0.0,1.0,0.0,0.0,0.3033806412840295,0.4555743605292723,0.9565747954222968,1.0,0.7918527331948434,1
-0.0107156831088317,0.0,0.0,0.0,0.0,-1.3513954655373794,-1.2436386091883012,0.0,0.0,0.7925849314593418,7
0.7738844384661412,0.0,1.149512058475987,0.0,0.0,0.799945129789502,0.3187811813373079,0.0,0.0,0.7879462140941484,3
1.3594015793201737,4.3306572993391885,1.149512058475987,0.0,0.0,0.9422926498434012,0.6989246298564699,1.049929575826221,1.218213644014002,0.7879462140941484,8
0.5992420260859327,4.330657114809953,1.149512058475987,0.0,0.0,0.7144483722243907,0.4986718890691056,0.0,0.0,0.7925849314593418,9
-0.1286027550450429,0.0,0.0,0.0,0.0,-1.3513954655373794,-1.2436386091883012,0.0,0.0,0.8052626749110694,7
0.0540354592834234,0.0,0.0,0.0,0.0,-0.4666110923155345,-0.516595772466355,0.0,0.0,0.7918527331948434,0
0.1646246329122596,0.0,1.0,0.0,0.0,0.5089042089707019,0.0,0.0,0.0,0.8397523039348036,3
0.981525460762473,0.0,1.149512058475987,0.0,0.0,1.0055180656713918,0.4112898545757565,0.9750538018491568,1.0,0.7901439341860714,1
-0.6495197606412229,0.0,0.7106121022478595,0.0,0.0,0.2890587067271099,1.1050458926679774,0.0,0.0,0.7901439341860714,3
-0.0663581310606639,0.0,0.0,0.0,0.0,-1.3513954655373794,-1.2436386091883012,0.0,0.0,0.8397523039348036,7
0.6481250285385965,0.0,0.0,0.0,2.740863092043355e-16,0.3900156929446798,-0.0612410630353533,0.0,0.0,0.7879462140941484,0
0.1435287897628021,0.0,0.0,0.0,0.0,-0.4666110923155345,-0.516595772466355,0.0,0.0,0.7874577258933909,0
0.2842760151377091,0.0,1.149512058475987,0.0,0.0,0.6987348295388175,-0.193584983678676,0.0,0.0,0.7874577258933909,3
0.5118024149698874,0.0,1.0,0.0,0.0,0.3540713013191237,0.1683778618987765,0.0,0.0,0.7857477134368817,3
1.0768284423413972,0.0,1.2380816024689916,0.0,0.0,0.9727714470798112,0.0,0.0,0.0,0.7857477134368817,3
0.8693584500106967,0.0,1.149512058475987,0.0,0.0,0.7159434208965393,0.1145274825220776,0.0,0.0,0.7857477134368817,3
0.4720703624100026,0.0,0.0,0.0,0.0,0.1687513847602189,-0.8610819189340483,0.0,0.0,0.7840372280194201,0
-0.5964510382099366,0.0,0.0,0.0,0.0,-0.5109376799694366,-0.7296649225245023,0.0,0.0,0.7955128606499619,0
0.6010024229164834,0.0,1.0,0.0,0.0,0.4272822189563368,0.1145274825220776,0.0,0.0,0.7823262690427785,3
1.4576255308386836,0.0,0.0,0.0,0.0,-0.9674664273370568,-1.022273554629209,0.9271671564532872,1.0,0.7823262690427785,4
-0.6545105196121126,0.0,0.0,0.0,0.0,-1.3513954655373794,-1.2436386091883012,0.0,0.0,0.7811038652217694,2
-0.0268295256983159,0.0,1.0,0.0,0.0,0.2696536162082925,0.4112898545757565,1.0657284073158733,1.3837532157583627,0.778902928012294,1
-0.3185688391773844,0.0,0.7106121022478595,0.0,0.0,0.0155548284060666,0.0584867836105745,0.0,0.0,0.778902928012294,3
0.856072791518137,0.0,0.0,0.0,0.0,-0.2802212051885875,-0.7296649225245023,1.049929575826221,1.218213644014002,0.778902928012294,4
1.1793264673455237,0.0,1.149512058475987,0.0,0.0,0.7472107440986242,0.1683778618987765,0.9565747954222968,1.218213644014002,0.7776798456558892,1
0.1077206742188543,0.0,0.0,0.0,0.0,-1.3513954655373794,-1.2436386091883012,0.0,0.0,0.7771905447552319,7
0.5288032978426702,0.0,0.0,0.0,0.0,-0.2623364470054548,0.0584867836105745,0.0,0.0,0.7764565205479739,0
-0.3960648834852935,0.0,0.0,0.0,0.0,0.2002627707395518,1.3362843900460843,1.0703997564388674,1.4067157636187435,0.7754776855325429,4
-0.7364237077734046,0.0,0.0,0.0,0.0,-0.9208823982699548,-1.022273554629209,0.0,0.0,0.7754776855325429,0
1.172564315064148,0.0,1.149512058475987,0.0,0.0,0.7207896300433879,0.1145274825220776,1.022831460331992,1.0,0.7747434571548876,1
-0.5655009894823979,0.0,0.0,0.0,0.0,-0.9013567642394932,-1.022273554629209,0.0,0.0,0.7737643497392105,0
-0.0741860773918706,0.0,0.7106121022478595,0.0,0.0,0.0662902490410502,0.0584867836105745,0.0,0.0,0.7720505367688452,3
0.4081321428847838,0.0,0.0,0.0,0.0,-0.7077869673735322,-1.022273554629209,1.022831460331992,1.0,0.7703362460136841,4
0.1432888623535663,0.0,0.0,0.0,0.0,-0.5627380187757388,-1.022273554629209,0.0,0.0,0.7703362460136841,0
-0.6272540515985897,0.0,0.0,0.0,0.0,-1.3513954655373794,-1.2436386091883012,0.0,0.0,0.7691114597584644,2
0.0194563034393969,0.0,0.0,0.0,0.0,-0.8486714277389374,-0.7296649225245023,0.0,0.0,0.7696014035642007,0
0.9209935162867764,0.0,1.2380816024689916,0.0,0.0,1.4383103928401697,0.4112898545757565,0.0,0.0,0.7696014035642007,3
0.7996317990659675,0.0,0.0,0.0,0.0,-0.030830788354035,0.1683778618987765,0.0,0.0,0.7691114597584644,0
0.6164911451112544,0.0,1.0,0.0,0.0,0.3961668529042447,0.6216146055503267,1.073732868331973,1.4165481093681518,0.7691114597584644,1
0.5314132804744665,0.0,1.2380816024689916,0.0,0.0,0.9936214514370498,0.6989246298564699,0.0,0.0,0.7678864292023085,3
0.8611197452885541,0.0,0.0,0.0,0.0,-1.3513954655373794,-1.2436386091883012,0.0,0.0,0.7686214768645823,7
-0.6023592062315865,0.0,0.7106121022478595,0.0,0.0,0.1439520974598681,0.3657267131137707,0.0,0.0,0.7673963485256925,3
-2.207249794903,0.0,0.0,0.0,0.0,0.5981581967370186,0.5816230273987638,1.093204987104214,1.4217198523711672,0.7669062287110107,4
-0.3884868177669026,0.0,0.0,0.0,0.0,-0.8008686164877915,-0.8610819189340483,0.9750538018491568,1.0,0.7656807578515096,4
0.8435367027214539,0.0,1.0,0.0,0.0,0.4283888441276786,0.4555743605292723,1.006052142399291,1.0,0.7634742929413946,1
-0.3349603375662995,0.0,0.0,0.0,0.0,-1.3513954655373794,-1.2436386091883012,0.0,0.0,0.7730299169314443,2
0.3723886570616039,0.0,1.149512058475987,0.0,0.0,0.7039860206400085,0.2703350774754977,0.0,0.0,0.7627386280658802,3
1.6218710303570698,0.0,1.2380816024689916,0.0,0.0,1.874437506890809,0.8089350854960184,1.0966441372171416,1.4186096146759073,0.7622481357258589,1
0.9485532411451336,0.0,0.0,3.816391647148976e-17,0.0,0.3096959581206506,0.0584867836105745,0.0,0.0,0.7617576040973284,5
0.4633806414239931,0.0,1.149512058475987,0.0,0.0,0.7752083702497156,0.4555743605292723,1.022831460331992,1.0,0.7583227814101096,1
1.8393731133921327,0.0,1.149512058475987,0.0,0.0,1.0284811641977474,0.6606974057623132,1.0648370576179522,1.3837532157583627,0.7583227814101096,1
-0.2562439070243777,0.0,1.2380816024689916,0.0,2.740863092043355e-16,1.3020044280352114,0.878778350041491,0.0,0.0,0.7583227814101096,1
0.286508845772877,0.0,1.0,0.0,0.0,0.3667818459049334,0.2202528561873677,0.0,0.0,0.7568501237753923,3
-0.1113093452205509,0.0,0.7106121022478595,0.0,0.0,0.1824113818329127,0.4555743605292723,0.0,0.0,0.7575864969464564,3
0.1409456531897658,0.0,1.149512058475987,0.0,0.0,0.5784399594255,0.3657267131137707,0.0,0.0,1.0733770847917044,3
1.0829994927016469,0.0,1.0,0.0,0.0,0.3594489884234715,0.1145274825220776,1.022831460331992,1.0,1.0733770847917044,1
0.5033559070352512,0.0,0.0,0.0,0.0,-0.5120826884545737,-0.2657509156119179,0.0,0.0,1.0733770847917044,0
0.4761318151703036,0.0,0.7106121022478595,0.0,0.0,0.1734030408063846,0.3187811813373079,1.0619187631672482,1.3685309911523162,1.0733770847917044,1
0.153503527757593,0.0,1.0,0.0,0.0,0.4270649879556152,0.1683778618987765,0.0,0.0,1.0733770847917044,3
-0.7572237269471348,0.0,0.0,3.816391647148976e-17,0.0,0.0844824874412523,0.4112898545757565,0.0,0.0,1.0733770847917044,5
-0.5397098742545294,0.0,0.0,0.0,0.0,-0.9208823982699548,-1.022273554629209,0.0,0.0,1.0733770847917044,0
0.662341251731962,0.0,0.0,0.0,0.0,-0.0014359744193056,0.3187811813373079,0.0,0.0,1.0733770847917044,0
-1.5939824052149392,0.0,0.0,0.0,0.0,-0.573102074646045,-0.193584983678676,0.0,0.0,1.0733770847917044,0
0.546913839193203,0.0,0.0,0.0,0.0,-0.392809711163643,-0.193584983678676,0.0,0.0,1.0733770847917044,0
-0.6018007729989046,0.0,0.0,0.0,0.0,-1.3513954655373794,-1.2436386091883012,0.0,0.0,1.0733770847917044,2
-0.5832380792996358,0.0,0.0,0.0,0.0,-0.5196309961491604,-0.6167169445693365,0.0,0.0,1.0733770847917044,0
-0.2874163038423332,0.0,0.0,0.0,0.0,-0.5831209412503668,-0.7296649225245023,0.0,0.0,1.0733770847917044,0
1.1085013387117602,0.0,0.7106121022478595,0.0,0.0,-0.0930336559125658,0.0584867836105745,0.0,0.0,1.0733770847917044,3
0.1744484406045339,0.0,0.0,0.0,0.0,-0.5573569779978139,-0.2657509156119179,1.0073181001224818,1.218213644014002,1.0733770847917044,4
0.7390987063884719,0.0,0.7106121022478595,0.0,0.0,0.0618923239095199,0.0,0.0,0.0,1.0733770847917044,3
-0.8687367386658343,0.0,0.0,0.0,0.0,-1.3513954655373794,-1.2436386091883012,0.0,0.0,1.0733770847917044,2
1.890927358077909,4.330657220866917,1.2380816024689916,0.0,0.0,1.294566568427502,0.878778350041491,1.0899416389572951,1.4186096146759073,1.0733770847917044,8
0.8407248966289771,0.0,1.2380816024689916,0.0,0.0,0.9671380038870724,0.2202528561873677,0.0,0.0,1.0733770847917044,3
-1.0216820037336212,0.0,0.0,0.0,0.0,-1.3513954655373794,-1.2436386091883012,0.0,0.0,1.0733770847917044,2
1.3260902702230983,0.0,0.0,0.0,0.0,-0.0619412414153022,-0.7296649225245023,0.0,0.0,1.0733770847917044,0
-1.0880648094868042,0.0,0.0,0.0,0.0,-1.3513954655373794,-1.2436386091883012,0.0,0.0,1.0733770847917044,2
-0.7781199535752764,0.0,0.0,0.0,0.0,-0.5022973523288712,-0.4260189459579204,0.0,0.0,1.0733770847917044,0
2.0807165968977537,0.0,1.2380816024689916,0.0,0.0,0.5194957088216705,1.4949492180089137,1.067405725798198,1.4203058441177223,1.0733770847917044,1
0.3050598545398873,0.0,1.149512058475987,0.0,0.0,0.715271747655451,0.1683778618987765,0.0,0.0,1.0733770847917044,3
0.6293857388509279,0.0,1.149512058475987,0.0,0.0,1.0326027692026232,1.0742563978161943,1.0939028586800357,1.423927592080586,1.0733770847917044,1
1.1855616399856463,0.0,1.2380816024689916,0.0,0.0,1.0947773305927757,0.2202528561873677,0.9750538018491568,1.218213644014002,1.0733770847917044,1
0.1951135969302763,0.0,0.0,0.0,0.0,-1.3513954655373794,-1.2436386091883012,0.0,0.0,1.0733770847917044,7
0.6257164117072846,0.0,0.7106121022478595,0.0,0.0,0.1398329041154282,0.2202528561873677,0.0,0.0,1.0733770847917044,3
0.2984182451300033,0.0,1.0,0.0,0.0,0.4697798765264562,0.0584867836105745,0.0,0.0,1.0733770847917044,3
0.3001698228536021,0.0,0.0,0.0,0.0,-0.8382216140887526,-0.7296649225245023,0.0,0.0,1.0733770847917044,0
0.7659283720338194,4.330657225463138,1.0,0.0,0.0,0.3143257073848449,-0.2657509156119179,0.0,0.0,1.0733770847917044,9
1.0873967361228023,4.330657032691272,0.0,0.0,0.0,-1.3513954655373794,-1.2436386091883012,0.0,0.0,1.0733770847917044,9
1.931155110020242,4.330657300024285,0.0,0.0,0.0,0.4903431675303783,0.6606974057623132,1.0999231942997938,1.4217198523711672,1.0733770847917044,6
-0.3602291976893445,0.0,0.0,0.0,0.0,-0.7077869673735322,-1.022273554629209,0.0,0.0,1.0733770847917044,0
1.0479533760459436,0.0,1.149512058475987,0.0,0.0,-0.2345268053096337,0.1683778618987765,0.0,0.0,1.0733770847917044,3
-0.4218859989435527,0.0,1.2380816024689916,0.0,0.0,1.451051658202022,0.2202528561873677,1.049929575826221,1.218213644014002,1.0733770847917044,1
0.682175274655774,0.0,1.2380816024689916,0.0,0.0,0.9944735034167328,0.1683778618987765,0.0,0.0,1.0733770847917044,3
0.688285748209709,0.0,1.149512058475987,0.0,0.0,0.5786769485108461,0.2703350774754977,1.0125842817931043,1.218213644014002,1.0717401543772953,1
0.2176932112048039,0.0,0.0,0.0,0.0,0.0826606684667794,-1.022273554629209,0.0,0.0,1.0717401543772953,0
1.86214897233448,0.0,1.2380816024689916,0.0,0.0,1.0415631859292684,0.5406638713926494,1.0368224148220306,1.218213644014002,1.0717401543772953,1
0.470108077046441,0.0,0.0,0.0,0.0,-0.3539825655573093,-0.4260189459579204,1.022831460331992,1.0,1.0717401543772953,4
0.3890999574695526,0.0,1.149512058475987,0.0,0.0,0.6950271011779154,0.5816230273987638,0.0,0.0,1.0717401543772953,3
1.273515966166595,0.0,0.0,0.0,0.0,-1.3513954655373794,-1.2436386091883012,0.0,0.0,1.0717401543772953,7
-0.5217408459945518,0.0,0.0,0.0,0.0,-1.3513954655373794,-1.2436386091883012,0.0,0.0,1.0717401543772953,2
0.099419546248423,0.0,0.0,0.0,0.0,-0.5627380187757388,-1.022273554629209,0.0,0.0,1.0717401543772953,0
0.8808877030008171,0.0,1.2380816024689916,0.0,0.0,0.9348485818428482,0.3187811813373079,0.0,0.0,1.0717401543772953,3
0.3581414178727127,0.0,0.0,0.0,0.0,-0.1497103371972158,-0.0612410630353533,1.0306204699037194,1.4013322872298857,1.0717401543772953,4
-1.4276193799136496,0.0,0.0,0.0,0.0,-1.3513954655373794,-1.2436386091883012,0.0,0.0,1.0717401543772953,2
0.5341928596676063,0.0,1.149512058475987,0.0,0.0,0.8271363429178036,0.4555743605292723,0.0,0.0,1.0717401543772953,3
1.5650173209065,0.0,1.149512058475987,0.0,0.0,1.511938800698461,0.7363445937263972,1.0619187631672482,1.3685309911523162,1.0717401543772953,1
0.0945895626995165,0.0,1.149512058475987,0.0,0.0,0.8589730246132797,0.0584867836105745,0.0,0.0,1.0717401543772953,3
-0.6659665101665004,0.0,0.0,0.0,0.0,-0.5627380187757388,-0.2657509156119179,0.0,0.0,1.0717401543772953,0
-0.3228863353452963,0.0,0.0,0.0,0.0,-0.3888568701487588,-0.4260189459579204,0.0,0.0,1.0717401543772953,0
0.7692943766398584,0.0,1.0,0.0,0.0,0.5078424632389723,0.8441827789462959,1.006052142399291,1.0,1.0717401543772953,1
-0.6231257827630503,0.0,0.0,0.0,0.0,-0.0619412414153022,-0.3428838574068739,1.08123225311969,1.3837532157583627,1.0717401543772953,4
-0.3480799811171288,0.0,0.7106121022478595,0.0,0.0,-0.0457860963208837,0.1145274825220776,0.0,0.0,1.0717401543772953,3
1.0554649533168563,0.0,1.0,0.0,0.0,0.7326943170481516,1.4949492180089137,1.067405725798198,1.4013322872298857,1.0717401543772953,1
0.6101909391027553,0.0,0.0,0.0,0.0,0.2227284566778559,-0.1256132043464057,1.0608533667743183,1.4013322872298857,1.0717401543772953,4
1.1984587121227768,0.0,1.0,0.0,0.0,0.4706282027874287,0.0584867836105745,0.0,0.0,1.0717401543772953,3
-0.6158057136198254,0.0,0.0,0.0,0.0,-0.9674664273370568,-1.022273554629209,0.0,0.0,1.0717401543772953,0
1.6355791203564434,0.0,1.0,0.0,0.0,0.4852826991397704,0.2202528561873677,1.022831460331992,1.0,1.0717401543772953,1
-0.7464468279418891,0.0,0.0,0.0,0.0,-0.4263484909305945,-0.6167169445693365,1.039944168455057,1.3025175370208548,1.0717401543772953,4
0.9839876254693676,0.0,1.149512058475987,0.0,0.0,0.7587408033158544,0.1145274825220776,0.0,0.0,1.0717401543772953,3
0.1308062001759403,0.0,0.0,0.0,0.0,-0.7077869673735322,-1.022273554629209,0.0,0.0,1.0717401543772953,0
1.013981306086165,0.0,1.0,0.0,0.0,0.4959617485951138,0.4986718890691056,0.0,0.0,1.0717401543772953,3
1.080819408845625,0.0,1.2380816024689916,0.0,0.0,0.9847473408460796,0.2202528561873677,0.0,0.0,1.0717401543772953,3
0.0817096312279606,0.0,0.0,0.0,0.0,-0.0345497599566651,0.3187811813373079,1.0481458543966122,1.3685309911523162,1.0717401543772953,4
-0.3787122259235032,0.0,0.0,0.0,0.0,-1.3513954655373794,-1.2436386091883012,0.0,0.0,1.0717401543772953,2
-0.1423130710709425,0.0,1.0,0.0,0.0,0.298057213169063,0.4112898545757565,0.9565747954222968,1.0,1.0717401543772953,1
0.9049490339456812,0.0,0.7106121022478595,0.0,0.0,0.0834067876671724,-0.0612410630353533,0.0,0.0,1.0717401543772953,3
0.0027199669625486,0.0,1.149512058475987,0.0,0.0,0.5766766696695659,0.1145274825220776,0.0,0.0,1.0630813628975733,3
0.1311353712741769,0.0,1.0,0.0,0.0,0.3401322685898664,0.1145274825220776,0.0,0.0,1.0595679447095734,3
0.3559702747179898,0.0,0.0,0.0,0.0,-0.1646761105441718,0.0,0.0,0.0,1.0574590333691596,0
0.8095599457393444,0.0,1.0,0.0,0.0,0.4083878564950031,0.1683778618987765,0.0,0.0,1.0574590333691596,3
-0.3014115912585941,0.0,0.7106121022478595,0.0,0.0,0.1175531048719582,0.0584867836105745,0.0,0.0,1.0574590333691596,3
-0.2303264454648454,0.0,0.0,0.0,0.0,-0.3296910800287715,-0.6167169445693365,0.0,0.0,1.0574590333691596,0
1.0435952157258597,0.0,0.0,0.0,0.0,-0.2810943280309443,0.1683778618987765,0.0,0.0,1.0574590333691596,0
1.6342271882054835,0.0,1.2380816024689916,0.0,0.0,1.4888345647539856,0.946135927825118,1.08123225311969,1.3837532157583627,1.0574590333691596,1
2.6689289847192392,4.330657226825038,1.2380816024689916,0.0,0.0,0.9769142865725432,0.6606974057623132,1.0778175216248964,1.4067157636187435,1.0574590333691596,8
1.799710074544406,0.0,1.2380816024689916,0.0,0.0,1.250598656662136,0.2703350774754977,0.0,0.0,1.0574590333691596,3
0.4366869210129392,0.0,0.0,0.0,0.0,-0.2171159294397971,0.4986718890691056,0.0,0.0,1.0574590333691596,0
0.4278103295794022,0.0,0.0,0.0,0.0,-0.3798059899413203,-0.516595772466355,1.0306204699037194,1.344436979171577,1.0574590333691596,4
-1.086536701686242,0.0,0.0,0.0,0.0,-0.9369838393770168,-1.022273554629209,0.0,0.0,1.0574590333691596,0
2.257116269283966,4.330657231211335,0.0,0.0,0.0,-0.1861034639724407,0.4112898545757565,1.076850654943709,1.4248002454769926,1.0574590333691596,6
0.0123192886172671,0.0,1.2380816024689916,0.0,0.0,1.00097099277513,0.0584867836105745,0.988153482273682,1.0,1.0574590333691596,1
0.1191583758991427,0.0,1.0,0.0,0.0,0.1893249198169777,0.1683778618987765,0.9271671564532872,1.0,1.0574590333691596,1
0.0339589053738438,0.0,0.0,0.0,0.0,-0.121367322990162,0.2202528561873677,1.0306204699037194,1.218213644014002,1.0574590333691596,4
0.9661822494159806,0.0,1.0,0.0,0.0,0.7469752593391763,1.5454793966481322,1.0966108090353832,1.427761196424576,1.039389607931537,1
1.2215270555285789,0.0,0.0,0.0,0.0,-0.1951887041479565,0.2202528561873677,0.0,0.0,1.0379795969701595,0
0.8784443917003663,0.0,1.149512058475987,0.0,0.0,0.5270265501187368,0.1145274825220776,1.022831460331992,1.0,1.036099129558502,1
1.3027121670121826,0.0,1.149512058475987,0.0,0.0,0.6478267188710054,0.4555743605292723,0.0,0.0,1.0382146190016543,3
0.4082095961549951,0.0,1.0,0.0,0.0,0.43688971862807,0.6606974057623132,1.071744731494726,1.394034397226019,1.0323366398460865,1
-0.0663898474187585,0.0,0.7106121022478595,0.0,0.0,0.050627925436217,0.4555743605292723,0.0,0.0,1.03068989761565,3
2.679941228178721,0.0,1.0,0.0,0.0,0.4741098661920903,0.1145274825220776,0.0,0.0,1.029042757291344,3
-0.7678777104267412,4.330655285737183,0.0,0.0,0.0,-0.3321368725700185,-1.022273554629209,0.0,0.0,1.026218160718381,9
0.5420594967526062,0.0,0.0,0.0,0.0,-0.0438754849310114,0.4555743605292723,1.0665838155427505,1.3685309911523162,1.023863433969127,4
0.2381774275112244,4.330657236079042,0.0,0.0,0.0,-0.5109376799694366,-0.7296649225245023,0.0,0.0,1.0215078910511266,9
-0.0364193279241869,0.0,1.0,0.0,0.0,0.37137101966176,0.0584867836105745,0.0,0.0,1.0196228682057649,3
0.4288768711216674,0.0,1.2380816024689916,0.0,0.0,1.2870558955628075,0.3657267131137707,1.0368224148220306,1.218213644014002,1.0172658529206122,1
0.4403782865058492,0.0,0.0,0.0,0.0,-0.1755826200262768,-0.4260189459579204,1.0648370576179522,1.344436979171577,1.03068989761565,4
2.74767958445555,4.330657271573691,0.0,0.0,0.0,-0.2096179791353564,0.3657267131137707,1.083411375551137,1.4248002454769926,1.0092458610249695,6
0.4592807462277709,0.0,1.0,0.0,0.0,0.2386627820708161,0.2202528561873677,1.006052142399291,1.218213644014002,1.0059407448750897,1
-1.3959385158549318,0.0,0.0,0.0,0.0,-0.1227367284726898,-0.1256132043464057,0.0,0.0,1.0042875798460498,0
0.0528342172643014,0.0,0.0,0.0,0.0,0.1104338376714951,1.0742563978161943,1.022831460331992,1.0,1.0014526395981045,4
-0.771318288313895,0.0,1.2380816024689916,0.0,0.0,1.125405783962064,0.878778350041491,1.0840787559660336,1.4165481093681518,0.999325651499912,1
-0.6911879494349223,0.0,0.0,0.0,0.0,-1.3513954655373794,-1.2436386091883012,0.0,0.0,0.995779177203161,2
0.7130572181166219,0.0,1.149512058475987,0.0,0.0,0.7105510693204987,0.4555743605292723,1.058558970906916,1.344436979171577,0.9934138215232527,1
-0.7660508096249589,0.0,0.0,0.0,0.0,-0.5109376799694366,-0.7296649225245023,0.0,0.0,1.0054684533342402,0
-1.4563409289032645,0.0,0.7106121022478595,0.0,0.0,0.0720495926987441,0.1145274825220776,0.0,0.0,0.9908109679392156,3
-0.7625950080281099,0.0,0.0,0.0,0.0,-1.3513954655373794,-1.2436386091883012,0.0,0.0,0.9893908040769352,2
-0.4001163483932343,0.0,0.0,0.0,0.0,-1.3513954655373794,-1.2436386091883012,0.0,0.0,0.9893908040769352,2
0.924369014153,0.0,1.2380816024689916,0.0,0.0,0.9426995996925692,0.6216146055503267,0.0,0.0,1.0285720725892713,3
1.1172742853925126,0.0,0.0,0.0,0.0,0.1641623850432824,0.946135927825118,1.0894950256672702,1.4165481093681518,1.0285720725892713,4
0.4573935085988776,0.0,1.149512058475987,0.0,0.0,0.6844677328675651,0.4986718890691056,0.0,0.0,1.0285720725892713,3
-0.4989809120585865,0.0,0.0,0.0,0.0,-1.3513954655373794,-1.2436386091883012,0.0,0.0,0.7115143325336579,2
1.1553190910367734,0.0,1.2380816024689916,0.0,0.0,1.264222618428933,0.3657267131137707,1.0269662977944063,1.218213644014002,0.6839986835132892,1
-0.7432335337763147,0.0,0.0,0.0,0.0,-0.9674664273370568,-1.022273554629209,0.0,0.0,0.6830047475883572,0
0.8274705030182669,0.0,1.2380816024689916,0.0,0.0,1.1381976505001306,0.7363445937263972,0.8663642547672894,1.0,0.681016374933445,1
0.9156763933559824,0.0,1.149512058475987,0.0,0.0,0.6403864733861666,0.0,0.0,0.0,0.6807677813620597,3
-1.7949407975925644,0.0,0.0,0.0,0.0,-0.1116487320773115,0.0584867836105745,0.0,0.0,0.6797733025684579,0
0.5198189275779318,0.0,0.0,0.0,0.0,-0.9674664273370568,-1.022273554629209,0.0,0.0,0.6832532472107447,0
-0.4961950542604265,0.0,0.0,0.0,0.0,-0.2524813355625301,0.0584867836105745,0.0,0.0,0.677535113362208,0
2.43643230199234,4.330656927309901,1.2380816024689916,0.0,0.0,1.2732239851270153,0.7730013276593265,1.0441638598214986,1.344436979171577,0.6772863733247738,8
-0.823160253623137,4.330655928545408,0.0,0.0,0.0,0.1356050279385028,0.946135927825118,1.08123225311969,1.4285306451176016,0.6770376228103835,6
0.8541581619980831,0.0,1.149512058475987,0.0,0.0,0.8788979418459287,0.4986718890691056,1.006052142399291,1.218213644014002,0.6762913083853103,1
-0.2998889525438478,0.0,0.0,0.0,0.0,-0.1105048999747424,-0.4260189459579204,0.0,0.0,0.675793713013496,0
0.3793977214355577,0.0,1.149512058475987,0.0,0.0,0.567475166248251,0.2703350774754977,0.0,0.0,0.675793713013496,3
1.5462624416615751,0.0,1.2380816024689916,0.0,0.0,1.0040846242616217,0.2202528561873677,0.0,0.0,0.6755448995950013,3
-0.3760933579364046,0.0,0.0,0.0,0.0,0.0842758077580448,0.878778350041491,0.0,0.0,0.6745495409899542,0
0.2830518209948974,4.330657270537935,1.2380816024689916,0.0,0.0,1.0748804380130423,0.8089350854960184,1.0778175216248964,1.394034397226019,0.6738029118019132,8
0.7777521420943064,0.0,1.149512058475987,0.0,0.0,0.8273460359624076,0.0584867836105745,0.0,0.0,0.6735540143981028,3
-1.3139076542600718,0.0,0.0,0.0,0.0,0.623338070774391,0.5816230273987638,1.0665838155427505,1.41081075138084,0.6725583196898416,4
-0.241157167853717,0.0,0.0,0.0,0.0,0.0476022034038327,0.2703350774754977,0.0,0.0,0.6718114382541863,0
1.121042218599389,0.0,0.0,0.0,0.0,-0.190697472012184,-0.4260189459579204,1.0180943570563885,1.218213644014002,0.6710644621252345,4
0.2006944186413657,0.0,1.149512058475987,0.0,0.0,0.8433305450729636,0.1683778618987765,1.022831460331992,1.0,0.6705664254047828,1
-0.3167138941471057,0.0,0.0,0.0,0.0,-0.392809711163643,-1.022273554629209,0.0,0.0,0.6703173912481107,0
0.6267863043217655,0.0,0.0,0.0,0.0,-0.0172799300999588,-0.0612410630353533,0.0,0.0,0.6688229650295694,0
0.0041915483182221,0.0,0.0,0.0,0.0,-0.1265421096920583,0.0584867836105745,0.0,0.0,0.6675773198537565,0
0.1243160058365403,0.0,1.149512058475987,0.0,0.0,0.547358086314626,0.0584867836105745,0.0,0.0,0.6670789879049503,3
-0.2844354878330809,4.330655285737183,1.149512058475987,0.0,0.0,0.6667058619827886,0.2703350774754977,1.0462299458179467,1.3025175370208548,0.6658329731936549,8
-1.1020178127567934,0.0,1.149512058475987,0.0,0.0,0.8189562218400885,0.4986718890691056,0.0,0.0,0.6650852375380784,3
-0.5034812651986292,0.0,1.0,0.0,0.0,0.1949884924380251,0.0,0.0,0.0,0.686731147812145,3
1.7037487005510936,0.0,0.0,0.0,0.0,-0.3321368725700185,-1.022273554629209,0.0,0.0,0.6638387998865147,0
0.5520667205811739,4.330657200280144,1.2380816024689916,0.0,0.0,1.4246681315328786,1.2807778127702338,1.104345347163945,1.4294229069220834,0.6695702255678853,8
0.4606953914555673,4.330657281980421,1.2380816024689916,0.0,0.0,1.009974456015923,0.4112898545757565,1.049929575826221,1.218213644014002,0.6623427253162902,8
-0.5509118247332998,0.0,0.0,0.0,0.0,-0.6635769177752666,-0.6167169445693365,0.0,0.0,0.661345130313378,0
1.3253509981851472,0.0,1.2380816024689916,0.0,0.0,1.980683429018824,1.4432881067660903,1.08123225311969,1.3837532157583627,0.6603473655918352,1
-0.1913682590456487,0.0,1.0,0.0,0.0,0.3840788013683412,0.3187811813373079,0.0,0.0,0.6588503999983008,3
-0.5257527038486859,0.0,0.0,0.0,0.0,-0.1567355266753786,-0.7296649225245023,1.022831460331992,1.0,0.658351326464697,4
0.0816966285655491,0.0,1.149512058475987,0.0,0.0,0.8286493890385371,0.2703350774754977,0.0,0.0,0.6581017737506347,3
-0.4060723820291386,0.0,0.0,0.0,0.0,-1.3513954655373794,-1.2436386091883012,0.0,0.0,0.6568538506248992,2
-0.4997535847159919,0.0,0.0,0.0,0.0,-0.3676414530755336,-0.1256132043464057,0.0,0.0,0.6566042340741627,0
-0.2983256944406975,0.0,0.0,0.0,0.0,-0.3026847983156656,-0.0612410630353533,0.0,0.0,0.6760425159429255,0
0.2073636318636648,0.0,0.0,0.0,0.0,0.0184139902091555,0.4986718890691056,0.0,0.0,0.6325911657107346,0
-0.1284990952225548,0.0,0.0,0.0,0.0,-0.8302177412708251,-0.7296649225245023,0.0,0.0,0.5657801977509013,0
-0.5670510996898848,0.0,0.0,0.0,0.0,-0.8836236823973103,-1.022273554629209,0.0,0.0,0.6371011754537094,0
-0.2411369175437712,0.0,0.0,0.0,0.0,-0.034443075271142,-0.6167169445693365,1.022831460331992,1.0,0.602685957466926,4
1.098054789875223,0.0,0.0,0.0,0.0,0.3867638398589793,-0.516595772466355,0.0,0.0,0.543163616072996,0
0.8827071919984985,0.0,1.2380816024689916,0.0,0.0,1.219654920659027,0.4555743605292723,0.0,0.0,0.6561049690305106,3
0.2478405836993079,0.0,1.149512058475987,0.0,0.0,0.5130010866162087,0.1145274825220776,0.0,0.0,0.6728072591349146,3
-0.8889648366584079,0.0,0.0,0.0,0.0,-0.3862466287223737,-0.2657509156119179,1.058558970906916,1.218213644014002,0.6830047475883572,4
1.2896695896574584,0.0,1.0,0.0,0.0,0.5968932750431034,0.9127530921308108,1.0971207177877589,1.4229121222943435,0.6546069182126353,1
0.7118290496595092,0.0,1.0,0.0,0.0,0.3774644341533363,0.0584867836105745,0.0,0.0,0.6533582493087597,3
0.4184379995115395,0.0,0.7106121022478595,0.0,0.0,0.0286568248125731,0.0,1.006052142399291,1.0,0.6640881085822941,1
-0.6472269331676221,0.0,0.0,0.0,0.0,-0.1337879219607923,0.4112898545757565,0.0,0.0,0.6441097886012503,0
-2.322420774200442,0.0,0.0,0.0,0.0,-0.8753198122448439,-0.8610819189340483,0.0,0.0,0.6411071320904628,0
0.9992933874722606,0.0,1.0,0.0,0.0,0.4809138783721028,0.2703350774754977,0.0,0.0,0.6531084835151205,3
-0.4593998526899329,0.0,0.0,0.0,0.0,-0.2802212051885875,-1.022273554629209,0.0,0.0,0.6528587070456648,0
-0.4845301752852026,0.0,0.0,0.0,0.0,-1.3513954655373794,-1.2436386091883012,0.0,0.0,0.651609664488138,2
1.1414036710457434,0.0,0.0,0.0,0.0,-0.7077869673735322,-1.022273554629209,0.0,0.0,0.651609664488138,0
-0.2586485476146581,0.0,0.0,0.0,0.0,-0.6300113943996929,-0.4260189459579204,1.022831460331992,1.0,0.6581017737506347,4
-1.1804850092065946,0.0,0.0,0.0,0.0,-0.806667994294748,-1.022273554629209,0.0,0.0,0.6556056613834502,0
-0.0398834279508178,0.0,1.0,0.0,0.0,0.2157078077730171,0.0,0.0,0.0,0.6496106404937464,3
1.6304707504028602,0.0,0.7106121022478595,3.816391647148976e-17,0.0,0.4627450200299782,0.6216146055503267,0.978855706631081,1.0,0.6491107774862792,5
0.9901613226712368,0.0,0.0,0.0,0.0,0.025439104545358,-0.0612410630353533,1.0481458543966122,1.344436979171577,0.6491107774862792,4
0.3269562606760938,0.0,1.149512058475987,0.0,0.0,0.7588308215389269,0.1145274825220776,0.0,0.0,0.6481109229433862,3
0.3750453943236213,0.0,1.2380816024689916,0.0,0.0,1.0041577316999557,0.2703350774754977,0.0,0.0,0.6518594943679668,3
0.8572206598998845,0.0,1.0,0.0,0.0,0.4835863848189319,0.2202528561873677,1.033883362385476,1.218213644014002,0.6473609195081662,1
0.265723134740173,0.0,1.0,0.0,0.0,0.2658728872188699,0.2202528561873677,1.0419259054467114,1.3025175370208548,0.6496106404937464,1
-0.1152165466125366,0.0,1.149512058475987,0.0,0.0,0.7621659785099639,0.2202528561873677,0.0,0.0,0.6458606230340934,3
-2.123671598836316,0.0,0.0,0.0,0.0,-0.4504732070810026,-1.022273554629209,0.0,0.0,0.6456105360559974,0
0.1636318767290227,0.0,0.0,0.0,0.0,-1.3513954655373794,-1.2436386091883012,0.0,0.0,0.6443599400430804,7
-0.7384672992983113,0.0,0.0,0.0,0.0,-0.392809711163643,-1.022273554629209,0.0,0.0,0.6441097886012503,0
0.2722439951206156,0.0,1.149512058475987,0.0,0.0,0.58470701368793,0.0584867836105745,0.0,0.0,0.6466108195573251,3
0.4465627368969811,0.0,0.0,0.0,0.0,-0.1518054066450738,0.1145274825220776,0.0,0.0,0.6428588700797769,0
-0.2082843767828458,4.330656740150681,0.0,0.0,0.0,-0.3209338486966583,-0.3428838574068739,0.0,0.0,0.6423584273526596,9
0.55799484608315,0.0,1.2380816024689916,0.0,0.0,1.1473903450179803,0.5406638713926494,1.049929575826221,1.218213644014002,0.6413574126878757,1
0.116988746132639,0.0,0.0,0.0,0.0,-1.3513954655373794,-1.2436386091883012,0.0,0.0,0.6411071320904628,7
-0.4476535684845541,0.0,1.2380816024689916,0.0,0.0,1.1317306721607012,0.7363445937263972,1.0419259054467114,1.3025175370208548,0.6408568407163249,1
-1.315284541553892,0.0,0.0,0.0,0.0,-0.4960619387554842,-0.8610819189340483,0.0,0.0,0.6388541215065401,0
-0.7592943116348183,0.0,0.0,0.0,0.0,-0.3001208604860054,-0.4260189459579204,1.0419259054467114,1.3685309911523162,0.6466108195573251,4
-0.906731639312136,0.0,0.0,0.0,0.0,-0.8315310573768225,-0.8610819189340483,0.0,0.0,0.6358487468506524,0
0.6809904792259239,0.0,1.2380816024689916,0.0,0.0,0.8986221730806376,0.3657267131137707,1.0269662977944063,1.0,0.6406065385633427,1
0.0869058614284514,0.0,0.7106121022478595,0.0,0.0,0.1048773261228539,0.4986718890691056,0.988153482273682,1.0,0.6396052221205286,1
0.1947655754534485,0.0,0.0,0.0,0.0,-0.5627380187757388,-1.022273554629209,0.0,0.0,0.6473609195081662,0
-0.1552318692631511,0.0,0.0,0.0,0.0,-1.3513954655373794,-1.2436386091883012,0.0,0.0,0.6333430777716496,7
-0.6467393915265282,0.0,0.0,0.0,0.0,-1.3513954655373794,-1.2436386091883012,0.0,0.0,0.6305855893578464,2
-0.5941721308358858,0.0,0.0,0.0,0.0,-0.8315310573768225,-0.8610819189340483,0.0,0.0,0.628579317553696,0
0.3951027144032074,0.0,0.0,0.0,0.0,-1.3513954655373794,-1.2436386091883012,0.0,0.0,0.6225563183869611,7
0.4863213880055297,0.0,1.149512058475987,0.0,0.0,0.7335357045821905,0.0584867836105745,0.0,0.0,0.6388541215065401,3
-0.1945259142426212,0.0,0.0,0.0,0.0,-0.1968272982061285,-0.1256132043464057,0.0,0.0,0.6378525028696065,0
0.7743056532420574,4.330657301086741,0.0,0.0,0.0,-0.2455176867890694,0.0584867836105745,0.0,0.0,0.6373516287335728,9
0.7894270325596837,0.0,0.0,0.0,0.0,-0.0601293831138804,0.1683778618987765,0.0,0.0,0.6300840866484018,0
-0.8132998237260867,0.0,0.0,0.0,0.0,-1.3513954655373794,-1.2436386091883012,0.0,0.0,0.6263214291188179,2
-0.0793817504465651,0.0,1.0,0.0,0.0,0.3879738246607045,0.2703350774754977,0.0,0.0,0.6360992542055407,3
-0.0273707359157519,0.0,1.149512058475987,0.0,0.0,0.5656807554733003,-0.3428838574068739,0.998116281742044,1.0,0.6350971598489954,1
0.1436007534475475,4.330657172337235,1.0,0.0,0.0,0.7242221796095214,0.4112898545757565,1.0948239703362854,1.344436979171577,0.6360992542055407,8
-1.1069179141574466,0.0,0.0,0.0,0.0,-0.9674664273370568,-1.022273554629209,0.0,0.0,0.6268232583705867,0
-0.3649420909327565,0.0,0.0,0.0,0.0,-1.3513954655373794,-1.2436386091883012,0.0,0.0,0.6245646831760499,2
-0.7542653279592231,0.0,0.0,0.0,0.0,-1.3513954655373794,-1.2436386091883012,0.0,0.0,0.6213007350554623,2
0.0695727944373224,0.0,1.149512058475987,0.0,0.0,0.7645036961003079,0.7363445937263972,0.0,0.0,0.6195424585751695,3
1.5032945821466592,0.0,1.2380816024689916,0.0,0.0,0.9418060000870128,0.0,0.0,0.0,0.6353476996745159,3
0.9069493649156144,0.0,1.149512058475987,0.0,0.0,0.7709389445110891,0.1683778618987765,0.0,0.0,0.6456105360559974,3
-0.1358265027331137,0.0,1.149512058475987,0.0,0.0,0.5641410574061219,0.0584867836105745,0.0,0.0,0.6378525028696065,3
0.6806971506180616,0.0,1.2380816024689916,0.0,0.0,1.1884267404811422,0.6606974057623132,1.049929575826221,1.3837532157583627,0.6335936934368265,1
0.7338961704377357,0.0,1.149512058475987,0.0,0.0,0.5740735791804412,0.0584867836105745,0.0,0.0,0.6338442982613446,3
0.6503382576792992,0.0,1.0,0.0,0.0,0.3158075102279737,0.1145274825220776,0.0,0.0,0.6323405066614868,3
0.6783031614075675,0.0,0.0,0.0,0.0,-0.5206123079983815,-0.7296649225245023,1.0368224148220306,1.218213644014002,0.6320898367608595,4
-0.9701500114912364,0.0,1.0,0.0,0.0,0.4405320206984492,0.3187811813373079,0.0,0.0,0.6318391560067047,3
-0.2941160110764371,0.0,0.0,0.0,0.0,-0.1171565310058276,-0.8610819189340483,0.0,0.0,0.652359122070964,0
1.733797336597437,0.0,1.149512058475987,0.0,0.0,0.6782619374403344,0.2202528561873677,1.0648370576179522,1.3025175370208548,0.6305855893578464,1
-1.5435601559379757,0.0,0.0,0.0,0.0,-0.7278888609680588,-1.022273554629209,0.0,0.0,0.6320898367608595,0
0.0385984249621935,0.0,0.7106121022478595,0.0,0.0,0.4812510709208688,-0.1256132043464057,0.0,0.0,0.6290809507635626,3
0.999833221980504,0.0,0.0,0.0,0.0,0.5135653159775639,1.417011751987217,1.0837484482849882,1.4217198523711672,0.6283284846243542,4
-0.0237102651702488,4.330655285737183,0.0,0.0,0.0,0.1552161502941558,-0.3428838574068739,0.0,0.0,0.6270741566472201,9
-0.052487790817356,0.0,0.0,0.0,0.0,-0.2150643556657383,-0.193584983678676,0.0,0.0,0.6268232583705867,0
0.0428810652981419,0.0,1.0,0.0,0.0,0.26916448461774,0.0584867836105745,0.0,0.0,0.6273250440272364,3
0.6335932354282605,0.0,1.149512058475987,0.0,0.0,0.7068114924981805,0.3187811813373079,1.0629354125627657,1.3025175370208548,0.625568603462448,1
0.713201596046445,0.0,1.0,0.0,0.0,0.2006234104209502,0.1145274825220776,0.0,0.0,0.6250666651471264,3
0.8452818778836526,0.0,1.0,0.0,0.0,0.3243557337368582,0.2202528561873677,1.049929575826221,1.218213644014002,0.6253176397606726,1
1.527106923937399,0.0,1.149512058475987,0.0,0.0,0.8971978454457772,0.2202528561873677,0.0,0.0,0.6253176397606726,3
0.1449667906074875,0.0,1.149512058475987,0.0,0.0,0.8532807505405278,0.2703350774754977,1.0180943570563885,1.3025175370208548,0.6300840866484018,1
-0.2225534803174151,0.0,1.149512058475987,0.0,0.0,0.5694534029665175,0.1683778618987765,0.0,0.0,0.6160242934751531,3
0.7323612160878187,0.0,0.7106121022478595,0.0,0.0,-0.046717071408017,-0.2657509156119179,0.0,0.0,0.623058475154704,3
0.2348125767376385,4.330657272982428,0.7106121022478595,0.0,0.0,0.3893899830673231,0.878778350041491,1.1049145893463663,1.4294229069220834,0.6228074022375742,8
0.9825137883629236,0.0,1.2380816024689916,0.0,0.0,0.9033707430774024,0.1683778618987765,0.0,0.0,0.6220541178765794,3
1.5949205345542194,0.0,1.2380816024689916,0.0,0.0,1.1677337038160136,0.5406638713926494,1.0602563236030138,1.394034397226019,0.6215518736061445,1
0.6018505097603625,0.0,1.0,0.0,0.0,0.5115882261673802,0.6606974057623132,1.022831460331992,1.0,0.6180349369662698,1
0.2917807553349703,0.0,1.0,0.0,0.0,0.2611311698653075,0.0584867836105745,0.0,0.0,0.6175323419870319,3
-0.1532442500861342,0.0,1.149512058475987,0.0,0.0,0.5559114180217931,0.2202528561873677,1.006052142399291,1.0,0.6213007350554623,1
0.9270396617203982,0.0,0.0,0.0,0.0,-0.2076047411179315,-0.193584983678676,1.0180943570563885,1.344436979171577,0.6213007350554623,4
2.2627321025543203,0.0,1.149512058475987,0.0,0.0,0.5327923499917523,0.1683778618987765,0.8663642547672894,1.0,0.621049585558231,1
1.7071365038076691,4.330655923062989,1.2380816024689916,0.0,0.0,1.5692296202170857,1.1652729620405098,1.0865146037201432,1.42621575650091,0.6200448780602003,8
-0.505458164546734,0.0,0.0,0.0,0.0,-0.1479724911364366,0.6606974057623132,0.0,0.0,0.6300840866484018,0
-0.0231268652264678,0.0,0.0,0.0,0.0,-1.3513954655373794,-1.2436386091883012,0.0,0.0,0.6157729135955744,7
-0.0774954505008475,0.0,0.0,0.0,0.0,-0.0889705880149372,-0.193584983678676,0.0,0.0,0.6160242934751531,0
-0.5240523283891078,0.0,0.0,0.0,0.0,-1.3513954655373794,-1.2436386091883012,0.0,0.0,0.6142644033526264,2
-1.0625062961052114,0.0,0.0,0.0,0.0,-0.8126234108939935,-1.022273554629209,0.0,0.0,0.6130070087867078,0
0.3164100819467303,0.0,0.7106121022478595,0.0,0.0,0.0109914373719786,0.2202528561873677,0.0,0.0,0.6122524398379153,3
-0.1814019878446272,0.0,0.0,0.0,0.0,0.2040207538384153,-0.4260189459579204,1.033883362385476,1.218213644014002,0.6195424585751695,4
0.4284571370952038,0.0,1.0,0.0,0.0,0.474170063532643,0.1683778618987765,0.0,0.0,0.6185374880456985,3
0.3825291809608493,0.0,1.2380816024689916,0.0,0.0,1.0044318215586585,0.878778350041491,0.0,0.0,0.6185374880456985,3
-0.5986687871916195,0.0,0.0,0.0,0.0,-1.3513954655373794,-1.2436386091883012,0.0,0.0,0.621049585558231,2
0.1540598415125728,0.0,0.7106121022478595,0.0,0.0,0.2305237527036771,-0.6167169445693365,0.0,0.0,0.6238116283269313,3
-0.8696607434224701,0.0,0.0,0.0,0.0,-0.9108696839149778,-1.022273554629209,0.9565747954222968,1.0,0.6175323419870319,4
0.0925284839054586,0.0,0.0,0.0,0.0,-0.7077869673735322,-1.022273554629209,1.022831460331992,1.0,0.6122524398379153,4
-0.7897741197115149,0.0,0.0,0.0,0.0,-1.3513954655373794,-1.2436386091883012,0.0,0.0,0.6079746730343047,2
-0.5891257837086166,0.0,0.0,0.0,0.0,-1.3513954655373794,-1.2436386091883012,0.0,0.0,0.5951221451917736,2
-0.5487904453697805,0.0,0.0,0.0,0.0,-1.3513954655373794,-1.2436386091883012,0.0,0.0,0.5673016303804437,2
-0.3068455143401067,0.0,1.0,0.0,0.0,0.2891696824378613,0.1683778618987765,0.0,0.0,0.5490171313817153,3
-1.2916666064265323,0.0,0.0,0.0,0.0,-0.637281061059662,-1.022273554629209,0.0,0.0,0.5278644696481364,0
1.5485762449290998,0.0,0.0,0.0,0.0,0.1936614707396332,-0.4260189459579204,0.0,0.0,0.6162756623622355,0
0.8926132225893106,4.330657043691282,1.0,0.0,0.0,0.3255773372818358,0.2202528561873677,0.8663642547672894,1.0,0.6157729135955744,8
0.9150468457197808,0.0,0.0,0.0,0.0,0.046619137243026,0.3187811813373079,1.022831460331992,1.0,0.6150187079798934,4
1.2924233623863997,4.330657260956641,0.0,0.0,0.0,-0.0676518242355438,-0.6167169445693365,1.0125842817931043,1.0,0.6192912323910065,6
0.0733026401446433,0.0,1.149512058475987,0.0,0.0,0.7172710774149439,0.2202528561873677,1.022831460331992,1.0,0.6130070087867078,1
-0.1583587643957126,0.0,0.0,0.0,0.0,-0.144518447759706,-0.1256132043464057,0.9750538018491568,1.0,0.6132585097288852,4
-0.3101937824943851,0.0,0.0,0.0,0.0,-0.8794286369230228,-0.7296649225245023,0.0,0.0,0.6097364930142125,0
0.1002956044228947,0.0,0.0,0.0,0.0,-0.1383724088806097,0.1145274825220776,0.0,0.0,0.609233171148577,0
0.5448921330348901,0.0,1.0,0.0,0.0,0.4672682416223743,0.1683778618987765,0.0,0.0,0.6109946043832768,3
1.48729090622821,0.0,0.0,0.0,0.0,0.1936614707396332,-0.2657509156119179,1.0629354125627657,1.3025175370208548,0.6087298050746305,4
-0.7294753078177452,0.0,0.0,0.0,0.0,0.14843721102726,-0.1256132043464057,0.0,0.0,0.6109946043832768,0
-0.0934811102891304,0.0,1.149512058475987,0.0,0.0,0.5994042260457083,0.3187811813373079,0.0,0.0,0.6079746730343047,3
-0.2539094243704084,0.0,0.0,0.0,0.0,-0.8430337370759027,-0.7296649225245023,0.0,0.0,0.6069676754190498,0
0.6286703473989405,0.0,1.2380816024689916,0.0,0.0,1.4442371836121404,1.4949492180089137,1.1003394883014852,1.4288581958896645,0.6072194414254038,1
0.5036245045748569,0.0,1.0,0.0,0.0,0.3919349120660304,0.3187811813373079,1.022831460331992,1.0,0.6072194414254038,1
0.2737795508516327,0.0,1.149512058475987,0.0,0.0,0.5697624755871623,0.3657267131137707,0.998116281742044,1.3025175370208548,0.6074711963619153,1
0.5968937904428767,0.0,1.0,0.0,0.0,0.2730937373341687,0.1683778618987765,0.0,0.0,0.6057086792617776,3
-0.5700963438222663,0.0,0.0,0.0,0.0,-0.3052666337569913,-0.0612410630353533,0.0,0.0,0.6057086792617776,0
0.1581665407800771,0.0,0.7106121022478595,0.0,0.0,-0.088427699347243,0.1145274825220776,0.0,0.0,0.6036937089677546,3
-0.7894420150052999,0.0,0.0,0.0,0.0,-0.121106985524351,-0.0612410630353533,0.9565747954222968,1.0,0.6034417877497159,4
1.0564157333673925,0.0,1.149512058475987,0.0,0.0,0.6614012827243154,0.4555743605292723,1.0619187631672482,1.344436979171577,0.6057086792617776,1
0.0340558548350867,0.0,1.149512058475987,0.0,0.0,0.8620074020848074,0.2703350774754977,1.0008398203451443,1.0,0.6079746730343047,1
-0.4891652054917071,0.0,0.0,0.0,0.0,-1.3513954655373794,-1.2436386091883012,0.0,0.0,0.6021820150654684,2
0.4857415603395686,0.0,1.149512058475987,0.0,0.0,0.5853939433136651,0.1145274825220776,0.0,0.0,0.6016780282061052,3
0.1353533494815398,0.0,0.0,0.0,0.0,0.0679184080655689,-0.4260189459579204,1.033883362385476,1.218213644014002,0.6016780282061052,4
0.7726083494967452,0.0,1.149512058475987,0.0,0.0,0.7919527028104121,0.1145274825220776,0.8663642547672894,1.0,0.6104913929608679,1
-0.391305935228895,0.0,1.0,0.0,0.0,0.484770363983116,0.1683778618987765,0.9750538018491568,1.0,0.5989053049928946,1
-0.2909755662685162,4.3306572826374525,0.0,0.0,0.0,-0.2955499781158839,0.1145274825220776,1.0379194217121075,1.344436979171577,0.5989053049928946,6
-0.8332403593555322,0.0,1.0,0.0,0.0,0.41996064581096,0.2202528561873677,0.0,0.0,0.5986531724292338,3
1.3657544019362728,0.0,1.0,0.0,0.0,0.1987519145451996,0.0584867836105745,0.0,0.0,0.598401028719661,3
0.8434587147068842,0.0,0.0,0.0,0.0,-0.2900385441066555,-0.6167169445693365,1.0608533667743183,1.3025175370208548,0.5973923423772165,4
-0.8393005914887176,0.0,0.0,0.0,0.0,-0.5627380187757388,-1.022273554629209,0.0,0.0,0.5991574264128943,0
0.6897573099681544,4.33065729496588,0.0,0.0,0.0,-0.1763251388213463,0.2703350774754977,1.0853368178860443,1.4203058441177223,0.5991574264128943,6
1.2082950279553404,0.0,1.0,0.0,0.0,0.4580841147109349,0.8089350854960184,1.033883362385476,1.218213644014002,0.5991574264128943,1
1.6042674230965253,4.330657195913765,1.149512058475987,0.0,0.0,0.8312488718125538,0.9789536507197586,1.098862704167749,1.423927592080586,0.5991574264128943,8
-0.0878738750384514,0.0,0.0,0.0,0.0,-0.0568081390851583,0.2202528561873677,0.0,0.0,0.5971401429042998,0
0.9753887485048428,0.0,1.2380816024689916,0.0,0.0,1.2317919132213897,0.6216146055503267,0.0,0.0,0.596383477519929,3
-0.1964234962860074,0.0,0.0,0.0,0.0,-0.8126234108939935,-0.6167169445693365,0.9271671564532872,1.0,0.596635710477913,4
0.0649742512940079,0.0,1.2380816024689916,0.0,0.0,1.2040914756310563,0.4112898545757565,0.988153482273682,1.218213644014002,0.596383477519929,1
0.4017820403617059,0.0,1.0,0.0,0.0,0.4765330396164796,0.0584867836105745,0.0,0.0,0.5429089757128003,3
0.4230233663101203,0.0,1.149512058475987,0.0,0.0,0.7062834961972901,0.4986718890691056,1.0368224148220306,1.394034397226019,0.5956267116397223,1
-0.4466658341754462,0.0,0.0,0.0,0.0,-0.3052666337569913,0.1683778618987765,0.0,0.0,0.5951221451917736,0
0.602779708779498,0.0,1.149512058475987,0.0,0.0,0.5728106882565179,0.2703350774754977,0.0,0.0,0.6044494060244948,3
1.215872102431577,0.0,1.149512058475987,0.0,0.0,0.6064085325980118,0.7363445937263972,0.9565747954222968,1.218213644014002,0.5938605334259454,1
1.8072677625145352,0.0,1.0,0.0,0.0,0.5555602946175503,0.2703350774754977,1.0394896384476304,1.0,0.594869845202672,1
-0.5291981149638905,0.0,0.0,0.0,0.0,-0.0195964145520512,0.6989246298564699,0.8663642547672894,1.0,0.5936081775153594,4
0.1889950755130469,0.0,0.0,0.0,0.0,-0.113050931547578,-0.6167169445693365,0.0,0.0,0.594869845202672,0
-0.5103363039504308,0.0,0.0,0.0,0.0,-1.3513954655373794,-1.2436386091883012,0.0,0.0,0.5920938069594623,2
1.9304328395925865,0.0,0.7106121022478595,0.0,0.0,0.625841748765853,0.7363445937263972,1.0723590784767834,1.3685309911523162,0.5918413726635654,1
0.3298793457992863,0.0,0.0,0.0,0.0,-1.3513954655373794,-1.2436386091883012,0.0,0.0,0.590326531461888,7
0.6442024580428446,0.0,1.0,0.0,0.0,0.2772498570688685,0.1145274825220776,0.0,0.0,0.5915889271606826,3
0.2296523309743287,0.0,0.0,0.0,0.0,-1.3513954655373794,-1.2436386091883012,0.0,0.0,0.5918413726635654,7
1.7131973590019018,0.0,1.149512058475987,0.0,0.0,0.8020376443148052,0.3187811813373079,0.0,0.0,0.5910840025248665,3
1.5327920893360252,0.0,1.2380816024689916,0.0,0.0,1.042284893096195,1.2238098830387245,1.0944890591214336,1.429154286625859,0.590326531461888,1
-0.1673299005669034,0.0,0.0,0.0,0.0,-1.3513954655373794,-1.2436386091883012,0.0,0.0,0.5900740186693213,7
1.2454680326769136,4.330656995413535,1.2380816024689916,0.0,0.0,1.3050126856313158,0.3187811813373079,1.022831460331992,1.0,0.5880535121122227,8
0.7986651625286608,0.0,1.149512058475987,0.0,0.0,0.8133462840604282,0.5816230273987638,0.988153482273682,1.0,0.589568959413158,1
-0.2094834463625251,0.0,0.0,0.0,0.0,-0.0858432473075688,0.0,1.0808402071096823,1.4067157636187435,0.5885587061528657,4
-0.2009603436223099,0.0,0.0,0.0,0.0,-1.3513954655373794,-1.2436386091883012,0.0,0.0,0.5885587061528657,7
1.2312315784904928,0.0,0.0,0.0,0.0,-0.0018328976206333,0.1145274825220776,1.082240579083085,1.4165481093681518,0.5883061147519885,4
-0.5459408988570055,0.0,0.0,0.0,0.0,-0.5039690111279606,-0.4260189459579204,0.0,0.0,0.5867903302500604,0
-0.3596514164645162,4.330656651697139,0.0,0.0,0.0,-0.4525263059078412,-0.6167169445693365,1.0216636115779774,1.218213644014002,0.5878008982312831,6
0.0700218742345839,0.0,1.149512058475987,0.0,0.0,0.7610133426817915,0.5816230273987638,0.0,0.0,0.5875482731068845,3
-0.4079575350002731,0.0,0.0,0.0,0.0,-1.3513954655373794,-1.2436386091883012,0.0,0.0,0.5867903302500604,2
-0.6763794294617784,0.0,0.7106121022478595,0.0,0.0,0.2570542188601343,0.0584867836105745,0.0,0.0,0.5862849787529372,3
0.6775517363684109,0.0,1.149512058475987,0.0,0.0,0.7623451028530294,0.2703350774754977,1.022831460331992,1.0,0.5860322861197328,1
0.1312206889522481,0.0,1.0,0.0,0.0,0.350953875762274,0.1683778618987765,0.0,0.0,0.5862849787529372,3
0.8636556413091334,0.0,1.149512058475987,0.0,0.0,0.5997808328732237,0.2703350774754977,1.0125842817931043,1.0,0.5850214029691545,1
-0.4792648254934049,0.0,1.0,0.0,0.0,0.4666183585799973,0.4555743605292723,0.0,0.0,0.5832519235238353,3
0.2229429523370174,0.0,1.2380816024689916,0.0,0.0,1.262469968170515,0.8441827789462959,1.0982267605759477,1.4203058441177223,0.5845158937910928,1
0.1025129956112181,0.0,0.0,0.0,0.0,-0.540935219026,-0.8610819189340483,0.9271671564532872,1.0,0.5845158937910928,4
0.2701443463449965,0.0,0.7106121022478595,0.0,0.0,-0.0919991058758607,0.0584867836105745,0.0,0.0,0.5840103395200286,3
0.2579470975091952,0.0,1.0,0.0,0.0,0.4469101292854933,0.3187811813373079,0.0,0.0,0.5840103395200286,3
-0.623306276300877,0.0,0.0,0.0,0.0,-0.1787851082733706,-0.6167169445693365,0.0,0.0,0.5829990956253457,0
1.638682256723181,0.0,1.0,0.0,0.0,0.4199826385279514,0.2202528561873677,0.0,0.0,0.5840103395200286,3
-0.8563783996714472,0.0,0.0,0.0,0.0,-1.004474624773398,-0.8610819189340483,0.0,0.0,0.5824934059649214,0
0.8724005239133716,4.330656479785331,1.2380816024689916,0.0,0.0,1.1116488187037434,0.6216146055503267,1.0481458543966122,1.4013322872298857,0.582240544198381,8
-0.6506882256764842,0.0,1.149512058475987,0.0,0.0,0.8537297340118264,0.3657267131137707,1.022831460331992,1.0,0.5812289841695882,1
-0.0376078006550196,0.0,1.0,0.0,0.0,0.3659368596070572,0.2202528561873677,0.0,0.0,0.5809760659102012,3
-0.0001014674668213,0.0,1.0,0.0,0.0,0.1737139493722624,-0.1256132043464057,0.0,0.0,0.5786992925513557,3
-1.5376906378322146,0.0,0.0,0.0,0.0,-0.5109376799694366,-0.7296649225245023,0.0,0.0,0.580470195472646,0
0.7347536444383272,0.0,1.149512058475987,0.0,0.0,0.762025205021555,0.3657267131137707,0.0,0.0,0.5840103395200286,3
-0.5566035322996764,0.0,1.149512058475987,0.0,0.0,0.8145454290190686,0.0,0.0,0.0,0.5794583188577221,3
-0.4169659757104946,0.0,0.0,0.0,0.0,-0.7907945006670698,-0.1256132043464057,0.0,0.0,0.5779401643082515,0
-0.1558238504647945,0.0,0.0,0.0,0.0,-0.607168102294765,0.0,0.0,0.0,0.5776870988971284,0
-0.5805001358771277,0.0,0.0,0.0,0.0,-0.5483853797445127,-0.7296649225245023,0.0,0.0,0.5774340221504297,0
0.5957998771417471,0.0,0.7106121022478595,0.0,0.0,0.1048376925800989,0.0,0.0,0.0,0.5761684683020682,3
0.4587951711816755,0.0,1.2380816024689916,0.0,0.0,0.9806100947072772,0.1145274825220776,0.0,0.0,0.5761684683020682,3
-0.0165617478320305,0.0,0.0,0.0,0.0,-0.3766299742847432,-0.1256132043464057,0.0,0.0,0.5756621673324247,0
-0.1273943181917363,0.0,0.0,0.0,0.0,0.1147254992656044,0.6989246298564699,1.022831460331992,1.0,0.5756621673324247,4
0.8017634561524047,0.0,1.2380816024689916,0.0,0.0,0.907005651148686,0.1145274825220776,0.0,0.0,0.5756621673324247,3
0.7414089438709413,0.0,1.0,0.0,0.0,0.347794126107962,0.1683778618987765,0.0,0.0,0.5754089998175261,3
0.1197152904264206,0.0,1.149512058475987,0.0,0.0,0.7863792120646077,0.1145274825220776,0.0,0.0,0.5751558209461394,3
-0.0914594897475981,0.0,0.0,0.0,0.0,-1.3513954655373794,-1.2436386091883012,0.0,0.0,0.5741429918491555,7
1.7603896193610045,4.330657289167331,0.0,0.0,0.0,0.4681404089654089,0.1683778618987765,1.057319856752445,1.41081075138084,0.5723701031663931,6
0.2813529053464438,0.0,0.7106121022478595,0.0,0.0,0.0414468172473735,0.1145274825220776,1.0180943570563885,1.218213644014002,0.5738897561603998,1
1.2255077689062444,0.0,1.149512058475987,0.0,0.0,0.7717722436315523,0.1683778618987765,0.0,0.0,0.5738897561603998,3
0.4024929232198601,0.0,0.0,0.0,0.0,-0.0434399206396001,0.0,1.0125842817931043,1.218213644014002,0.5716101230104911,4
0.7634764943526108,0.0,0.7106121022478595,0.0,0.0,0.1362377755996124,0.2703350774754977,1.022831460331992,1.0,0.5705966566441222,1
-0.7295182198658814,0.0,0.0,0.0,0.0,-0.3868973395532678,-0.516595772466355,0.0,0.0,0.5705966566441222,0
-0.4291348649427204,0.0,0.0,0.0,0.0,-0.4331487509520004,0.0584867836105745,0.0,0.0,0.5700898550651461,0
1.0443111157163705,0.0,1.2380816024689916,0.0,0.0,1.0020805527547634,0.8441827789462959,1.0306204699037194,1.0,0.6333430777716496,1
0.5374868733878903,0.0,0.0,0.0,0.0,-0.2814830339082884,0.0584867836105745,0.0,0.0,0.5690761150218346,0
0.6081439337956751,0.0,0.0,0.0,0.0,0.0590248670553617,-0.516595772466355,0.9271671564532872,1.0,0.5688226514795343,4
-0.1564702079375524,0.0,1.0,0.0,0.0,0.4193885436414631,0.0584867836105745,0.0,0.0,0.5673016303804437,3
1.1268123693238192,0.0,1.149512058475987,0.0,0.0,0.8537297340118264,0.2202528561873677,0.0,0.0,0.5680621923395153,3
-0.2869835023237002,0.0,0.0,0.0,0.0,-0.665535161826072,-0.3428838574068739,0.0,0.0,0.5670480868677605,0
1.2498941909324075,0.0,1.149512058475987,0.0,0.0,0.7347758397988411,0.1145274825220776,0.0,0.0,0.5673016303804437,3
0.377648853622918,0.0,1.149512058475987,0.0,0.0,0.6717042932431594,0.8441827789462959,0.0,0.0,0.5665409655387768,3
-0.4241079893116184,0.0,1.0,0.0,0.0,0.3098829656601664,0.0584867836105745,0.0,0.0,0.565272962001867,3
0.0011875902782992,0.0,1.0,0.0,0.0,0.1908301662018048,-0.4260189459579204,0.0,0.0,0.5673016303804437,3
0.6905724066868947,0.0,0.7106121022478595,0.0,0.0,0.1235419497864515,0.2202528561873677,0.0,0.0,0.5650193269531342,3
-0.6067391248838615,0.0,0.0,0.0,0.0,-0.3798059899413203,-0.1256132043464057,0.0,0.0,0.564512022495425,0
-0.4152904524491413,0.0,0.0,0.0,0.0,-0.0929727313573667,0.4112898545757565,0.0,0.0,0.5637509798727969,0
0.5933317388298346,0.0,1.149512058475987,0.0,0.0,0.8850676044534066,0.5816230273987638,1.0180943570563885,1.0,0.5629898340701117,1
-0.1390273984608858,0.0,1.2380816024689916,0.0,0.0,1.0889244409351049,0.6216146055503267,0.9271671564532872,1.0,0.56324356080607,1
1.2057019755309737,0.0,1.0,0.0,0.0,0.6201907305761792,0.6606974057623132,1.0639070610274646,1.344436979171577,0.5991574264128943,1
-0.6183078636000509,0.0,0.0,0.0,0.0,-0.5388402428863972,0.0,0.0,0.0,0.5629898340701117,0
-0.6752006152531937,0.0,1.0,0.0,0.0,0.3777248058017088,0.3187811813373079,0.0,0.0,0.5627360958625993,3
-0.7667808996655423,0.0,1.0,0.0,0.0,0.2653513142725507,-0.0612410630353533,0.0,0.0,0.5619748123870302,3
0.8663061861633483,0.0,1.149512058475987,0.0,0.0,0.7912906657020088,0.4112898545757565,1.0560115612601553,1.344436979171577,0.5619748123870302,1
-0.5077420958126283,0.0,0.0,0.0,0.0,-0.6090237295442844,-0.8610819189340483,0.0,0.0,0.5619748123870302,0
1.0657487026647214,0.0,0.7106121022478595,0.0,0.0,-0.0288247212641913,-0.1256132043464057,0.0,0.0,0.5612134255820986,3
0.6821254208624394,4.33065725152426,0.0,0.0,0.0,0.1735412457827398,0.4555743605292723,1.086782025960933,1.4186096146759073,0.56019808233015,6
-0.1749945009872435,0.0,1.0,0.0,0.0,0.4715357897084097,0.3657267131137707,0.0,0.0,0.6571034565310089,3
0.0164849160462564,4.330656852736567,1.149512058475987,0.0,0.0,0.7579944809754168,0.6606974057623132,0.0,0.0,0.5596903417276555,9
-0.3625936151609567,0.0,0.0,0.0,0.0,-0.2306755060619836,-0.1256132043464057,0.0,0.0,0.5591825551154328,0
-0.0814995676016385,0.0,0.7106121022478595,0.0,0.0,0.0586761215131966,0.1683778618987765,0.0,0.0,0.5584207888871736,3
1.2550946793868236,0.0,0.0,0.0,0.0,-0.3052666337569913,-0.6167169445693365,1.0394896384476304,1.218213644014002,0.5584207888871736,4
0.2507323645029813,0.0,0.0,0.0,0.0,-0.7077869673735322,-1.022273554629209,1.022831460331992,1.0,0.5596903417276555,4
-0.6032327520031219,0.0,0.0,0.0,0.0,-0.0837509338161852,0.1683778618987765,0.0,0.0,0.5579128871672376,0
0.8755931008320414,0.0,1.2380816024689916,0.0,0.0,1.0236517006497663,0.1145274825220776,0.0,0.0,0.5604519353836994,3
1.513769380378738,0.0,1.2380816024689916,0.0,0.0,1.0568342119422962,0.5406638713926494,1.0575225954243708,1.344436979171577,0.5563889054721312,1
-0.6040724992129599,0.0,0.0,0.0,0.0,-0.2890451527501276,-0.193584983678676,0.0,0.0,0.5563889054721312,0
-0.4784009765272674,0.0,0.0,0.0,0.0,-0.3463579279866599,0.0,0.0,0.0,0.5558808193316046,0
0.2799629390572568,0.0,1.0,0.0,0.0,0.2271392019537777,0.0584867836105745,0.0,0.0,0.5713567735119908,3
0.8426732612784364,0.0,0.7106121022478595,0.0,0.0,-0.012631280316867,0.2202528561873677,0.0,0.0,0.5548645085724634,3
-0.9092321829159372,0.0,0.0,0.0,0.0,-0.4276680827230703,-0.3428838574068739,0.0,0.0,0.5596903417276555,0
1.4043952994845408,0.0,1.0,0.0,0.0,0.4558123088461054,0.1683778618987765,0.0,0.0,0.5538480130480683,3
0.8498005786565889,0.0,1.0,0.0,0.0,0.4238623421634102,0.2202528561873677,0.0,0.0,0.554356283915515,3
0.5911610890723002,0.0,1.0,0.0,0.0,0.260575716697345,0.0584867836105745,0.9271671564532872,1.0,0.5530855200602056,1
-0.1338919023911608,0.0,0.0,0.0,0.0,-0.1937894977859246,-0.4260189459579204,1.022831460331992,1.0,0.5528313326048577,4
0.5796355367609705,0.0,1.149512058475987,0.0,0.0,0.8376600014825781,0.3657267131137707,0.0,0.0,0.5525771335824731,3
0.8585102813842266,0.0,1.149512058475987,0.0,0.0,0.849306116086002,0.0584867836105745,0.0,0.0,0.5523229229906467,3
0.599810953173461,0.0,1.149512058475987,0.0,0.0,0.6925342691429686,0.1683778618987765,0.0,0.0,0.5518144670890425,3
0.1625442274392055,0.0,0.0,3.816391647148976e-17,0.0,-0.1165767789760397,0.0584867836105745,0.0,0.0,0.5513059648807875,5
0.318891551251141,0.0,0.0,0.0,0.0,-0.0619412414153022,-0.6167169445693365,0.0,0.0,0.5510516964056424,0
0.3587450093758269,0.0,1.149512058475987,0.0,0.0,0.7505901041953404,0.3187811813373079,0.0,0.0,0.5502888214672127,3
-0.2826918583806185,0.0,1.149512058475987,0.0,0.0,0.5876338342508357,0.1683778618987765,0.0,0.0,0.5505431247012675,3
1.117700564286146,4.330655285737183,1.2380816024689916,0.0,0.0,1.1314826748151738,0.8441827789462959,0.0,0.0,0.5495258422086199,9
-0.9569964524513064,0.0,0.0,0.0,0.0,-1.3513954655373794,-1.2436386091883012,0.0,0.0,0.5490171313817153,2
0.3612916182196677,4.330657298552446,1.149512058475987,0.0,0.0,0.965138374270727,0.0584867836105745,0.0,0.0,0.5487627585646597,9
-0.52100291955354,0.0,0.0,0.0,0.0,-0.9674664273370568,-1.022273554629209,0.0,0.0,0.5201989903054466,0
-1.0870187915312162,0.0,0.0,0.0,0.0,-0.7639698418247773,-1.022273554629209,0.0,0.0,0.4703676576069653,0
0.2768114540671913,0.0,1.0,0.0,0.0,0.1854918062459933,0.0584867836105745,0.0,0.0,0.4172035515383169,3
-0.720826571839843,0.0,0.0,0.0,0.0,-1.3513954655373794,-1.2436386091883012,0.0,0.0,0.282250606843549,10
-0.0154213987143111,4.330657244573287,1.0,0.0,0.0,0.1744731515516057,-0.1256132043464057,0.0,0.0,0.5485083741419771,9
0.4326449210937938,0.0,1.149512058475987,0.0,0.0,1.0156388078623964,0.7363445937263972,1.039641967157173,1.3025175370208548,0.5477451512159708,1
0.8732009744652915,0.0,1.149512058475987,0.0,0.0,0.6659528010803156,0.3657267131137707,1.0531584011826194,1.3025175370208548,0.5533396959509211,1
0.2072973303498289,0.0,1.0,0.0,0.0,0.4257163516139818,-0.6167169445693365,0.0,0.0,0.5472362778594515,3
-1.6834117066845309,0.0,0.0,0.0,0.0,-0.7176339400963846,-0.6167169445693365,0.0,0.0,0.5469818237521684,0
0.3636303884463328,0.0,0.0,0.0,0.0,-0.3371918522221273,-0.3428838574068739,1.0531584011826194,1.3025175370208548,0.5467273580223033,4
0.2981128034678595,0.0,1.0,0.0,0.0,0.3885546403702198,0.4986718890691056,1.0125842817931043,1.218213644014002,0.5459638910729533,1
0.1926066291831642,0.0,1.2380816024689916,0.0,0.0,0.899306962041593,0.2202528561873677,1.022831460331992,1.0,0.5477451512159708,1
0.5438904457739248,0.0,1.149512058475987,0.0,0.0,0.7812210380493824,0.1145274825220776,0.0,0.0,0.5454548549493132,3
0.762885218487593,0.0,1.2380816024689916,0.0,0.0,0.957046662214448,0.1145274825220776,0.8663642547672894,1.0,0.5454548549493132,1
-0.3487189911591363,0.0,0.7106121022478595,0.0,0.0,0.4194105579608993,-0.193584983678676,0.0,0.0,0.5441820609475214,3
0.2606164365188864,0.0,0.0,0.0,0.0,-1.3513954655373794,-1.2436386091883012,0.0,0.0,0.5441820609475214,7
-1.2520527308516385,0.0,0.0,0.0,0.0,-0.5627380187757388,-1.022273554629209,0.0,0.0,0.543418244774128,0
-1.3185543989818311,0.0,1.149512058475987,0.0,0.0,0.8903537182656259,0.878778350041491,0.0,0.0,0.543418244774128,3
-0.0975909634348851,0.0,0.0,0.0,0.0,-0.0006431570035517,0.1145274825220776,0.0,0.0,0.5467273580223033,0
1.5882687360778631,4.330657260127807,0.0,0.0,0.0,-0.064787267652011,-0.0612410630353533,1.0689577040329925,1.4013322872298857,0.5423996600054592,6
1.0013238301822247,0.0,0.0,0.0,0.0,-0.1766969066553127,-0.3428838574068739,0.0,0.0,0.5421449846534324,0
1.1577378871089377,0.0,0.0,0.0,0.0,0.0614589672995108,-0.6167169445693365,0.0,0.0,0.5418902976325786,0
2.285973116493184,0.0,1.2380816024689916,0.0,0.0,0.9886660028685098,0.1145274825220776,0.0,0.0,0.541380888574619,3
0.1466410811653083,0.0,0.0,0.0,0.0,-1.3513954655373794,-1.2436386091883012,0.0,0.0,0.5406166874103739,7
0.3147322045814724,0.0,1.0,0.0,0.0,0.3254215375711808,0.0584867836105745,0.0,0.0,0.5403619303252248,3
0.4595638676076283,4.330657263096596,0.0,0.0,0.0,0.2412471022218439,-0.7296649225245023,0.0,0.0,0.5388331423236871,9
0.0721316263404338,0.0,0.0,0.0,0.0,-1.3513954655373794,-1.2436386091883012,0.0,0.0,0.5388331423236871,7
0.3899978995957455,0.0,1.149512058475987,0.0,0.0,0.7087669945678526,0.1683778618987765,1.0462299458179467,1.218213644014002,0.543418244774128,1
-0.3181159491866892,0.0,1.0,0.0,0.0,0.1673895207299437,0.2202528561873677,0.998116281742044,1.218213644014002,0.5380685903971564,1
0.1497051894229789,0.0,1.0,0.0,0.0,0.436312550537276,1.2807778127702338,1.076850654943709,1.3685309911523162,0.5446912134791461,1
0.3657358977645216,0.0,1.149512058475987,0.0,0.0,0.6274427670046233,0.3187811813373079,0.0,0.0,0.5367941029929933,3
1.4011600722950834,0.0,1.2380816024689916,0.0,0.0,1.0075767265479685,0.1683778618987765,1.049929575826221,1.218213644014002,0.5370490239046267,1
0.6637361888880505,4.330657301309229,0.0,0.0,0.0,-0.2659585978819059,0.0584867836105745,1.0657284073158733,1.4165481093681518,0.5362842260062979,6
-0.4812849318330071,0.0,1.0,0.0,0.0,0.5056562674185193,0.4986718890691056,0.0,0.0,0.5360292699263106,3
-0.1108371768320219,0.0,1.2380816024689916,0.0,0.0,1.0686065865068255,0.3657267131137707,1.0462299458179467,1.3685309911523162,0.5352643313102206,1
0.792199673243931,0.0,1.149512058475987,0.0,0.0,0.691554403337978,0.1683778618987765,0.0,0.0,0.5347543135613909,3
0.9738019914255972,0.0,1.149512058475987,0.0,0.0,0.6239373211598734,0.0584867836105745,0.0,0.0,0.5342442488523779,3
-0.554787022540853,0.0,0.0,0.0,0.0,-0.8315310573768225,-0.8610819189340483,0.0,0.0,0.5334790636952835,0
0.6949928224606801,0.0,1.0,0.0,0.0,0.4622948970312867,0.6606974057623132,1.0927577720050328,1.4140046247801077,0.5324586522739578,1
0.8325945999235557,0.0,1.149512058475987,0.0,0.0,0.650146721067261,0.1683778618987765,0.0,0.0,0.5314380526557219,3
0.3809649505053484,0.0,1.2380816024689916,0.0,0.0,0.9685000550712352,-0.3428838574068739,0.0,0.0,0.5309276822231843,3
0.8368050710524864,0.0,1.0,0.0,0.0,0.4871509955794533,0.1145274825220776,0.0,0.0,0.5840103395200286,3
0.3622297534207774,0.0,0.0,0.0,0.0,-0.4853521706139483,-0.7296649225245023,1.022831460331992,1.0,0.5299068000119845,4
0.5368231926368817,0.0,1.149512058475987,0.0,0.0,0.7903455532846334,0.4112898545757565,0.0,0.0,0.5293962881935627,3
-0.1303672601733601,0.0,0.0,0.0,0.0,-0.6257406946473614,-0.516595772466355,1.033883362385476,1.344436979171577,0.5288857292067276,4
0.0173350891907171,0.0,0.7106121022478595,0.0,0.0,0.0367198546834053,-0.2657509156119179,0.0,0.0,0.5281198022421288,3
0.3513153326581383,0.0,1.2380816024689916,0.0,0.0,1.0126718865912503,0.3657267131137707,0.0,0.0,0.5350093283045941,3
-0.4476535684845541,0.0,0.0,0.0,0.0,-1.3513954655373794,-1.2436386091883012,0.0,0.0,0.5263322260487399,2
0.1702070836798939,0.0,1.149512058475987,0.0,0.0,0.6538747170284483,0.1145274825220776,0.9271671564532872,1.0,0.5171298080278502,1
-0.3114480093894992,0.0,1.149512058475987,0.0,2.740863092043355e-16,1.3258982986417105,1.0112311364854392,1.0306204699037194,1.218213644014002,0.5040665924783418,1
0.3225612463852766,0.0,1.0,0.0,0.0,0.6415378765019752,0.8441827789462959,1.0608533667743183,1.4203058441177223,0.4950835361743832,1
-1.0279169077975994,0.0,0.0,0.0,0.0,-0.4829047233080281,-0.2657509156119179,0.0,0.0,0.4884007923811669,0
0.5309602713020761,0.0,1.0,0.0,0.0,0.1956507267786165,0.1145274825220776,0.0,0.0,0.4811947648081136,3
0.1171501298022536,0.0,1.149512058475987,0.0,0.0,0.7587408033158544,0.2703350774754977,0.0,0.0,0.4765572394639915,3
0.4472443252068264,0.0,1.149512058475987,0.0,0.0,0.6499499180973286,0.1683778618987765,0.0,0.0,0.5273537690365011,3
0.403081969701574,0.0,0.0,0.0,0.0,-0.3266019649922968,-0.8610819189340483,0.8663642547672894,1.0,0.5360292699263106,4
0.1969969594283669,0.0,0.0,0.0,0.0,-0.3766299742847432,-0.1256132043464057,0.0,0.0,0.5258213836326449,0
0.3187859080474748,0.0,1.2380816024689916,0.0,0.0,1.0952563340390606,0.0,0.0,0.0,0.5255659446852932,3
0.5150484488387355,0.0,1.0,0.0,0.0,0.4153236756700906,0.1683778618987765,0.0,0.0,0.525310493908402,3
0.7640048992742843,0.0,0.7106121022478595,0.0,0.0,0.5635171797773302,0.8441827789462959,1.095647546042892,1.4140046247801077,0.5242885724553688,1
1.0696641472308714,0.0,1.0,0.0,0.0,0.3308744110403331,0.0584867836105745,0.0,0.0,0.5235220070326798,3
-0.4204351449831442,0.0,0.0,0.0,0.0,-0.1567355266753786,-0.8610819189340483,0.0,0.0,0.5207103542148919,0
0.5138819224639547,0.0,0.0,0.0,0.0,-0.8187448491723216,-0.7296649225245023,0.9271671564532872,1.0,0.5237775406864884,4
0.1741141329651233,4.330657286676097,1.149512058475987,0.0,0.0,0.9839968126999532,0.1145274825220776,0.9271671564532872,1.0,0.5227553349636611,8
-0.0656448761702625,0.0,1.149512058475987,0.0,0.0,0.6717628724014686,0.0584867836105745,0.0,0.0,0.5222441609695336,3
-0.5579693180565566,0.0,0.7106121022478595,0.0,0.0,0.0626713757166482,0.0,0.0,0.0,0.5219885561804947,3
0.2279534244250318,0.0,0.7106121022478595,0.0,0.0,0.0463059143715839,0.6216146055503267,0.0,0.0,0.5209660183524601,3
1.1137910808268896,0.0,0.0,0.0,0.0,-0.1142016304609341,0.2202528561873677,1.0763472940434369,1.4140046247801077,0.5204546782000616,4
1.486793947612252,0.0,0.0,0.0,0.0,0.0826606684667794,-0.516595772466355,1.022831460331992,1.0,0.519943290528525,4
0.3773361614791348,0.0,1.0,0.0,0.0,0.4436874564630871,0.2703350774754977,0.0,0.0,0.5191761198786856,3
-0.4693704876943289,0.0,1.0,0.0,0.0,0.339651485986449,0.3657267131137707,0.0,0.0,0.5184088421971964,3
-0.1877739940928511,0.0,0.7106121022478595,0.0,0.0,0.0564030280268824,0.1683778618987765,0.0,0.0,0.517385638676883,3
-0.0325169556329717,0.0,0.0,0.0,0.0,-0.1326495898303731,-0.3428838574068739,1.0597350169929474,1.3685309911523162,0.517385638676883,4
-0.5426588743012818,0.0,0.0,0.0,0.0,-0.3052666337569913,0.1683778618987765,0.0,0.0,0.5171298080278502,0
0.2705728795315372,0.0,0.0,0.0,0.0,0.2561997015196864,-0.3428838574068739,1.076850654943709,1.3685309911523162,0.5166181109893067,4
-0.8057432432323197,0.0,0.0,0.0,0.0,-1.3513954655373794,-1.2436386091883012,0.0,0.0,0.5153386597884725,2
-0.4119780356312274,0.0,1.0,0.0,0.0,0.756279998041995,0.7363445937263972,0.0,0.0,0.5155945738793019,3
-0.2401655926256595,0.0,0.7106121022478595,0.0,0.0,-0.0347632054277547,0.0,0.0,0.0,0.5153386597884725,3
-0.3323434170076676,0.0,0.0,0.0,0.0,-0.2619668817852141,-0.0612410630353533,1.022831460331992,1.0,0.5150827337672323,4
1.4267406853012572,0.0,1.2380816024689916,0.0,0.0,1.0046601537894446,0.3187811813373079,1.022831460331992,1.0,0.5138029246158873,1
1.2158055845345497,0.0,1.0,0.0,0.0,0.4332462049368846,0.1683778618987765,0.9750538018491568,1.0,0.5145708459233533,1
-0.0805449800480663,0.0,0.0,0.0,0.0,-1.3513954655373794,-1.2436386091883012,0.0,0.0,0.5138029246158873,7
0.7839280843617964,0.0,1.149512058475987,0.0,0.0,0.5858291703795987,0.2202528561873677,0.998116281742044,1.218213644014002,0.5132909173534508,1
0.7810460838862524,0.0,1.149512058475987,0.0,0.0,0.7488307582071981,0.2703350774754977,1.071809633436447,1.218213644014002,0.5127788622879361,1
-0.4330174958464005,0.0,1.0,0.0,0.0,0.4084102915930809,0.2202528561873677,0.0,0.0,0.5120106900142716,3
-1.0908912061376368,0.0,0.0,0.0,0.0,-0.3178106803504075,-0.4260189459579204,0.0,0.0,0.5114985153517934,0
0.5017963472397661,0.0,1.149512058475987,0.0,0.0,0.5437531564996055,0.1145274825220776,0.0,0.0,0.5112424100688814,3
1.7683906304911543,0.0,0.0,0.0,0.0,-1.3513954655373794,-1.2436386091883012,0.0,0.0,0.5109862928147801,7
0.52028546833998,0.0,0.0,0.0,0.0,-0.034443075271142,-0.6167169445693365,1.022831460331992,1.0,0.5102178691997654,4
0.767604476835449,0.0,0.7106121022478595,0.0,0.0,0.2860258706733142,0.5816230273987638,1.0461901614099471,1.3025175370208548,0.5097055268869062,1
0.8625515112015669,0.0,1.2380816024689916,0.0,0.0,1.18308141932426,1.4432881067660903,1.0608533667743183,1.344436979171577,0.5091931366278645,1
0.5935457411590794,0.0,0.0,0.0,0.0,-0.3321368725700185,-1.022273554629209,0.0,0.0,0.5081682121891926,0
-0.0728249189182715,0.0,1.149512058475987,0.0,0.0,0.7110895044828537,0.1145274825220776,0.0,0.0,0.5076556779685049,3
-1.5407170145281452,0.0,0.0,0.0,0.0,-1.0219636296145476,-0.8610819189340483,0.0,0.0,0.5066304654216588,0
0.1475007340378727,0.0,0.0,0.0,0.0,-0.375872026241682,-0.193584983678676,0.983378777442232,1.0,0.5066304654216588,4
1.1598020953428965,4.3306573014421135,0.0,0.0,0.0,0.1819018392364121,-0.4260189459579204,1.0546270911177729,1.3025175370208548,0.5063741322479725,6
-0.2986776676670875,4.3306568732308985,0.0,0.0,0.0,-0.1914682543660857,-0.4260189459579204,1.0806808526760237,1.344436979171577,0.5099617040353276,6
-0.2628350162412111,0.0,0.0,0.0,0.0,-1.3513954655373794,-1.2436386091883012,0.0,0.0,0.5056050605969851,7
0.6675528780428971,0.0,0.7106121022478595,0.0,0.0,0.077111658026421,0.1683778618987765,0.0,0.0,0.5045794633296211,3
0.7513683165441606,0.0,1.2380816024689916,0.0,0.0,0.9921744568832328,0.4555743605292723,0.0,0.0,0.5081682121891926,3
0.9689120506058438,4.330657301781813,1.2380816024689916,0.0,0.0,0.4397458293998137,0.5406638713926494,1.0481458543966122,1.3025175370208548,0.4984218291648273,8
0.8284120106315348,0.0,0.0,0.0,0.0,-0.2802212051885875,-0.6167169445693365,1.0629354125627657,1.3025175370208548,0.4884007923811669,4
0.6983272340042459,0.0,0.7106121022478595,0.0,0.0,0.0992169829938113,0.1145274825220776,0.0,0.0,0.4793917562573922,3
-0.5776396598031095,0.0,0.7106121022478595,0.0,2.740863092043355e-16,1.3551350050711035,0.2202528561873677,0.0,0.0,0.4677865609622166,3
1.3918701060228282,0.0,1.2380816024689916,0.0,0.0,1.5438105608529054,0.9789536507197586,1.022831460331992,1.0,0.4584843116510618,1
-0.1789692272371917,0.0,0.0,0.0,0.0,-0.2346128228402997,0.1145274825220776,0.0,0.0,0.4530505166682146,0
-1.7744597255085297,0.0,0.0,0.0,0.0,-0.5672988789182561,-0.8610819189340483,0.0,0.0,0.4395714831483304,0
-0.4434113193268538,0.0,0.0,0.0,0.0,-1.3513954655373794,-1.2436386091883012,0.0,0.0,0.4007569664668099,2
0.6388158362975841,0.0,1.149512058475987,0.0,0.0,0.8716688177477527,0.3657267131137707,1.006052142399291,1.0,0.3939543048866825,1
-1.492562770518398,0.0,0.0,0.0,0.0,-0.9674664273370568,-1.022273554629209,0.0,0.0,0.5030407062372743,0
1.484602868461754,0.0,1.149512058475987,0.0,0.0,0.8034733570374621,0.5406638713926494,0.988153482273682,1.0,0.5027842045497349,1
-1.173619833108892,0.0,0.0,0.0,0.0,-0.9208823982699548,-1.022273554629209,0.0,0.0,0.5022711650038159,0
-0.3635852727126278,0.0,0.0,0.0,0.0,-0.4426947065713736,-0.7296649225245023,0.9565747954222968,1.0,0.5020146271402565,4
1.128645084119491,0.0,0.0,0.0,0.0,0.0835724357122925,0.5816230273987638,1.0916955885921862,1.4255561880983532,0.5007317568127753,4
-0.0433946289267828,0.0,0.0,0.0,0.0,-1.3513954655373794,-1.2436386091883012,0.0,0.0,0.5004751465271831,7
-0.4045783807196841,0.0,0.0,0.0,0.0,-1.3513954655373794,-1.2436386091883012,0.0,0.0,0.4192883076476885,2
1.134583098717271,0.0,1.2380816024689916,0.0,0.0,1.1101849670646866,0.5406638713926494,1.0811779028880648,1.3837532157583627,0.3892395309129033,1
1.321570914799312,0.0,0.0,0.0,0.0,-0.1227367284726898,-1.022273554629209,0.0,0.0,0.4049387949510074,0
0.145242101887239,0.0,1.149512058475987,0.0,0.0,0.7488438071511847,0.1145274825220776,1.006052142399291,1.0,0.4997052431834718,1
-0.3140758860766754,0.0,0.0,0.0,0.0,-1.3513954655373794,-1.2436386091883012,0.0,0.0,0.3550593828008059,2
-0.2495302078146596,0.0,0.0,0.0,0.0,-0.3766299742847432,-0.8610819189340483,0.0,0.0,0.3582240688485573,0
1.1621135247433034,0.0,1.2380816024689916,0.0,0.0,1.3173228341010463,0.4555743605292723,0.9565747954222968,1.218213644014002,0.5002185241621672,1
0.9312107104764632,0.0,1.0,0.0,0.0,0.1728152515552531,-0.0612410630353533,0.0,0.0,0.4994485845645929,3
0.0905389360947615,0.0,0.0,0.0,0.0,-0.2613210019676533,-0.6167169445693365,1.0368224148220306,1.3025175370208548,0.5224997538964179,4
-0.8090679735522075,0.0,0.0,0.0,0.0,-0.7077869673735322,-1.022273554629209,1.022831460331992,1.0,0.4989352310547659,4
-0.3733864071219788,0.0,0.7106121022478595,0.0,0.0,0.0968457304138059,0.1145274825220776,1.0560115612601553,1.344436979171577,0.4984218291648273,1
-0.5167150994590431,0.0,0.0,0.0,0.0,-0.7333959943020201,-0.6167169445693365,0.0,0.0,0.4976516355716237,0
0.87502578965115,0.0,0.0,0.0,0.0,-0.0619412414153022,-0.4260189459579204,1.071083660422793,1.344436979171577,0.4971381126402059,4
-0.1377838263726735,0.0,0.0,0.0,0.0,-0.3184546644554274,-0.1256132043464057,0.0,0.0,0.4968813330058853,0
0.7198056117560672,0.0,1.2380816024689916,0.0,0.0,0.9836682200094976,0.2202528561873677,0.0,0.0,0.495854093283581,3
-0.5291358719327449,0.0,0.0,0.0,0.0,-0.3463579279866599,0.0,0.0,0.0,0.495854093283581,0
1.3938069490890714,0.0,1.2380816024689916,0.0,0.0,1.0091579019305197,0.3187811813373079,1.033883362385476,1.218213644014002,0.4950835361743832,1
-0.2372194206840971,0.0,1.0,0.0,0.0,0.1568253409042418,0.1145274825220776,0.0,0.0,0.4986785361586127,3
0.438829086260157,0.0,1.149512058475987,0.0,0.0,0.569659468310463,0.1145274825220776,0.0,0.0,0.4940559568044737,3
0.7732887825035974,0.0,1.2380816024689916,0.0,0.0,1.0925570943684944,0.4555743605292723,0.0,0.0,0.4937990316068533,3
0.7248006018219753,0.0,1.0,0.0,0.0,0.601693170032259,0.2202528561873677,0.0,0.0,0.4932851447670809,3
-0.0582365505137146,0.0,1.149512058475987,0.0,0.0,0.5582763393163669,0.0584867836105745,0.0,0.0,0.4922572252358957,3
-0.6789018144211755,0.0,1.0,0.0,0.0,0.2447838662150607,0.2202528561873677,0.0,0.0,0.4922572252358957,3
0.4949942734435173,0.0,1.0,0.0,0.0,0.492799216295716,0.0584867836105745,0.0,0.0,0.4920002149520132,3
0.0246209981413719,0.0,0.0,3.816391647148976e-17,0.0,0.4338693472375037,0.3657267131137707,1.071083660422793,1.344436979171577,0.4912291110956776,5
-1.2710664292684115,0.0,0.0,0.0,0.0,-0.5877704693943072,-0.1256132043464057,0.0,0.0,0.4912291110956776,0
0.0171368018999015,0.0,1.0,0.0,0.0,0.4510755813207551,0.4555743605292723,0.9271671564532872,1.0,0.4904578976770191,1
-0.1943743274527942,0.0,0.0,0.0,0.0,0.0184614940222161,-0.516595772466355,0.0,0.0,0.4902008021779871,0
-0.0347161452995783,0.0,1.0,0.0,0.0,0.2562586776187405,-0.0612410630353533,0.0,0.0,0.4902008021779871,3
0.756790442957138,0.0,0.0,0.0,0.0,-0.9108696839149778,-1.022273554629209,0.9565747954222968,1.0,0.4896865746248805,4
0.726034573393804,0.0,1.0,0.0,0.0,0.4502615443527589,0.1145274825220776,0.0,0.0,0.4884007923811669,3
1.1892526890314234,0.0,1.2380816024689916,0.0,0.0,1.2242826361910135,0.4555743605292723,1.022831460331992,1.0,0.4886579732245854,1
-0.0754213208258027,0.0,1.0,0.0,0.0,0.3301796267977355,0.1683778618987765,0.0,0.0,0.4752683299392076,3
-0.4417492458139653,0.0,0.0,0.0,0.0,-0.2530222504218958,-0.193584983678676,0.0,0.0,0.4688191484780939,0
0.0379236096128824,0.0,0.7106121022478595,0.0,0.0,-0.0345497599566651,0.0584867836105745,0.0,0.0,0.461586857442618,3
0.8344555038035075,0.0,0.0,0.0,0.0,-0.2967633901785008,-0.6167169445693365,0.0,0.0,0.4574497294290194,0
-0.0847773188305412,0.0,0.7106121022478595,0.0,0.0,0.0012836173793311,0.1683778618987765,0.0,0.0,0.4514969863815873,3
0.6449571754406297,0.0,1.0,0.0,0.0,0.511022164247774,0.1145274825220776,0.0,0.0,0.444241174982205,3
-0.2073960614175171,0.0,1.0,0.0,0.0,0.854279352443779,0.2202528561873677,0.0,0.0,0.4343781017796161,3
0.1670602591015754,0.0,1.2380816024689916,0.0,0.0,1.0442812602622973,0.5406638713926494,0.0,0.0,0.4868574509728933,3
-0.7457410741301792,0.0,0.0,0.0,0.0,-0.4001770721301168,0.0584867836105745,0.0,0.0,0.4876291766245774,0
-0.5155256926516605,0.0,0.0,0.0,0.0,-1.3513954655373794,-1.2436386091883012,0.0,0.0,0.4863429061169477,2
-0.6661985856451902,4.330657290874346,1.149512058475987,0.0,0.0,0.3049999789744963,1.2238098830387245,1.1026955089832915,1.4294229069220834,0.4912291110956776,8
0.6866009324348338,0.0,1.0,0.0,0.0,0.4406806415756705,0.3657267131137707,0.0,0.0,0.4850563300137922,3
-0.6529939172269209,0.0,0.0,0.0,0.0,-1.3513954655373794,-1.2436386091883012,0.0,0.0,0.4829971717811759,2
-0.7644113608284548,0.0,0.0,0.0,0.0,-1.3513954655373794,-1.2436386091883012,0.0,0.0,0.4829971717811759,2
-0.8839244140261928,0.0,1.149512058475987,0.0,0.0,0.7662740177124282,0.4986718890691056,1.0481458543966122,1.3685309911523162,0.4824822596923241,1
1.3689548404611624,0.0,1.2380816024689916,0.0,0.0,0.9036429469561078,0.2202528561873677,0.0,0.0,0.4814522883284471,3
-0.2951003462179218,0.0,1.0,0.0,0.0,0.4016858459796203,0.1683778618987765,0.0,0.0,0.4804221205738695,3
0.7011918126139374,0.0,0.0,0.0,0.0,-0.1711556849235423,-0.6167169445693365,0.998116281742044,1.218213644014002,0.4796493657735617,4
-1.375364161714154,0.0,1.149512058475987,0.0,0.0,0.7978948935539439,0.9789536507197586,1.0992843885700638,1.42621575650091,0.4791341344453885,1
-0.7311511391841653,0.0,0.0,0.0,0.0,-1.3513954655373794,-1.2436386091883012,0.0,0.0,0.4778458408539648,2
0.4842666768710971,0.0,0.0,0.0,0.0,-0.2854906260455387,-0.6167169445693365,1.0703440164940925,1.3025175370208548,0.4876291766245774,4
-0.4320245886677655,0.0,1.149512058475987,0.0,0.0,0.6071371101312693,0.5816230273987638,1.0531584011826194,1.3685309911523162,0.475783930746846,1
-0.6025338183427483,0.0,0.0,0.0,0.0,-0.2950455559032495,0.2202528561873677,0.0,0.0,0.4809372290106894,0
-0.3275984756458506,0.0,1.0,0.0,0.0,0.3184963336490627,0.0584867836105745,0.9565747954222968,1.0,0.4760417126491078,1
0.7712966313556572,0.0,1.2380816024689916,0.0,0.0,1.104462578697022,1.308707513613585,0.988153482273682,1.0,0.475783930746846,1
0.2256573148688687,0.0,0.7106121022478595,0.0,0.0,-0.0107040539903092,-0.1256132043464057,0.0,0.0,0.4216326678871898,3
-1.4914717708777936,0.0,0.0,0.0,0.0,-0.6204247180824238,-0.3428838574068739,0.0,0.0,0.4117271132669099,0
-0.0624674615166516,0.0,1.0,0.0,0.0,0.6792472138846559,0.6606974057623132,1.0827159453069313,1.4013322872298857,0.3970951035934459,1
-0.4375176414128365,0.0,0.0,0.0,0.0,0.0312983359601716,0.4112898545757565,1.0987691108553728,1.4248002454769926,0.3808470643631196,4
0.7636242520221406,0.0,1.2380816024689916,0.0,0.0,1.014377707511487,0.1683778618987765,0.0,0.0,0.3642842213688068,3
0.1631408690971547,0.0,1.0,0.0,0.0,0.2878920931893569,0.0584867836105745,0.0,0.0,0.3534763000703921,3
0.4479089506589292,0.0,1.149512058475987,0.0,0.0,0.7696744386906866,0.1683778618987765,0.0,0.0,0.3400000770976223,3
0.8098190279640225,0.0,1.0,0.0,0.0,0.432966650311122,0.7363445937263972,0.8663642547672894,1.0,0.3381475891391032,1
0.8907639931914857,0.0,0.0,0.0,0.0,-0.0139546239670436,-0.193584983678676,0.0,0.0,0.3248956336486109,0
-0.3416759149431739,0.0,0.0,0.0,0.0,-0.2985909709720393,-0.4260189459579204,0.0,0.0,0.3214443746762478,0
0.6057246418652266,0.0,1.0,0.0,0.0,0.3173907552941487,0.4555743605292723,1.022831460331992,1.0,0.3089467686678798,1
1.230859303635269,0.0,1.2380816024689916,0.0,0.0,0.9871533389278792,0.1683778618987765,1.0441638598214986,1.218213644014002,0.4739791119426991,1
0.3215759982938225,0.0,0.0,0.0,0.0,-1.3513954655373794,-1.2436386091883012,0.0,0.0,0.4742369802359329,7
-0.1892019882803831,0.0,0.0,0.0,0.0,-0.2680171636021533,0.0,0.0,0.0,0.4732054329379637,0
0.5730013723210698,0.0,1.0,0.0,0.0,0.3907795243147534,0.0,0.0,0.0,0.4734633382964187,3
0.772096276961795,0.0,1.0,0.0,0.0,0.3488161461029295,0.1683778618987765,0.0,0.0,0.4724316426888645,3
-0.0899838091563166,0.0,1.0,0.0,0.0,0.3061306794215149,0.3657267131137707,0.0,0.0,0.4721736878722273,3
-0.597905554881668,0.0,0.0,0.0,0.0,-1.3513954655373794,-1.2436386091883012,0.0,0.0,0.4716577411222881,2
-0.4214108247842755,0.0,0.0,0.0,0.0,0.0,0.878778350041491,0.0,0.0,0.4713997491835622,0
0.4115503512802603,0.0,1.149512058475987,0.0,0.0,0.6369044799753448,0.4112898545757565,0.0,0.0,0.4713997491835622,3
0.03462345049866,0.0,1.2380816024689916,0.0,0.0,0.9589711100630788,0.1145274825220776,0.0,0.0,0.4703676576069653,3
-1.1133815997175558,0.0,0.0,0.0,0.0,-0.3831401642731029,-0.0612410630353533,0.0,0.0,0.470109603743813,0
0.5708210206068687,0.0,1.0,0.0,0.0,0.4832109718117477,0.2703350774754977,0.0,0.0,0.470109603743813,3
-0.9482500822792348,0.0,0.0,0.0,0.0,-1.3513954655373794,-1.2436386091883012,0.0,0.0,0.4698515374876246,10
1.288297962475889,0.0,1.2380816024689916,0.0,0.0,0.9884234350277546,0.2202528561873677,0.0,0.0,0.4695934588356792,3
1.0552250405966392,0.0,1.149512058475987,0.0,0.0,0.9170939153032108,1.469264262620619,1.0560115612601553,1.3025175370208548,0.4688191484780939,1
1.6061278266764438,0.0,1.2380816024689916,0.0,0.0,0.8671352996670811,0.0,0.0,0.0,0.4680447264606943,3
0.8183806415737005,0.0,1.2380816024689916,0.0,0.0,0.9972636923876278,-0.4260189459579204,0.0,0.0,0.4683028795443484,3
0.4846356413180074,0.0,1.0,0.0,0.0,0.4570112534532768,0.1145274825220776,0.0,0.0,0.4667537747654947,3
1.5063068452503614,0.0,0.0,0.0,0.0,-1.3513954655373794,-1.2436386091883012,0.0,0.0,0.4670119899505577,7
0.0865958615921856,0.0,1.149512058475987,0.0,0.0,0.6234327264051912,0.2202528561873677,0.0,0.0,0.4670119899505577,3
0.6582326628635875,0.0,0.7106121022478595,0.0,0.0,0.3199145510156851,0.5816230273987638,0.988153482273682,1.0,0.4659790546285238,1
0.7196503682772064,0.0,0.7106121022478595,0.0,0.0,0.1217835332339326,0.0,0.0,0.0,0.4652042225614411,3
-0.7891575017695626,0.0,0.0,0.0,0.0,-1.3513954655373794,-1.2436386091883012,0.0,0.0,0.4652042225614411,2
-0.9022811151985166,0.0,0.0,0.0,0.0,-0.2900385441066555,-0.6167169445693365,0.9565747954222968,1.0,0.4649459203196153,4
-0.315179454925195,0.0,0.7106121022478595,0.0,0.0,0.0380427323556174,0.1145274825220776,0.0,0.0,0.4646876056301581,3
0.4486222156063552,0.0,1.149512058475987,0.0,0.0,0.7941793635612453,0.4555743605292723,0.0,0.0,0.4631374559395824,3
-0.7456529131071434,0.0,0.0,0.0,0.0,0.5009723315251151,-0.0612410630353533,0.0,0.0,0.4778458408539648,0
0.1481567696402605,0.0,0.0,0.0,0.0,-1.3513954655373794,-1.2436386091883012,0.0,0.0,0.4631374559395824,7
0.1262074892309189,0.0,0.0,0.0,0.0,-0.7316881965741578,0.0,0.0,0.0,0.4623622128290076,0
0.407787817882797,0.0,0.0,0.0,0.0,-0.7077869673735322,-1.022273554629209,0.0,0.0,0.4623622128290076,0
0.5400629258163592,4.330656981359478,0.0,0.0,0.0,0.1969726549282373,0.3657267131137707,1.1006677281706558,1.423927592080586,0.461586857442618,6
-0.8389909216249666,0.0,0.0,0.0,0.0,-0.0999122917931926,0.1145274825220776,0.0,0.0,0.4631374559395824,0
0.18534400732922,0.0,0.0,0.0,0.0,-0.318992186627296,-0.4260189459579204,0.0,0.0,0.4610698914395382,0
0.7622138721770355,0.0,1.0,0.0,0.0,0.6335123558970087,0.1683778618987765,0.0,0.0,0.4605528754810197,3
-0.0465366776765336,0.0,1.0,0.0,0.0,0.2877808565429335,0.4555743605292723,0.0,0.0,0.459777257828529,3
0.3306747180790625,0.0,0.0,0.0,0.0,-0.2590231572750571,-0.193584983678676,1.0306204699037194,1.218213644014002,0.4595186936094018,4
0.9189996020492652,0.0,1.0,0.0,0.0,0.5432338909787392,-0.0612410630353533,1.049929575826221,1.218213644014002,0.4592601168848553,1
0.4174259595450289,0.0,0.0,0.0,0.0,-0.2136753377677934,-0.516595772466355,0.988153482273682,1.3025175370208548,0.4590015276521266,4
0.2757277828216475,0.0,0.7106121022478595,0.0,0.0,0.5434309050280879,0.8089350854960184,1.0785191822814535,1.394034397226019,0.4587429259084509,1
-0.9334610817535426,0.0,0.0,0.0,0.0,-0.8673452578999283,-1.022273554629209,0.0,0.0,0.4579670455840757,0
-0.2739542094219674,0.0,0.0,0.0,0.0,-0.2721680667798364,-0.6167169445693365,0.0,0.0,0.4675283830461879,0
0.8806731134357138,0.0,0.0,0.0,0.0,0.1865032940256878,-0.4260189459579204,1.067405725798198,1.344436979171577,0.4571910525615388,4
-0.0015525148825694,0.0,0.0,0.0,0.0,-0.1007799063676211,-0.7296649225245023,0.0,0.0,0.4623622128290076,0
-0.5503969038660345,0.0,0.0,0.0,0.0,-1.3513954655373794,-1.2436386091883012,0.0,0.0,0.4556387281225887,2
-0.0840133561601875,0.0,1.0,0.0,0.0,0.3478440239135525,-0.3428838574068739,0.0,0.0,0.4659790546285238,3
0.1360440127301477,0.0,1.0,0.0,0.0,0.3357902604471742,0.0,0.0,0.0,0.4556387281225887,3
0.0033118343174559,0.0,0.0,0.0,0.0,-0.540935219026,-0.3428838574068739,1.0531584011826194,1.394034397226019,0.4551211862966582,4
0.6557504650197188,0.0,1.0,0.0,0.0,0.1876808529489763,0.0,0.0,0.0,0.4543447794066793,3
0.3882363005541062,0.0,1.149512058475987,0.0,0.0,0.7127710461257879,0.9789536507197586,1.0853368178860443,1.4248002454769926,0.4543447794066793,1
-0.2680986049380712,0.0,1.0,0.0,0.0,0.5627017345974629,0.2202528561873677,1.022831460331992,1.0,0.4540859519919318,1
-0.1482370806475055,0.0,0.0,0.0,0.0,-0.357557609348307,-0.3428838574068739,1.049929575826221,1.218213644014002,0.453827112013499,4
0.9595172003653084,4.3306572852658105,0.7106121022478595,0.0,0.0,0.1312658904915712,0.2202528561873677,1.0394896384476304,1.218213644014002,0.453568259468594,8
0.8861964419475241,0.0,1.149512058475987,0.0,2.740863092043355e-16,1.0910407829651154,0.9127530921308108,0.0,0.0,0.4533093943544287,3
-0.0951948476886824,0.0,1.149512058475987,0.0,0.0,0.6687686527461129,0.2703350774754977,0.0,0.0,0.4525327235684788,3
0.2946462704229666,0.0,0.0,0.0,0.0,-0.994819647666771,-1.022273554629209,0.0,0.0,0.4520148801470532,0
0.1836031764231053,0.0,0.7106121022478595,0.0,0.0,0.1642679418819448,0.2202528561873677,0.0,0.0,0.453568259468594,3
-0.764365884705669,0.0,0.0,0.0,0.0,-0.4504732070810026,-0.516595772466355,0.0,0.0,0.4514969863815873,0
0.3912111981496433,0.0,0.0,0.0,0.0,-0.0522886984391982,0.0584867836105745,1.022831460331992,1.0,0.4504610477290429,4
0.550187976045246,0.0,1.2380816024689916,0.0,0.0,1.0416153803378154,0.7730013276593265,0.0,0.0,0.4496839614200348,3
-0.8420431715929064,0.0,1.0,0.0,0.0,0.1706657884831399,0.0584867836105745,0.0,0.0,0.4499430027971745,3
-1.1200959820286869,0.0,0.0,0.0,0.0,0.6478722887715418,-0.7296649225245023,0.8663642547672894,1.0,0.4496839614200348,4
-0.8235119032034673,0.0,0.0,0.0,0.0,-0.2706533879479112,-0.8610819189340483,0.0,0.0,0.4496839614200348,0
-0.1332134122935114,0.0,1.0,0.0,0.0,0.3659851784784701,0.1145274825220776,0.0,0.0,0.4489067616101375,3
0.8015292758517558,0.0,1.2380816024689916,0.0,0.0,1.0472488299004798,0.0584867836105745,0.0,0.0,0.4496839614200348,3
0.2503139192032547,0.0,1.149512058475987,0.0,0.0,0.6277405564964067,0.1145274825220776,0.0,0.0,0.447870318509016,3
1.153726825920239,0.0,1.149512058475987,0.0,0.0,0.8789521025911897,0.4112898545757565,0.0,0.0,0.4470928535688635,3
-0.6385462172139431,0.0,0.0,0.0,0.0,-0.7176339400963846,-0.6167169445693365,0.0,0.0,0.4481294482235734,0
0.0133450783282832,0.0,0.7106121022478595,0.0,0.0,0.2029451587019844,0.3187811813373079,1.0328773395340514,1.0,0.4452783262009838,1
0.2359109232968191,4.330657215003662,1.149512058475987,0.0,0.0,0.7276642244133736,0.3187811813373079,0.0,0.0,0.4452783262009838,9
0.938597401827752,0.0,1.2380816024689916,0.0,0.0,1.0697899554724395,0.3187811813373079,1.049929575826221,1.218213644014002,0.4447597759210027,1
0.0320728274768615,0.0,1.0,0.0,0.0,0.2709462361363976,-0.193584983678676,0.0,0.0,0.4445004817853694,3
0.3372537837029364,0.0,1.2380816024689916,0.0,0.0,0.9371017227353896,0.2202528561873677,0.0,0.0,0.4434631785392453,3
1.0479116864571871,0.0,1.2380816024689916,0.0,0.0,1.0524039165054824,0.2202528561873677,1.0057648184318375,1.0,0.4426850679866404,1
1.2202035164977505,0.0,1.0,0.0,0.0,0.3149877181816623,0.1683778618987765,0.0,0.0,0.4426850679866404,3
1.438215479987789,0.0,1.2380816024689916,0.0,0.0,1.133410360171352,0.6989246298564699,1.033883362385476,1.3025175370208548,0.4416474096137006,1
0.919717334647908,0.0,0.0,0.0,0.0,0.0411753941836966,-0.4260189459579204,1.0306204699037194,1.218213644014002,0.4411285042463906,4
-0.0637304528432591,0.0,0.0,0.0,0.0,-0.2950455559032495,0.0584867836105745,1.022831460331992,1.0,0.4429444508544121,4
-0.0154805944610754,4.330656905792317,0.0,0.0,0.0,0.2617444228425997,0.2703350774754977,1.0877666521854072,1.4186096146759073,0.4398310184516973,6
0.5412452871311724,0.0,0.7106121022478595,0.0,0.0,0.0282848896886178,0.1145274825220776,0.0,0.0,0.4393119351235119,3
-0.3397103395575064,0.0,0.0,0.0,0.0,-0.2567390261568691,-0.7296649225245023,0.988153482273682,1.0,0.4387928008981191,4
1.5674012127077013,0.0,1.2380816024689916,0.0,0.0,1.121553463788776,0.7730013276593265,1.0853368178860443,1.4067157636187435,0.4380140040778676,1
-0.0569829831562116,0.0,1.0,0.0,0.0,0.494721989351285,0.2202528561873677,0.0,0.0,0.4369754299642768,3
-2.0064131206152904,0.0,0.0,0.0,0.0,0.5424272708726807,0.1145274825220776,1.0269662977944063,1.3025175370208548,0.4374947425096304,4
0.8422412318223715,0.0,1.149512058475987,0.0,0.0,0.5373121860003264,0.2703350774754977,1.0368224148220306,1.3025175370208548,0.4670119899505577,1
-0.0014218047084899,0.0,1.149512058475987,0.0,0.0,0.6591807723351194,0.0,1.006052142399291,1.0,0.4231949931474228,1
-0.0914430768305099,0.0,1.0,0.0,0.0,0.3941237692641757,0.1145274825220776,0.0,0.0,0.2470563612740199,3
-1.0434886995222534,0.0,1.149512058475987,0.0,0.0,0.5619199907416992,0.1145274825220776,0.0,0.0,0.3952632023763533,3
0.6244987125296095,0.0,1.0,0.0,0.0,0.4080512257278284,0.2703350774754977,0.0,0.0,0.3185222138631448,3
-0.3218613008338703,0.0,0.0,0.0,0.0,-0.7077869673735322,-1.022273554629209,1.022831460331992,1.0,0.3955249421939505,4
0.3000715209736232,0.0,1.0,0.0,0.0,0.2462881483950567,0.0,0.0,0.0,0.3986647897432599,3
0.3235452921030476,0.0,0.7106121022478595,0.0,0.0,0.0808319576203936,0.1683778618987765,0.0,0.0,0.4343781017796161,3
-1.744093578222755,0.0,0.0,0.0,0.0,-0.735115881599933,-0.516595772466355,0.0,0.0,0.4151179653027238,0
-0.1219641814283853,0.0,1.2380816024689916,0.0,0.0,1.0625608563227604,0.0,0.0,0.0,0.3921212923200991,3
-0.5399313702832831,0.0,0.0,0.0,0.0,-1.3513954655373794,-1.2436386091883012,0.0,0.0,0.4046775291285476,2
-1.4175959876106352,0.0,0.0,0.0,0.0,-0.0472107296238399,-0.1256132043464057,0.0,0.0,0.4044162501924356,0
1.071821145702026,0.0,0.0,0.0,0.0,0.2561997015196864,-0.7296649225245023,0.0,0.0,0.4080729630487341,0
1.332078220597872,0.0,0.0,0.0,0.0,0.1224723531172452,-1.022273554629209,0.0,0.0,0.375857555210682,0
0.476536084273177,0.0,0.0,0.0,0.0,-0.3321368725700185,-0.8610819189340483,0.0,0.0,0.2744814760453739,0
-0.8801451908323679,0.0,0.0,0.0,0.0,-0.392809711163643,-0.193584983678676,0.0,0.0,0.4278791843547646,0
-0.0951783501769197,0.0,0.0,0.0,0.0,-0.2925336452859802,0.2202528561873677,0.0,0.0,0.3811095359955889,0
1.7334358255350584,0.0,0.7106121022478595,0.0,0.0,-0.0604119958817929,0.0,0.0,0.0,0.40598372716443,3
1.2967993781226084,0.0,1.149512058475987,0.0,0.0,0.8514144305154824,0.2703350774754977,0.0,0.0,0.4242362852177978,3
0.3658718426855738,0.0,0.7106121022478595,0.0,0.0,0.0178435651332687,0.1145274825220776,0.0,0.0,0.4117271132669099,3
-0.1385717558495666,0.0,1.0,0.0,0.0,0.4723011251478207,0.0,0.0,0.0,0.4122489260095057,3
0.424374615697813,0.0,0.0,0.0,0.0,0.0392710407439754,-0.7296649225245023,0.0,0.0,0.4143356561389539,0
-0.1357217964725632,0.0,0.0,0.0,0.0,-0.4666110923155345,-0.8610819189340483,0.0,0.0,0.4125098128388749,0
0.5087268868131102,0.0,0.0,0.0,0.0,-0.1057716535131008,-0.4260189459579204,0.0,0.0,0.4010184293104234,0
0.5272752158720668,0.0,0.0,0.0,0.0,-0.5109376799694366,-0.7296649225245023,1.057319856752445,1.3025175370208548,0.4278791843547646,4
-0.4522273893720488,0.0,0.0,0.0,0.0,-1.3513954655373794,-1.2436386091883012,0.0,0.0,0.2221849328775474,2
0.056553207137315,0.0,1.149512058475987,0.0,0.0,0.7400178730602393,0.3187811813373079,0.0,0.0,0.4033710032512888,3
-1.5853933845620356,0.0,0.0,0.0,0.0,-0.5109376799694366,-0.7296649225245023,0.988153482273682,1.0,0.3973567509374495,4
0.5701331972392549,0.0,0.0,0.0,0.0,0.0457684775087443,0.2202528561873677,1.0136429499206276,1.218213644014002,0.3627040067792845,4
0.3016036600913416,0.0,0.7106121022478595,0.0,0.0,-0.0554642309600741,0.0,0.0,0.0,0.3434386067267839,3
0.3681884793141151,0.0,0.7106121022478595,0.0,0.0,0.5543298010968751,-0.193584983678676,0.0,0.0,0.334705444435478,3
-0.0096136421142911,0.0,0.0,0.0,0.0,-0.7005541308865523,-0.1256132043464057,0.0,0.0,0.3434386067267839,0
-0.5195909174132017,0.0,1.149512058475987,0.0,0.0,0.9778139273313268,0.4112898545757565,0.0,0.0,0.425017118899312,3
-0.3361912192549856,0.0,0.0,0.0,0.0,-1.3513954655373794,-1.2436386091883012,0.0,0.0,0.4278791843547646,2
0.445313074205876,0.0,1.0,0.0,0.0,0.1511164146845579,-0.1256132043464057,0.0,0.0,0.3776963592667545,3
0.5904547901652092,4.330657119249411,1.2380816024689916,0.0,0.0,1.508682720929607,0.4555743605292723,1.0546270911177729,1.3025175370208548,0.4351574342803754,8
-0.0486698168439265,0.0,1.2380816024689916,0.0,0.0,1.253184017170922,1.0742563978161943,0.9565747954222968,1.0,0.4338584828906167,1
0.0670715753281107,0.0,1.0,0.0,0.0,0.2150069099387465,0.0584867836105745,0.0,0.0,0.4374947425096304,3
0.479928985017081,0.0,1.149512058475987,0.0,0.0,0.807571132417861,0.4112898545757565,1.033883362385476,1.218213644014002,0.4338584828906167,1
0.7539801193691485,0.0,1.2380816024689916,0.0,0.0,1.025235304199595,0.8089350854960184,0.0,0.0,0.4333388128640132,3
-0.3833573464231827,0.0,0.0,0.0,0.0,-0.2406817715518523,-0.7296649225245023,0.0,0.0,0.4325592118907819,0
0.0598258285467301,0.0,0.7106121022478595,0.0,0.0,0.6214736706682602,0.3657267131137707,1.0730034399359627,1.3685309911523162,0.4322993193059742,1
0.3495050382960365,0.0,0.7106121022478595,0.0,0.0,0.1297608268234492,0.1145274825220776,0.0,0.0,0.292145069432156,3
1.26174905423224,0.0,1.149512058475987,0.0,0.0,0.8799695650846712,0.4112898545757565,1.022831460331992,1.0,0.273677066034413,1
1.4083274818287923,0.0,1.2380816024689916,0.0,0.0,1.4892658825951968,0.6989246298564699,0.0,0.0,0.2578298627836102,3
0.6801976416392352,4.330657289459473,1.149512058475987,0.0,0.0,0.6372288188080302,0.4555743605292723,1.0306204699037194,1.218213644014002,0.2378798421704478,8
0.5828845041833114,0.0,1.2380816024689916,0.0,0.0,1.2169618765985717,0.4112898545757565,0.0,0.0,0.4356769254258705,3
0.4879099391089901,0.0,0.7106121022478595,0.0,0.0,0.2625901445889915,0.2202528561873677,1.006052142399291,1.0,0.4302197175253944,1
2.2514321457732187,0.0,0.0,0.0,0.0,0.4971217207998746,-0.2657509156119179,1.0018134395699367,1.0,0.4296996888905182,4
0.3087055010157136,0.0,1.0,0.0,0.0,0.3566314812902934,0.0584867836105745,0.0,0.0,0.4268386133946221,3
0.8150333652406149,0.0,1.0,0.0,0.0,0.3096692375695036,0.2703350774754977,0.0,0.0,0.4281392949605308,3
-0.3113359314089715,4.330657257630068,0.0,0.0,0.0,-1.3513954655373794,-1.2436386091883012,0.0,0.0,0.4257978366357757,9
0.4240201267090671,0.0,1.149512058475987,0.0,0.0,0.7494437879518122,-0.193584983678676,0.0,0.0,0.4260580501292868,3
-0.1573149445370708,0.0,0.0,0.0,0.0,-0.5627380187757388,-1.022273554629209,0.0,0.0,0.4260580501292868,0
0.5323556535885617,0.0,1.0,0.0,0.0,0.270917544916896,0.0584867836105745,0.0,0.0,0.4247568538921425,3
-0.2688146838657045,0.0,0.0,0.0,0.0,0.0486723145399621,0.946135927825118,1.0681963516467785,1.4229121222943435,0.4247568538921425,4
0.4243239837287917,0.0,1.2380816024689916,0.0,0.0,0.9523702713292784,0.1683778618987765,0.0,0.0,0.4244965759992761,3
-0.5748923246242156,4.330657260956641,1.2380816024689916,0.0,0.0,1.314451159941216,0.6216146055503267,0.9750538018491568,1.218213644014002,0.4231949931474228,8
0.8131265592879497,0.0,1.149512058475987,0.0,0.0,0.6333570383619401,0.2202528561873677,0.0,0.0,0.4226742697046839,3
1.6187557384567974,0.0,0.7106121022478595,0.0,0.0,0.3678664102729103,0.8089350854960184,1.0531584011826194,1.3025175370208548,0.422934637879117,1
-0.2556233684925438,0.0,0.7106121022478595,0.0,0.0,0.0668478740900715,0.0,0.0,0.0,0.4226742697046839,3
-0.1608846345713003,0.0,1.0,0.0,0.0,0.6123584650566007,0.1145274825220776,1.022831460331992,1.0,0.4216326678871898,1
-1.5910251288849944,0.0,0.0,0.0,0.0,-0.4879956411652101,-0.6167169445693365,0.0,0.0,-0.8169306822989997,0
0.1291704493494167,0.0,1.149512058475987,0.0,0.0,0.7126884461178735,0.1683778618987765,1.049929575826221,1.218213644014002,0.4211117894656135,1
-1.289282322540959,4.330657195913765,0.0,0.0,0.0,0.2707453655122144,-0.3428838574068739,0.0,0.0,0.4205908593375715,9
-0.6144871759195064,0.0,0.0,0.0,0.0,-0.7077869673735322,-1.022273554629209,0.0,0.0,0.419548843868239,0
-0.0905901153459937,0.0,0.7106121022478595,0.0,0.0,0.0482267289307195,-0.2657509156119179,0.0,0.0,0.419027758479975,3
0.6683256120557676,0.0,1.149512058475987,0.0,0.0,1.014657132050616,0.4555743605292723,1.022831460331992,1.0,0.4174641914185555,1
1.000749788571511,0.0,1.0,0.0,0.0,0.2785810142838127,0.2202528561873677,0.9750538018491568,1.218213644014002,0.4169428986873622,1
-0.3391497897332267,0.0,0.7106121022478595,0.0,0.0,0.2110708221457201,0.0584867836105745,0.0,0.0,0.4161608622807015,3
-0.1354426543567489,0.0,0.0,0.0,0.0,-0.4247427161063798,-0.193584983678676,0.988153482273682,1.3025175370208548,0.4151179653027238,4
0.8346917853157811,0.0,1.149512058475987,0.0,0.0,0.8552765533135952,0.1683778618987765,0.0,0.0,0.4138140516852426,3
-0.3299898489165138,0.0,0.0,0.0,0.0,-0.1887003103056858,-0.1256132043464057,0.0,0.0,0.3105439581093209,0
0.0784520213005217,0.0,1.2380816024689916,0.0,0.0,1.076611431567447,0.1145274825220776,0.0,0.0,0.2790372935910656,3
-0.3951509706651708,0.0,1.0,0.0,0.0,0.4274342326706058,0.1145274825220776,0.0,0.0,0.3734924098700416,3
-0.8915017391986748,0.0,0.0,0.0,0.0,-1.3513954655373794,-1.2436386091883012,0.0,0.0,0.4004954904642998,10
-0.1094561684879899,0.0,1.0,0.0,0.0,0.4631743656808281,0.4986718890691056,0.9565747954222968,1.0,0.3365591996450139,1
-0.5437404015878816,0.0,0.0,0.0,0.0,0.5826080901151315,-0.3428838574068739,0.0,0.0,0.3776963592667545,0
0.2434619069002216,0.0,0.0,0.0,0.0,0.0614589672995108,-0.6167169445693365,0.0,0.0,0.3884533169981277,0
-0.9594114587850676,0.0,0.0,0.0,0.0,0.0026619756235597,-0.0612410630353533,1.0791768467992444,1.394034397226019,0.3140027737317435,4
-1.4660352304676856,0.0,0.0,0.0,0.0,0.2866393669530198,-0.8610819189340483,0.0,0.0,0.3978800060334957,0
0.2851478617366749,0.0,0.0,0.0,0.0,0.3457945680596425,0.4112898545757565,1.071083660422793,1.4013322872298857,0.3737552576762845,4
0.4471458169146528,0.0,0.0,3.816391647148976e-17,0.0,-0.0139036549124192,0.0584867836105745,0.0,0.0,0.3955249421939505,5
0.3259382911401903,4.330657271573691,0.0,0.0,0.0,0.3617659418486607,0.2703350774754977,1.089783668988605,1.4140046247801077,0.2937476994629235,6
-0.0516635407375199,0.0,0.0,0.0,0.0,-0.4465608616397132,-0.4260189459579204,0.0,0.0,0.3879291078810195,0
-0.3208150759394323,0.0,0.0,0.0,0.0,-0.5627380187757388,-1.022273554629209,0.0,0.0,0.4088562106910469,0
0.0780862976217498,0.0,1.0,0.0,0.0,0.3505567735819114,0.1683778618987765,0.0,0.0,0.4062449274636986,3
0.4229557457588033,0.0,1.2380816024689916,0.0,0.0,1.012726098707507,0.4986718890691056,0.0,0.0,0.3640208862686462,3
0.0482411010158652,0.0,1.0,0.0,0.0,0.528661103090612,0.1145274825220776,0.9565747954222968,1.0,0.3566419721596293,1
-0.3699080043958975,0.0,0.0,0.0,0.0,-0.1206517797954315,-0.1256132043464057,0.0,0.0,0.3832088273006499,0
0.5662297788326384,0.0,1.0,0.0,0.0,0.2178048802922158,0.4555743605292723,0.0,0.0,0.3811095359955889,3
0.8085607011809751,0.0,1.2380816024689916,0.0,0.0,1.00319763269872,0.1145274825220776,0.0,0.0,0.3845204499211876,3
-0.1858994286965368,0.0,0.0,0.0,0.0,-1.3513954655373794,-1.2436386091883012,0.0,0.0,0.3737552576762845,2
0.2141628566251415,0.0,1.0,0.0,0.0,0.3440893217940929,0.1145274825220776,0.0,0.0,0.3439674033642198,3
-0.1564881706608928,0.0,0.0,0.0,0.0,-1.3513954655373794,-1.2436386091883012,0.0,0.0,0.3640208862686462,2
0.2055161430192141,0.0,1.0,0.0,0.0,0.4714551710803161,-0.0612410630353533,0.0,0.0,0.3769083810285448,3
1.12689679701173,0.0,1.2380816024689916,0.0,0.0,1.118714860550711,1.1050458926679774,0.0,0.0,0.3876669833610324,3
-0.3638515753050157,0.0,0.7106121022478595,0.0,0.0,0.1840046785700399,0.6216146055503267,0.0,0.0,0.3829464626956964,3
-0.3886877902687193,0.0,1.0,0.0,0.0,0.2783263652681408,0.0,0.0,0.0,0.2367990935392649,3
-0.3701523750143349,0.0,0.0,0.0,0.0,-0.1762508259805706,-0.3428838574068739,0.0,0.0,0.4132923951949176,0
0.0430863486314283,0.0,0.0,0.0,0.0,-0.4465608616397132,-0.7296649225245023,1.022831460331992,1.0,0.4117271132669099,4
0.5257518418171032,0.0,1.149512058475987,0.0,0.0,0.7207896300433879,0.1683778618987765,1.022831460331992,1.0,0.4099003579749709,1
-0.7179989489917078,0.0,1.149512058475987,0.0,0.0,0.5877506255803153,0.1683778618987765,0.0,0.0,0.4117271132669099,3
0.1723248757321952,0.0,0.7106121022478595,0.0,0.0,0.0950293649242862,-0.0612410630353533,0.0,0.0,0.4085951412132904,3
0.6070438629555359,0.0,1.0,0.0,0.0,0.4500944239158269,0.4986718890691056,1.0560115612601553,1.344436979171577,0.4078118543559545,1
0.7067113456749968,0.0,1.0,0.0,0.0,0.3658885366167309,0.3187811813373079,1.071083660422793,1.344436979171577,0.4065061146673347,1
-1.219450603211656,0.0,1.0,0.0,0.0,0.3092682735184874,0.3657267131137707,0.0,0.0,0.4062449274636986,3
-0.4064077041944712,0.0,1.0,0.0,0.0,0.2957597933589955,0.1683778618987765,0.9271671564532872,1.0,0.4052000476628205,1
-0.1000116235311544,0.0,1.0,0.0,0.0,0.270917544916896,0.0584867836105745,0.0,0.0,0.4049387949510074,3
0.3809026748741171,0.0,1.0,0.0,0.0,0.2312969692779435,0.4112898545757565,1.0689577040329925,1.3837532157583627,0.4044162501924356,1
-0.1776171743457286,4.330657302508056,1.0,0.0,0.0,0.2169480031930206,-0.1256132043464057,0.0,0.0,0.4031096587017741,9
-0.0108921615611159,0.0,1.149512058475987,0.0,0.0,0.5825239877584928,0.1145274825220776,0.0,0.0,0.4078118543559545,3
-0.1373989308616485,0.0,0.0,0.0,0.0,0.5486024458887674,-0.3428838574068739,0.0,0.0,0.4004954904642998,0
-1.2180031267150802,0.0,0.0,0.0,0.0,-0.7615470556773098,-0.7296649225245023,0.0,0.0,0.4015413155330578,0
0.2193599668301273,4.33065677805932,1.2380816024689916,0.0,0.0,0.9392881680680106,0.3187811813373079,0.8663642547672894,1.0,0.3986647897432599,8
0.0176748879869059,0.0,0.0,0.0,0.0,-0.2950455559032495,-0.7296649225245023,1.006052142399291,1.0,0.397618385083119,4
0.3776935141599312,0.0,1.0,0.0,0.0,0.3607915396600493,0.0584867836105745,0.0,0.0,0.3955249421939505,3
-0.2603950481116014,0.0,0.0,0.0,0.0,-0.0619412414153022,-0.7296649225245023,0.0,0.0,0.3942161108483552,0
0.2933188982450022,0.0,1.0,0.0,0.0,0.4921764034354434,0.1683778618987765,0.0,0.0,0.3934306532463315,3
-0.2090190482385089,0.0,1.149512058475987,0.0,0.0,0.7223656243495011,0.6216146055503267,0.0,0.0,0.3368239660474996,3
0.7175100031114089,0.0,0.0,0.0,0.0,0.2083978714865463,0.8089350854960184,1.0763472940434369,1.4296674257788191,0.2688478111620742,4
2.3761061556319856,0.0,0.0,0.0,0.0,0.3719450567100661,0.1683778618987765,1.0619187631672482,1.344436979171577,0.3497805177438164,4
-1.0127759210938534,0.0,0.0,0.0,0.0,-1.3513954655373794,-1.2436386091883012,0.0,0.0,0.2819829114051823,10
-0.5243920444202852,0.0,0.0,0.0,0.0,-0.0873439595150307,-0.6167169445693365,0.0,0.0,0.3516287457127601,0
-0.2409344467387864,0.0,0.0,0.0,0.0,-0.286573156226593,-0.4260189459579204,0.0,0.0,0.166562238300038,0
-0.4768776315709579,0.0,0.0,0.0,0.0,-0.6048002118302626,-0.0612410630353533,0.0,0.0,0.3155983388284706,0
0.1726599531979148,0.0,1.149512058475987,0.0,0.0,0.68894858969172,0.8441827789462959,1.022831460331992,1.0,0.3571693924291044,1
-0.9026842782500246,0.0,0.0,0.0,0.0,-1.3513954655373794,-1.2436386091883012,0.0,0.0,0.2942817934778195,10
-0.6560308471923942,0.0,0.0,0.0,0.0,-0.4666110923155345,-0.516595772466355,0.0,0.0,0.2294976270454446,0
-0.6155560476034152,0.0,0.0,0.0,0.0,-0.4204021478622716,-0.6167169445693365,1.0419259054467114,1.3025175370208548,0.3389415959778358,4
-0.2082457310787806,0.0,0.0,0.0,0.0,-0.2567390261568691,0.0,0.0,0.0,0.2548695513144869,0
-0.7584382024062915,0.0,0.0,0.0,0.0,-1.3513954655373794,-1.2436386091883012,0.0,0.0,0.2367990935392649,10
-0.5733229820505735,0.0,0.0,0.0,0.0,-1.3513954655373794,-1.2436386091883012,0.0,0.0,0.3370887185174669,2
-1.0879037506910978,0.0,0.0,0.0,0.0,-0.2662386563720534,0.1145274825220776,0.0,0.0,0.3476674309363252,0
-0.0647107716065061,0.0,0.0,0.0,0.0,-0.392809711163643,-0.193584983678676,0.0,0.0,0.3315259863546655,0
-1.458534164224665,0.0,0.0,0.0,0.0,-1.3513954655373794,-1.2436386091883012,0.0,0.0,0.2785015358277558,10
-0.0560598478607444,0.0,0.0,0.0,0.0,-0.1714493247972344,-0.1256132043464057,0.0,0.0,0.3012197526702827,0
-0.3228407455568231,0.0,0.0,0.0,0.0,-0.4097900255070059,-0.2657509156119179,0.0,0.0,0.289740144297527,0
-0.7991494509692652,0.0,0.0,0.0,0.0,-0.5109376799694366,-0.7296649225245023,0.0,0.0,0.3915974551551266,0
0.7838225377795612,0.0,0.0,0.0,0.0,0.2932324336346337,0.3657267131137707,1.0865033616969215,1.423927592080586,0.3217099408150619,4
-1.1445155935812628,0.0,0.0,0.0,0.0,-0.5862940284804599,-0.7296649225245023,1.0419259054467114,1.218213644014002,0.2790372935910656,4
0.9312673939096576,0.0,1.149512058475987,0.0,0.0,0.7338692981306696,0.3187811813373079,1.0777609424765606,1.344436979171577,0.229226987225777,1
1.115241041557874,0.0,0.0,0.0,0.0,-0.2261034492420216,-0.6167169445693365,0.9271671564532872,1.0,0.360069226572635,4
0.5942632949563683,0.0,1.149512058475987,0.0,0.0,0.7215101552462418,0.5406638713926494,1.0619187631672482,1.3685309911523162,0.2580988919862601,1
0.76610972455038,0.0,1.0,0.0,0.0,0.2101384578039472,0.2202528561873677,0.0,0.0,0.3495164301226774,3
-1.4631226983191392,0.0,0.0,0.0,0.0,-1.3513954655373794,-1.2436386091883012,0.0,0.0,0.297218275477131,10
-0.1437939011131833,0.0,1.0,0.0,0.0,0.4021396078545278,0.3187811813373079,1.0629354125627657,1.3025175370208548,0.3421163727137337,1
-0.8789830755335867,0.0,0.0,0.0,0.0,-0.5109376799694366,-0.7296649225245023,0.0,0.0,0.3555869673714575,0
1.2420926871911506,0.0,1.149512058475987,0.0,0.0,0.7580717245929145,0.0584867836105745,0.0,0.0,0.3513647544134449,3
-0.2868104577635499,0.0,1.0,0.0,0.0,0.1930299383222889,0.1145274825220776,0.0,0.0,0.3590149326606048,3
0.2752614524256889,0.0,0.0,0.0,0.0,-0.3266019649922968,-0.516595772466355,1.0515961795290998,1.3025175370208548,0.3619137157792441,4
-0.8127568411945166,0.0,0.0,0.0,0.0,-1.3513954655373794,-1.2436386091883012,0.0,0.0,0.3444961446312571,10
1.6254030946583655,0.0,0.0,0.0,0.0,0.5815981207925531,-0.193584983678676,1.0747827824328542,1.344436979171577,0.3590149326606048,4
-0.031563483635333,4.330657302143432,0.0,0.0,0.0,0.1167026546180687,-0.0612410630353533,1.0689577040329925,1.3837532157583627,0.3645475428772136,6
0.1844570104686667,0.0,1.149512058475987,0.0,0.0,0.89233403696092,0.3657267131137707,0.9565747954222968,1.0,0.3677063419863514,1
0.3295003216582445,0.0,0.0,0.0,0.0,0.0309747418028691,0.2703350774754977,0.0,0.0,0.2717995922634676,0
0.6333955383531316,0.0,1.0,0.0,0.0,0.2469786912226812,0.2202528561873677,0.0,0.0,0.3230375596906871,3
0.4365372606928402,4.330656510538694,1.2380816024689916,0.0,0.0,1.2871135332336376,0.6989246298564699,1.0665838155427505,1.3685309911523162,0.3121406337836204,8
0.606534094499158,4.330657295261619,0.7106121022478595,0.0,0.0,0.1649710936341494,0.6606974057623132,0.0,0.0,0.3140027737317435,9
-0.255995625158837,0.0,1.2380816024689916,0.0,0.0,1.290787753151609,0.2202528561873677,0.0,0.0,0.3217099408150619,3
-0.9686587475228224,0.0,1.0,0.0,0.0,0.3077687533192993,0.1683778618987765,0.0,0.0,0.3418518843269639,3
0.2512655620567313,0.0,0.0,0.0,0.0,-1.3513954655373794,-1.2436386091883012,0.0,0.0,0.2918779136412743,11
-0.1822023486799154,0.0,0.0,0.0,0.0,-0.4504732070810026,-0.6167169445693365,1.006052142399291,1.218213644014002,0.277429843846457,4
0.5468336465339811,0.0,0.0,0.0,0.0,-0.2197575881340956,-0.1256132043464057,0.0,0.0,0.3328510052169376,0
-0.9022811151985166,0.0,0.0,0.0,0.0,-1.3513954655373794,-1.2436386091883012,0.0,0.0,0.3219754928280713,10
-0.804428310185676,0.0,0.7106121022478595,0.0,0.0,-0.1022713373342045,0.1683778618987765,0.0,0.0,0.2473259931071645,3
-0.3540676513533869,0.0,0.0,0.0,0.0,0.3368852913621254,-0.6167169445693365,0.0,0.0,0.3474032330362094,0
-0.1628574133421257,0.0,0.0,0.0,0.0,-0.0532334085844064,0.6216146055503267,1.0629354125627657,1.3025175370208548,0.3362944193066587,4
-0.1224094234407042,0.0,0.0,0.0,0.0,-0.5109376799694366,-0.6167169445693365,1.022831460331992,1.0,0.3384122719966806,4
0.8426160162026738,0.0,0.0,0.0,0.0,-0.011058457457534,0.2703350774754977,1.0981035509121866,1.423927592080586,0.3423808472346911,4
-0.5940687396277294,0.0,0.0,0.0,0.0,-0.4924513148303137,-0.6167169445693365,0.0,0.0,0.346082036474649,0
-0.6605377116239078,0.0,0.0,0.0,0.0,-0.1227367284726898,-1.022273554629209,0.0,0.0,0.2937476994629235,0
-0.6443821004901452,0.0,0.0,0.0,0.0,-1.3513954655373794,-1.2436386091883012,0.0,0.0,0.3500445915948628,2
0.5588003641002338,0.0,0.0,0.0,0.0,0.2606049654324766,-0.0612410630353533,1.0730034399359627,1.4067157636187435,0.3569056891353802,4
0.0941291837361564,0.0,1.0,0.0,0.0,0.2410954318028465,0.1145274825220776,0.0,0.0,0.1268908719093029,3
-0.3562190076646169,0.0,0.7106121022478595,0.0,0.0,-0.0866229693115005,-0.1256132043464057,0.0,0.0,0.391335516675842,3
0.1598947480256998,4.3306568732308985,0.0,0.0,0.0,-1.3513954655373794,-1.2436386091883012,0.0,0.0,0.3328510052169376,9
0.9429499423189902,0.0,1.149512058475987,0.0,2.740863092043355e-16,1.2716467798343207,0.8089350854960184,0.0,0.0,0.391335516675842,3
0.5280731445562444,0.0,1.0,0.0,0.0,0.6103813064317039,0.8089350854960184,1.075275807817614,1.4013322872298857,0.391335516675842,1
0.4099975991049742,0.0,0.0,0.0,0.0,-0.3734826763416964,-0.8610819189340483,0.9565747954222968,1.0,0.391335516675842,4
0.0847591074217431,0.0,1.0,0.0,0.0,0.2112314061696853,0.3657267131137707,1.0306204699037194,1.218213644014002,0.3444961446312571,1
0.4173493681614021,0.0,0.7106121022478595,0.0,0.0,0.1420438269143029,0.1145274825220776,1.0614986787435996,1.0,0.2916107433305708,1
0.0794177299238782,0.0,0.7106121022478595,0.0,0.0,0.1856605258784794,0.9789536507197586,1.0089406844593778,1.218213644014002,0.3492523287281647,1
0.9355463786338616,0.0,1.149512058475987,0.0,0.0,0.6801153541401854,0.3187811813373079,1.067146219916517,1.218213644014002,0.3259570802569907,1
-0.2255968759772396,0.0,0.0,0.0,0.0,-0.8008686164877915,-0.7296649225245023,0.0,0.0,0.3238339616847277,0
-0.2960203315647981,0.0,0.7106121022478595,0.0,0.0,0.2724360790346963,0.4112898545757565,1.0587990437773054,1.218213644014002,0.3887154016014206,1
-0.2488337196555063,0.0,1.0,0.0,0.0,0.2515793846833591,-0.516595772466355,0.0,0.0,0.3876669833610324,3
0.875000679234758,0.0,1.0,0.0,0.0,0.3392969604004517,0.4112898545757565,1.022831460331992,1.0,0.385831738819364,1
-0.5179372852003244,0.0,0.0,0.0,0.0,-1.3513954655373794,-1.2436386091883012,0.0,0.0,0.3845204499211876,2
0.3205607948416469,4.330657253141467,0.0,0.0,0.0,0.5169958713193712,0.1683778618987765,1.0394896384476304,1.218213644014002,0.3829464626956964,6
-0.5907005790810728,0.0,0.0,0.0,0.0,-1.0525103976331662,-1.022273554629209,0.8663642547672894,1.0,0.3829464626956964,4
0.3317056424101656,0.0,1.2380816024689916,0.0,0.0,0.9044903125027576,0.6216146055503267,0.8663642547672894,1.0,0.3792719532170718,1
-0.0790266889766591,0.0,1.0,0.0,0.0,0.5149736120187344,-0.3428838574068739,0.0,0.0,0.4729475152190244,3
0.1970865303381596,0.0,1.0,0.0,0.0,0.4647052215623974,0.0584867836105745,0.0,0.0,0.3755948151340254,3
-0.2003104355730397,0.0,0.0,0.0,0.0,-0.0793010390147463,-0.4260189459579204,1.0560115612601553,1.344436979171577,0.3740180920052903,4
-0.7436726980365947,0.0,0.0,0.0,0.0,0.0581961790961046,0.1683778618987765,1.090876589664345,1.4140046247801077,0.3797970438772972,4
-0.271390253393731,0.0,0.0,0.0,0.0,-1.316098827102664,-0.7296649225245023,0.0,0.0,0.372966673813213,0
0.0237229034254463,0.0,0.0,0.0,0.0,-0.2701812889004685,-0.4260189459579204,0.9271671564532872,1.218213644014002,0.3713891418603607,4
-0.9705396926337504,0.0,0.0,0.0,0.0,-0.3432380832821493,0.0584867836105745,0.0,0.0,0.3698111237020052,0
0.5069021511687894,0.0,1.149512058475987,0.0,0.0,0.7565251881815716,0.1145274825220776,0.0,0.0,0.3682326186527743,3
-0.3772532951079225,0.0,0.0,0.0,0.0,-0.1567355266753786,0.1683778618987765,0.0,0.0,0.36796948709307,0
0.2024977059508136,0.0,1.149512058475987,0.0,0.0,0.8296949785746875,0.878778350041491,0.0,0.0,0.3661271866801752,3
-0.3347283453171915,0.0,1.2380816024689916,0.0,0.0,0.9946215878714963,0.4555743605292723,0.0,0.0,0.3648108507970711,3
-0.5687043129596774,0.0,0.0,3.816391647148976e-17,0.0,0.1528466843414659,0.0584867836105745,0.0,0.0,0.3640208862686462,5
0.1098916068149147,0.0,0.0,0.0,0.0,-0.392809711163643,-0.6167169445693365,1.071083660422793,1.344436979171577,0.2243528322640918,4
-0.3326439669310712,0.0,0.0,0.0,0.0,-0.4962435671276746,-0.516595772466355,1.022831460331992,1.0,0.0484449843311395,4
0.4739724041368323,0.0,1.2380816024689916,0.0,0.0,0.903087961639706,0.3657267131137707,1.0125842817931043,1.0,0.2717995922634676,1
0.3569878611721641,0.0,0.0,0.0,0.0,-0.0912703243518949,-0.7296649225245023,0.0,0.0,0.2988192557771702,0
-0.052487790817356,0.0,0.0,0.0,0.0,-0.1887003103056858,0.0,0.0,0.0,0.3658639466550463,0
-1.6922140307937703,0.0,0.0,0.0,0.0,-1.3513954655373794,-1.2436386091883012,0.0,0.0,0.4577083937689411,10
0.8009081300788997,0.0,0.0,0.0,0.0,0.4948964840894328,-0.193584983678676,0.0,0.0,0.3621771597289571,0
-0.5074110275948148,0.0,0.0,0.0,0.0,-0.8995092591160481,-0.6167169445693365,0.0,0.0,0.3611233021933066,0
0.6211027268088771,0.0,0.7106121022478595,0.0,0.0,0.0656890022507699,-0.2657509156119179,0.0,0.0,0.3611233021933066,3
-0.4022154286553169,0.0,0.0,0.0,0.0,-0.4879956411652101,-0.6167169445693365,0.0,0.0,0.3598056735675099,0
-0.7415676252108024,0.0,1.149512058475987,0.0,0.0,0.855813789528151,0.2202528561873677,1.0629354125627657,1.3025175370208548,0.3582240688485573,1
-0.0213048341743628,0.0,1.149512058475987,0.0,0.0,0.6335434149213246,0.9789536507197586,1.0736033659228592,1.3685309911523162,0.3590149326606048,1
-0.0477261443203809,0.0,1.149512058475987,0.0,0.0,0.8181777813417674,0.7730013276593265,0.0,0.0,0.3553231819368869,3
-0.610229822706388,0.0,0.0,0.0,0.0,-0.4666110923155345,-0.8610819189340483,0.0,0.0,0.3550593828008059,0
0.5897964392374173,0.0,1.2380816024689916,0.0,0.0,0.9997954634025784,0.6606974057623132,0.988153482273682,1.0,0.2559462384059997,1
0.3085693305717858,0.0,0.0,0.0,0.0,-0.1136898245593518,-0.8610819189340483,0.0,0.0,0.1922747489680202,0
-0.4083973099117823,0.0,0.7106121022478595,0.0,0.0,-0.0875845563887501,0.0584867836105745,0.0,0.0,0.3309958808347971,3
0.2225095188742029,0.0,1.2380816024689916,0.0,0.0,0.93298075299705,0.2703350774754977,0.0,0.0,0.2640137494508914,3
0.8527954461166376,0.0,0.0,0.0,0.0,0.1319416869430066,-0.8610819189340483,0.988153482273682,1.0,0.3307308070667148,4
-0.7795176434647533,0.0,0.0,0.0,0.0,-0.8673452578999283,-0.8610819189340483,0.9750538018491568,1.218213644014002,0.3230375596906871,4
-2.1869917964490115,0.0,0.0,0.0,0.0,-0.5627380187757388,-1.022273554629209,0.0,0.0,0.3049515423659874,0
-0.1059146673383869,0.0,0.0,0.0,0.0,0.0657749409195726,0.0584867836105745,1.0778175216248964,1.4067157636187435,0.2801086328103902,4
0.8997482087044477,0.0,1.2380816024689916,0.0,0.0,1.0397166962337705,0.2202528561873677,0.0,0.0,0.2857293156645731,3
-1.6176656748097171,0.0,0.0,0.0,0.0,-0.3611691579503857,-0.0612410630353533,0.0,0.0,0.2640137494508914,0
1.0243398301754838,0.0,1.149512058475987,0.0,0.0,0.8158727731637369,0.0584867836105745,1.022831460331992,1.0,0.2473259931071645,1
0.8065805409009649,0.0,0.0,0.0,0.0,-1.3513954655373794,-1.2436386091883012,0.0,0.0,0.2408506412206189,11
0.4265656918454413,0.0,0.0,0.0,0.0,-0.3210420225389215,0.0584867836105745,0.0,0.0,0.2693846320120305,0
0.6679203287263702,4.330656747736993,0.0,0.0,0.0,0.1029712889394036,0.4112898545757565,1.076850654943709,1.4229121222943435,0.2413905882966817,6
0.6139738884842563,0.0,0.0,0.0,0.0,-0.1657610199821456,-0.516595772466355,1.069313299390919,1.344436979171577,0.267236992431187,4
2.2488105259253657,0.0,1.0,0.0,2.740863092043355e-16,0.7962284122921598,1.1353788601052053,1.0730034399359627,1.394034397226019,0.2583679062018257,1
-0.3725273837388408,0.0,0.0,0.0,0.0,-1.3513954655373794,-1.2436386091883012,0.0,0.0,0.273677066034413,2
0.0044221211658327,4.330657209256604,0.0,0.0,0.0,-0.247735968492626,0.0,1.0837484482849882,1.4165481093681518,-0.0475735286270883,6
-0.581546592171675,0.0,0.7106121022478595,0.0,0.0,-0.0769462242740313,0.0584867836105745,0.0,0.0,0.2432799236198096,3
0.747117824035424,0.0,0.0,0.0,0.0,0.0614589672995108,-0.7296649225245023,0.0,0.0,0.2942817934778195,0
-0.8737001959230231,0.0,0.0,0.0,0.0,-0.1368161515977499,-0.4260189459579204,1.0422965521627436,1.3025175370208548,0.1257839092295233,4
0.5255948679531995,0.0,1.2380816024689916,0.0,0.0,0.9521645744467512,0.6216146055503267,1.0419259054467114,1.394034397226019,0.1786156747862946,1
-0.276186855059966,0.0,0.7106121022478595,0.0,0.0,-0.0194932080452697,0.0,0.0,0.0,0.1429113376763733,3
0.2650557747620145,0.0,0.0,0.0,0.0,-0.5336658061251055,0.0584867836105745,0.0,0.0,0.2492129922069087,0
-1.0469108322655525,0.0,0.0,0.0,0.0,-1.3513954655373794,-1.2436386091883012,0.0,0.0,0.2696530201925549,10
0.3321592106450206,0.0,1.149512058475987,0.0,0.0,0.7362397337290839,0.4112898545757565,0.0,0.0,0.2330145446326602,3
-0.1912550721694617,0.0,0.0,0.0,0.0,-0.2682987425518662,-0.0612410630353533,0.0,0.0,0.0059794796048445,0
-0.5089474102076269,0.0,0.0,0.0,0.0,-1.3513954655373794,-1.2436386091883012,0.0,0.0,0.2486739252346616,2
-0.0311249972949494,0.0,1.149512058475987,0.0,0.0,0.5471801167542901,0.1683778618987765,1.022831460331992,1.0,0.271263038088987,1
1.3822926974627288,4.330656905792317,1.2380816024689916,0.0,0.0,1.0835300453335837,0.8441827789462959,1.08123225311969,1.4140046247801077,0.1594248728254868,8
1.1082157357132618,0.0,1.149512058475987,0.0,0.0,0.6054520236270018,0.3657267131137707,0.0,0.0,0.1939111446769674,3
0.3599508502136082,0.0,0.7106121022478595,0.0,0.0,0.423534552256701,-0.2657509156119179,0.0,0.0,0.3526845734710723,3
1.157678420134954,0.0,1.0,0.0,0.0,0.505084660715602,0.2703350774754977,0.0,0.0,0.3145346856308704,3
-0.394745187793399,0.0,0.0,0.0,0.0,-1.3513954655373794,-1.2436386091883012,0.0,0.0,0.290541916817394,2
0.4360049159714672,4.330657153270268,0.0,0.0,0.0,0.1687513847602189,0.0584867836105745,1.0733177380992,1.218213644014002,0.2688478111620742,6
0.4735350793272984,0.0,1.0,0.0,0.0,0.3961897677501513,0.0584867836105745,0.0,0.0,0.2969513948798346,3
0.8743123847630798,0.0,1.2380816024689916,0.0,0.0,1.116442919562438,1.0742563978161943,1.06569346051118,1.41081075138084,0.2492129922069087,1
-1.2185196118303123,0.0,0.0,0.0,0.0,-0.2136753377677934,-0.193584983678676,0.0,0.0,0.3065500195377322,0
-0.3194982030617921,0.0,0.0,0.0,0.0,-1.3513954655373794,-1.2436386091883012,0.0,0.0,0.3009530884190843,2
-0.4018053333525787,0.0,0.0,0.0,0.0,-0.8673452578999283,-0.7296649225245023,0.0,0.0,0.3524206371407992,0
0.249340178972584,0.0,1.149512058475987,0.0,0.0,0.8554556771516558,0.0584867836105745,0.0,0.0,0.3524206371407992,3
-0.3420978509087328,0.0,0.7106121022478595,0.0,0.0,-0.0313601901041038,-0.1256132043464057,0.0,0.0,0.3240994008147336,3
0.2141409473596294,0.0,1.149512058475987,0.0,0.0,0.7979313411078864,0.2202528561873677,0.0,0.0,0.0613834768425346,3
-0.8356466519580142,0.0,0.0,0.0,0.0,-0.309435522339599,-0.7296649225245023,0.0,0.0,0.2675054993437325,0
-0.2172688694806042,0.0,0.7106121022478595,0.0,0.0,0.0905606177095463,0.1683778618987765,0.0,0.0,0.2484043690679891,3
-0.6942983799284268,0.0,0.0,0.0,0.0,-0.1842046073722011,0.5816230273987638,0.0,0.0,0.1243998218951731,0
-0.8201547277362374,0.0,0.0,0.0,0.0,-0.9688021386147352,-1.022273554629209,0.9263844087406272,1.0,0.265088401913167,4
-0.8098039012444664,0.0,0.0,0.0,0.0,-0.8673452578999283,-1.022273554629209,0.0,0.0,0.23220317882722,0
-1.472438310412551,0.0,0.0,0.0,0.0,-1.3513954655373794,-1.2436386091883012,0.0,0.0,0.276625920346405,10
-0.0374705713827638,0.0,0.0,0.0,0.0,-1.3513954655373794,-1.2436386091883012,0.0,0.0,0.2819829114051823,2
-1.0811825931794865,0.0,0.0,0.0,0.0,-0.0812533876198105,-0.6167169445693365,0.0,0.0,0.2332849691969088,0
0.2100000949476329,0.0,0.0,0.0,0.0,-0.2563748252899571,-0.3428838574068739,0.0,0.0,0.1418082997066327,0
0.7470483536930633,4.330657300880698,1.149512058475987,0.0,0.0,0.7999330159963455,0.2202528561873677,0.8663642547672894,1.0,0.2918779136412743,8
0.7370518042052888,0.0,0.0,0.0,0.0,-0.3492711855151557,-0.8610819189340483,1.006052142399291,1.0,0.2950828258533405,4
1.043524014723922,0.0,1.0,0.0,0.0,0.4204003425531889,0.4112898545757565,0.0,0.0,0.3256917397200254,3
-0.068168161395907,0.0,0.0,0.0,0.0,-0.6635769177752666,-0.516595772466355,0.0,0.0,0.299619551119633,0
0.3436400956590464,0.0,1.0,0.0,0.0,0.2236700203168624,0.3187811813373079,0.0,0.0,0.2637450490858041,3
0.2439578287128304,4.330655285737183,0.0,0.0,0.0,-0.1392546002083886,-0.2657509156119179,1.0726467297989328,1.3837532157583627,0.2691162290031181,6
-0.162187142717605,4.330656553681684,0.0,0.0,0.0,-0.1105048999747424,-0.516595772466355,0.0,0.0,0.2037174985948017,9
-0.007648723856629,0.0,1.0,0.0,0.0,0.4487557580250629,0.1145274825220776,0.9271671564532872,1.0,0.2691162290031181,1
-0.067103829172009,0.0,0.0,0.0,0.0,-0.3672718964376736,-0.193584983678676,1.049929575826221,1.3685309911523162,0.3017530379924051,4
-1.10951073377805,0.0,0.0,0.0,0.0,-0.3581569760423467,-0.193584983678676,0.0,0.0,0.2728725231049844,0
1.1953603738128675,0.0,0.7106121022478595,0.0,0.0,0.5061702544129648,0.1145274825220776,1.022831460331992,1.0,0.2297682514637518,1
0.0446583306019509,0.0,0.0,0.0,0.0,-0.0781220419879964,-0.1256132043464057,1.0419259054467114,1.3025175370208548,0.275017675591941,4
0.656232064402673,0.0,1.0,0.0,0.0,0.2137301357364877,0.1145274825220776,0.0,0.0,0.3036190835992844,3
0.601241887014022,0.0,0.0,0.0,0.0,-0.6257406946473614,-0.6167169445693365,1.0368224148220306,1.218213644014002,0.2297682514637518,4
-0.0471388943743312,0.0,1.0,0.0,0.0,0.3369107316560408,0.1145274825220776,0.0,0.0,0.3256917397200254,3
0.5103878486838012,0.0,1.149512058475987,0.0,0.0,0.6528354393195851,0.1683778618987765,0.0,0.0,0.2998862873971666,3
-0.3220889533102461,0.0,1.2380816024689916,0.0,0.0,0.8905136230068517,0.2703350774754977,0.0,0.0,0.2715313225754768,3
0.4256394072336081,0.0,0.7106121022478595,0.0,0.0,0.5047414385245369,-0.4260189459579204,0.0,0.0,0.322506554490405,3
0.5424699728190424,0.0,0.7106121022478595,0.0,0.0,0.1226252941413535,-0.7296649225245023,0.0,0.0,0.3155983388284706,3
0.8788895712817353,0.0,0.7106121022478595,0.0,0.0,0.2767959485969104,0.2703350774754977,0.9271671564532872,1.0,0.3009530884190843,1
0.1655111996179636,0.0,0.0,0.0,0.0,-0.2185171088302851,-0.4260189459579204,1.022831460331992,1.0,0.3174591851591505,4
-0.3515901293229683,0.0,1.149512058475987,0.0,0.0,0.6851281677224188,0.3657267131137707,0.0,0.0,0.2586369054341207,3
0.0483769924238893,4.330656905792317,0.0,0.0,0.0,-1.3513954655373794,-1.2436386091883012,0.0,0.0,0.2680424686086898,9
-0.9612615158419916,0.0,0.0,0.0,0.0,-1.3513954655373794,-1.2436386091883012,0.0,0.0,0.2637450490858041,10
0.0275184242822251,0.0,0.0,0.0,0.0,-0.5627380187757388,-1.022273554629209,0.0,0.0,0.3110762403820422,0
-0.5679763692705359,0.0,1.0,0.0,0.0,0.4789464573988394,0.2703350774754977,0.0,0.0,0.3065500195377322,3
-2.2454591991038595,0.0,0.0,0.0,0.0,-0.8673452578999283,-1.022273554629209,0.9750538018491568,1.0,0.3182564779464348,4
1.0704420453219383,0.0,1.2380816024689916,0.0,0.0,1.2704586484427385,1.1353788601052053,1.077340525634657,1.4067157636187435,0.3044186019191994,1
0.1457326309060362,0.0,0.7106121022478595,0.0,0.0,0.0801652514110094,0.2703350774754977,0.0,0.0,0.1936384519394421,3
-0.5910777433413239,0.0,0.0,0.0,0.0,-0.7116791819903217,-0.7296649225245023,0.0,0.0,0.289740144297527,0
0.1706704820709238,0.0,0.0,0.0,0.0,-0.3321368725700185,-0.7296649225245023,1.049929575826221,1.218213644014002,0.1654649046993189,4
-1.7630606091534862,0.0,0.0,0.0,0.0,-1.3513954655373794,-1.2436386091883012,0.0,0.0,0.1876351696671552,10
0.0328222785891496,0.0,0.0,0.0,0.0,-0.540935219026,-0.7296649225245023,1.0531584011826194,1.3025175370208548,0.2940147537158871,4
-0.4088373753396041,0.0,1.0,0.0,0.0,0.1525587183502889,0.1683778618987765,0.0,0.0,0.1673850665106938,3
-0.5439314491348162,0.0,0.0,0.0,0.0,-1.3513954655373794,-1.2436386091883012,0.0,0.0,0.2696530201925549,2
0.4565741041804683,0.0,1.149512058475987,0.0,0.0,0.6281165149353822,0.3187811813373079,0.0,0.0,0.3518927232649111,3
-0.1855812450856554,0.0,0.0,0.0,0.0,-0.314607663064253,-0.1256132043464057,0.0,0.0,0.3516287457127601,0
-0.5398680778926984,0.0,0.0,0.0,0.0,-0.4584416709535648,-0.7296649225245023,1.0515961795290998,1.218213644014002,0.3513647544134449,4
-1.0688414194089229,0.0,0.0,0.0,0.0,-1.3513954655373794,-1.2436386091883012,0.0,0.0,0.3571693924291044,10
-0.5213717771605696,0.0,0.0,0.0,0.0,0.3528610196398589,-0.3428838574068739,0.0,0.0,0.3481957853507068,0
-1.7630606091534862,0.0,0.0,0.0,0.0,-1.3513954655373794,-1.2436386091883012,0.0,0.0,0.3481957853507068,10
0.5012886744572783,0.0,1.149512058475987,0.0,0.0,0.8455929027955091,0.2703350774754977,1.049929575826221,1.218213644014002,0.3476674309363252,1
0.5099386454988142,0.0,1.2380816024689916,0.0,0.0,0.9878166720924948,0.5406638713926494,1.006052142399291,1.0,0.345817755727066,1
-0.1978881138466253,0.0,1.0,0.0,0.0,0.4120110671073891,0.2703350774754977,0.0,0.0,0.3442317809173826,3
0.1786667987962384,0.0,0.0,0.0,0.0,-0.3244114507994075,0.0584867836105745,0.0,0.0,0.3437030119684572,0
0.2807891527970569,0.0,1.149512058475987,0.0,0.0,0.8132274448075558,0.2202528561873677,0.9750538018491568,1.0,0.3333809148577593,1
-0.5041694999611515,0.0,0.0,3.816391647148976e-17,0.0,0.0276798631048176,0.2202528561873677,0.0,0.0,0.3331159670271255,5
1.4806933722182771,4.330657259765598,1.2380816024689916,0.0,0.0,1.156568367164622,0.5816230273987638,0.0,0.0,0.3423808472346911,9
-0.6297660676650276,0.0,1.149512058475987,0.0,0.0,0.8740611887387681,0.2202528561873677,0.0,0.0,0.3797970438772972,3
0.0072982808103942,0.0,0.0,0.0,0.0,0.3406884483837645,-0.6167169445693365,0.9271671564532872,1.0,0.3397354776646499,4
-1.5456020628446774,0.0,0.0,0.0,0.0,-0.5988379990205733,-0.6167169445693365,1.006052142399291,1.3025175370208548,0.3381475891391032,4
0.8930023177438148,0.0,0.7106121022478595,0.0,0.0,-0.0826193138756503,0.0584867836105745,0.0,0.0,0.3368239660474996,3
0.0829049257776985,0.0,0.0,3.816391647148976e-17,0.0,0.2181535764162826,0.4986718890691056,1.0763472940434369,1.394034397226019,0.3365591996450139,5
-0.7369448178697289,0.0,0.0,0.0,0.0,-0.7176339400963846,-0.6167169445693365,0.0,0.0,0.3352351585274907,0
-0.6232340726302393,0.0,0.0,0.0,0.0,-0.1479724911364366,0.7363445937263972,0.0,0.0,0.334970308459485,0
-0.780124330153397,0.0,0.0,0.0,0.0,-0.3052666337569913,0.1683778618987765,0.0,0.0,0.3344405664521092,0
-0.0850863824226674,0.0,0.0,0.0,0.0,-0.9674664273370568,-1.022273554629209,0.0,0.0,0.3410583359385564,0
1.128085671670476,0.0,1.2380816024689916,0.0,0.0,0.9367216767560448,0.1145274825220776,0.0,0.0,0.3309958808347971,3
-0.2997346703621522,0.0,1.0,0.0,0.0,0.4896591547590633,0.2202528561873677,0.0,0.0,0.3296703718611327,3
-0.1804538912967021,0.0,0.0,0.0,0.0,-0.540935219026,-0.4260189459579204,0.0,0.0,0.3291400701309839,0
1.568646692540946,0.0,1.2380816024689916,0.0,0.0,0.9867326125157976,0.7730013276593265,1.042204358757102,1.4013322872298857,0.3272835719439352,1
-1.0553342270504442,0.0,0.0,0.0,0.0,-1.3513954655373794,-1.2436386091883012,0.0,0.0,0.3267530174551077,10
-0.2025110690725981,0.0,1.0,0.0,0.0,0.1758850227440161,-0.0612410630353533,0.0,0.0,0.3259570802569907,3
-0.2344460526965819,0.0,1.0,0.0,0.0,0.2900289779172482,0.0584867836105745,0.0,0.0,0.3248956336486109,3
1.169650177197105,0.0,1.149512058475987,0.0,0.0,0.6313345021197183,0.4555743605292723,0.0,0.0,0.3238339616847277,3
0.0095626308202366,0.0,0.0,0.0,0.0,-0.0975045607019111,0.2202528561873677,0.0,0.0,0.3219754928280713,0
-0.4137495612836357,0.0,0.0,0.0,0.0,-0.1201321430848241,-0.8610819189340483,0.0,0.0,0.3203819687942548,0
0.6248049622972607,0.0,0.0,0.0,0.0,-0.2522111631274852,-0.193584983678676,1.083411375551137,1.4067157636187435,0.3195850158934218,4
-0.3236618280386374,0.0,1.149512058475987,0.0,0.0,0.7557247682641005,0.3657267131137707,1.0269662977944063,1.218213644014002,0.3195850158934218,1
0.386285316354045,0.0,1.149512058475987,0.0,0.0,0.6916112467172734,0.3657267131137707,0.9271671564532872,1.218213644014002,0.317990727859168,1
-0.3846547710337752,4.330656905792317,1.149512058475987,0.0,0.0,0.4570112534532768,0.2703350774754977,0.9271671564532872,1.0,0.316661764743574,8
-0.3188180566625788,0.0,1.0,0.0,0.0,0.1702834831993065,0.0584867836105745,0.0,0.0,0.3158642166063136,3
-0.7257535665040518,0.0,0.0,0.0,0.0,-1.3513954655373794,-1.2436386091883012,0.0,0.0,0.3145346856308704,10
0.9907507577187894,0.0,0.0,0.0,0.0,-0.3552892298200253,-0.193584983678676,0.0,0.0,0.312938779193845,0
-0.8799236546244589,0.0,1.2380816024689916,0.0,0.0,1.123348852241166,0.1683778618987765,0.0,0.0,0.3121406337836204,3
-0.8609685323828514,0.0,0.0,0.0,0.0,-0.4431562475914374,-0.193584983678676,0.0,0.0,0.3105439581093209,0
0.8361501133035809,0.0,1.149512058475987,0.0,0.0,0.7060610568989805,0.1683778618987765,0.0,0.0,0.3089467686678798,3
0.7568362522015916,0.0,1.2380816024689916,0.0,0.0,0.9881994566254164,0.1683778618987765,0.988153482273682,1.0,0.3073490647031588,1
-0.5858518479485968,4.330657294415908,1.149512058475987,0.0,0.0,0.7076859354389071,0.0584867836105745,0.0,0.0,0.3062836425061109,9
-0.3165106088048227,0.0,0.0,0.0,0.0,-0.3766299742847432,-0.3428838574068739,1.022831460331992,1.0,0.3046850793168877,4
-0.1350590109344133,0.0,0.0,0.0,0.0,-0.0104510772300876,0.4555743605292723,1.0629354125627657,1.394034397226019,0.3044186019191994,4
-0.1757876696647647,0.0,1.149512058475987,0.0,0.0,0.586364423128326,0.6989246298564699,0.0,0.0,0.3561144971490692,3
0.9542242277935562,0.0,1.149512058475987,0.0,0.0,0.7115309737951372,0.5816230273987638,1.0125842817931043,1.218213644014002,0.3009530884190843,1
0.3043561154001584,4.330657188617976,1.149512058475987,0.0,0.0,0.7088500805190975,0.1145274825220776,1.022831460331992,1.0,0.298018830595101,8
-0.5067493987978207,0.0,0.0,0.0,0.0,-1.3513954655373794,-1.2436386091883012,0.0,0.0,0.2969513948798346,2
0.7947826834444874,0.0,1.2380816024689916,0.0,0.0,1.2317097657033254,0.4112898545757565,0.0,0.0,0.2958837279387893,3
-0.2908667799577041,0.0,0.0,0.0,0.0,-0.9674664273370568,-1.022273554629209,0.0,0.0,0.2303094541122947,0
-0.3957347152886022,0.0,1.0,0.0,0.0,0.2808956486715948,-0.0612410630353533,0.9750538018491568,1.0,-0.4566268377837009,1
0.1960782657515372,4.330657195038436,1.149512058475987,0.0,0.0,0.8509865097578501,0.3657267131137707,1.022831460331992,1.218213644014002,0.0723228091623305,8
-0.2263895336721532,0.0,0.0,0.0,0.0,-0.1033309138114237,0.3657267131137707,0.0,0.0,0.2072536424638831,0
0.4733043976599481,0.0,1.0,0.0,0.0,0.2992023131422335,0.0584867836105745,1.00503661544306,1.0,0.1577762078127483,1
1.82440989079302,4.330655285737183,0.0,0.0,0.0,-0.2261034492420216,0.0,1.084719994083769,1.4140046247801077,0.2624013235743575,6
0.2400135243918285,0.0,1.149512058475987,0.0,0.0,0.6586431394807035,0.3657267131137707,0.8663642547672894,1.0,0.2200160408403445,1
-0.4245585849595515,0.0,1.149512058475987,0.0,0.0,0.7992058015677332,0.3187811813373079,0.0,0.0,0.1731407467074211,3
0.0223878053327007,0.0,0.0,0.0,0.0,-0.7827296072725455,-0.8610819189340483,1.0035361251243116,1.218213644014002,-0.143565900288233,4
-0.3820126710017321,0.0,0.0,0.0,0.0,-0.4147007671244653,-0.6167169445693365,0.0,0.0,0.2953498076870504,0
0.696342823007478,0.0,0.0,0.0,0.0,-0.0479797322932813,0.6989246298564699,1.0862196719082846,1.4288581958896645,0.1127565630216791,4
0.1116564373105794,0.0,0.0,0.0,0.0,-0.1656886033748901,0.1145274825220776,0.0,0.0,0.2443592093287,0
-0.1677859967919399,0.0,0.0,0.0,0.0,-0.7278888609680588,-0.7296649225245023,1.0180943570563885,1.3025175370208548,0.2637450490858041,4
0.9607076317989518,0.0,1.2380816024689916,0.0,0.0,1.0287466060524195,0.4112898545757565,1.0882564793698812,1.344436979171577,0.2527154553025127,1
-0.4815161999839582,0.0,0.0,0.0,0.0,-0.1937894977859246,0.3187811813373079,0.0,0.0,0.2953498076870504,0
0.233092676888921,0.0,1.149512058475987,0.0,0.0,0.734735870957417,0.1145274825220776,1.006052142399291,1.0,0.2924122107068203,1
1.0614143386868555,0.0,0.0,0.0,0.0,-0.2308458711554957,0.0,0.0,0.0,0.2913435584964393,0
0.1891986693174832,0.0,0.0,0.0,0.0,-0.4666110923155345,-0.7296649225245023,1.0629354125627657,1.3025175370208548,0.2902746738534588,4
0.9186405258381528,0.0,1.2380816024689916,0.0,0.0,0.9650902400069278,0.4555743605292723,0.0,0.0,0.289740144297527,3
0.2850076287851832,4.330657251212871,0.0,0.0,0.0,-0.2389381006452756,-0.516595772466355,1.0481458543966122,1.344436979171577,0.289740144297527,6
0.3358726635027984,0.0,0.0,0.0,0.0,-0.3798059899413203,-0.1256132043464057,0.0,0.0,0.287601443835495,0
-0.1459500928513109,0.0,0.0,0.0,0.0,-0.8008686164877915,-0.7296649225245023,0.0,0.0,0.2846592069487034,0
0.5210749901646374,0.0,1.0,0.0,0.0,0.1627881436752116,0.2202528561873677,0.0,0.0,0.2827859537719918,3
0.1357532826051049,0.0,0.0,0.0,0.0,0.0039381906679862,-0.516595772466355,1.0962442084109163,1.344436979171577,0.2825182876312646,4
-1.2809092049858222,0.0,0.0,0.0,0.0,-1.3513954655373794,-1.2436386091883012,0.0,0.0,0.2809119830718964,10
-0.2328633355147235,0.0,0.7106121022478595,0.0,0.0,-0.0714039106313179,-0.6167169445693365,0.0,0.0,0.2913435584964393,3
-0.2555199992160882,0.0,1.0,0.0,0.0,0.2242341488884443,0.0584867836105745,0.998116281742044,1.0,0.2793051504287861,1
0.6867807178817147,0.0,1.2380816024689916,0.0,0.0,0.8793635908087061,0.3657267131137707,0.0,0.0,0.2785015358277558,3
-0.3335232591777595,0.0,0.7106121022478595,0.0,0.0,0.0017271120629534,0.1145274825220776,0.0,0.0,0.2867991907297562,3
0.851605898664732,0.0,1.149512058475987,0.0,0.0,0.7774145298621765,0.3187811813373079,0.0,0.0,0.2790372935910656,3
1.0475906150344296,0.0,1.149512058475987,0.0,0.0,0.7069781414117683,1.0742563978161943,1.0681963516467785,1.3837532157583627,0.2747495831955909,1
-1.4073256385805142,0.0,0.0,0.0,0.0,-0.9369838393770168,-1.022273554629209,0.0,0.0,0.273677066034413,0
0.08669920890064,0.0,1.149512058475987,0.0,0.0,0.6608356942313053,0.1145274825220776,0.0,0.0,0.2731407188563738,3
-0.3273001431207426,0.0,1.0,0.0,0.0,0.2277307378206507,-0.193584983678676,0.0,0.0,0.2728725231049844,3
0.4870495217108739,0.0,0.7106121022478595,0.0,0.0,0.0850607214486986,-0.0612410630353533,0.0,0.0,0.2717995922634676,3
0.0509407445150597,0.0,0.7106121022478595,0.0,0.0,0.1227399689179559,0.3187811813373079,0.0,0.0,0.2717995922634676,3
1.4651888276582208,0.0,0.0,0.0,0.0,0.2127064633401993,-0.193584983678676,1.0880237223785418,1.344436979171577,0.2715313225754768,4
-2.5695346982579914,0.0,0.0,0.0,0.0,-1.0525103976331662,-1.022273554629209,0.8663642547672894,1.0,0.2699213935484336,4
0.5443804697045764,0.0,1.2380816024689916,0.0,0.0,1.002950552557447,0.7730013276593265,0.0,0.0,0.2752857532381333,3
0.7418458115985574,0.0,1.2380816024689916,0.0,0.0,1.0173200128739346,0.4555743605292723,0.988153482273682,1.0,0.2675054993437325,1
0.809738072782249,0.0,1.149512058475987,0.0,0.0,0.8329495800426273,0.1683778618987765,0.0,0.0,0.2121454532287797,3
-0.7777477899403606,0.0,0.0,0.0,0.0,-1.3513954655373794,-1.2436386091883012,0.0,0.0,0.2303094541122947,10
0.1824176438042174,0.0,0.0,0.0,0.0,-0.7591490285750823,-0.7296649225245023,0.0,0.0,0.2465170521690126,0
-0.1531369684622726,0.0,0.0,0.0,0.0,-0.3211502284975905,0.1145274825220776,0.0,0.0,0.1423598522520202,0
0.1339337294448255,0.0,0.0,0.0,0.0,0.1740936916368483,-0.1256132043464057,0.0,0.0,0.2484043690679891,0
-0.8234114103814043,0.0,0.0,0.0,0.0,-1.3513954655373794,-1.2436386091883012,0.0,0.0,0.2395005068526626,10
-0.5401846023669712,0.0,0.7106121022478595,0.0,0.0,0.1350833385258738,0.1683778618987765,0.0,0.0,0.2189312219280677,3
0.045709043784786,0.0,1.149512058475987,0.0,0.0,0.6609994675362805,0.4112898545757565,1.0531584011826194,1.218213644014002,0.2113305044692807,1
0.6835389207320961,0.0,1.149512058475987,0.0,0.0,0.7877120757110662,0.2202528561873677,1.022831460331992,1.0,0.2143179611175167,1
-0.2270838450896286,0.0,0.0,0.0,0.0,-1.3513954655373794,-1.2436386091883012,0.0,0.0,0.2227270007041052,2
0.9328295415188046,0.0,1.0,0.0,0.0,0.4465529220063918,0.1145274825220776,0.0,0.0,-0.0208530427793149,3
-0.6617655984705264,0.0,0.0,0.0,0.0,-1.3513954655373794,-1.2436386091883012,0.0,0.0,0.2151323935916423,10
-0.1058142140359763,0.0,0.0,0.0,0.0,-0.074604048554615,-0.4260189459579204,0.0,0.0,0.1412566800028716,0
1.048511839257752,4.33065729830926,0.0,0.0,0.0,0.5574890288915887,-0.0612410630353533,1.0629354125627657,1.3025175370208548,0.2432799236198096,6
0.6981497995552322,0.0,1.2380816024689916,0.0,0.0,0.9065991952003234,0.1683778618987765,1.006052142399291,1.0,0.2069817259300798,1
-0.1262223469097702,0.0,0.0,0.0,0.0,-0.1937894977859246,-0.0612410630353533,0.0,0.0,0.2351775116957662,0
1.1221419522756215,0.0,1.2380816024689916,0.0,0.0,0.9311988781573765,0.8441827789462959,1.022831460331992,1.0,0.093840734408148,1
-0.2069330366848727,0.0,0.0,0.0,0.0,-1.3513954655373794,-1.2436386091883012,0.0,0.0,0.2492129922069087,2
0.899924163180731,0.0,1.149512058475987,0.0,0.0,0.8121093665309769,0.3187811813373079,0.0,0.0,0.1055335672999912,3
-0.3427077773243461,0.0,0.0,0.0,0.0,-0.3463579279866599,0.0,0.0,0.0,0.0042719305848642,0
0.0938093125129407,0.0,1.149512058475987,0.0,0.0,0.7980892583984883,0.6989246298564699,1.0769496880100204,1.344436979171577,0.1969097135328696,1
-0.0120108337711093,4.330656826015956,0.0,0.0,0.0,-0.1861034639724407,-0.4260189459579204,1.0648370576179522,1.3685309911523162,0.1720449811687129,6
0.2030423278979903,0.0,0.0,0.0,0.0,-0.3299127425634512,-0.3428838574068739,0.0,0.0,0.175879022139343,0
0.6292864142951526,0.0,1.2380816024689916,0.0,0.0,1.000135453271959,0.3657267131137707,1.022831460331992,1.0,0.2653570277980839,1
-0.2103356390625072,0.0,0.0,0.0,0.0,-1.3513954655373794,-1.2436386091883012,0.0,0.0,0.2640137494508914,2
1.2386304612172767,4.330657246679007,1.149512058475987,0.0,0.0,1.0002548727729572,0.4986718890691056,1.006052142399291,1.0,0.2624013235743575,8
1.3233811127131407,0.0,0.0,0.0,0.0,0.0557891814640391,0.8089350854960184,1.09699173032409,1.4294229069220834,0.2615949091824744,4
-0.428921312282614,0.0,0.0,0.0,0.0,0.2908592650195192,-0.6167169445693365,0.0,0.0,0.2599816769798938,0
0.6084017717332566,0.0,0.0,0.0,0.0,-0.5382145909517446,-0.3428838574068739,0.0,0.0,0.2599816769798938,0
0.2753932691013962,0.0,0.0,0.0,0.0,-0.4276680827230703,-0.6167169445693365,1.0394896384476304,1.3025175370208548,0.2583679062018257,4
-0.8646777868013634,0.0,0.0,0.0,0.0,-0.4526847736161137,-0.193584983678676,0.0,0.0,0.23220317882722,0
-0.5692011167652233,0.0,1.0,0.0,0.0,0.3598642994620831,0.1683778618987765,0.0,0.0,0.1310395555230727,3
-0.809313180673373,0.0,0.0,0.0,0.0,-0.6824506364388458,-0.2657509156119179,0.0,0.0,0.1553020947116099,0
0.0792351224283281,0.0,1.2380816024689916,0.0,0.0,1.067278388415321,0.3187811813373079,1.0515961795290998,1.3025175370208548,0.2300388604847013,1
0.7962522252191319,0.0,0.0,0.0,0.0,-0.5742767490190575,-0.4260189459579204,0.9750538018491568,1.3025175370208548,0.1646417323523654,4
0.3254431129448353,4.330656905792317,0.0,0.0,0.0,0.1224723531172452,-1.022273554629209,0.0,0.0,0.2015400842577242,9
-0.4339581061659484,0.0,0.0,0.0,0.0,-0.3868973395532678,-0.6167169445693365,0.0,0.0,0.1531017568488348,0
0.6903625299672855,4.330657141715592,0.0,0.0,0.0,0.0939362857803043,0.4112898545757565,1.058558970906916,1.3837532157583627,0.1569516523125947,6
0.1448590333850988,4.330657209256604,1.0,0.0,0.0,0.6767957872554481,0.1145274825220776,0.0,0.0,0.2091566178235625,9
-0.0996629486795781,0.0,0.0,0.0,0.0,-0.4465608616397132,-0.4260189459579204,0.0,0.0,0.1816241236135001,0
1.890680217870738,0.0,1.149512058475987,0.0,0.0,0.8850246431991057,0.3187811813373079,1.0180943570563885,1.0,0.1879082142166897,1
0.0773804756303551,0.0,0.0,0.0,0.0,0.3816396962461821,0.0,0.998116281742044,1.3025175370208548,0.1610729440035123,4
1.6541700923316671,0.0,1.0,0.0,0.0,0.5569811236411195,0.4112898545757565,1.0648370576179522,1.394034397226019,0.2246237499949501,1
0.4778664131740255,0.0,0.7106121022478595,0.0,0.0,0.1182092689842084,0.1683778618987765,0.9271671564532872,1.0,0.2240818990554552,1
0.0419497446420135,0.0,0.0,0.0,0.0,-0.3681348017911753,-0.0612410630353533,0.0,0.0,0.0910521559076699,0
-1.528140780719837,0.0,0.0,0.0,0.0,-0.5265673842483647,-0.8610819189340483,0.0,0.0,0.1453921924624432,0
0.0413465106454325,0.0,0.0,0.0,0.0,-0.1656886033748901,0.6989246298564699,0.0,0.0,0.1318688334465375,0
-0.1959486230592756,0.0,0.0,0.0,0.0,-0.3611691579503857,0.0584867836105745,0.0,0.0,0.1199678685921352,0
-0.4982981601772797,0.0,0.0,0.0,0.0,-1.3513954655373794,-1.2436386091883012,0.0,0.0,0.1808038314457293,2
-1.1569349563931506,0.0,0.0,0.0,0.0,-0.6718344272042854,-0.8610819189340483,0.0,0.0,0.2303094541122947,0
0.7242423756783088,4.330657189724927,0.0,0.0,0.0,0.1789706408512331,-0.2657509156119179,1.0368224148220306,1.218213644014002,0.2088848113549117,6
0.2848773904352711,0.0,1.0,0.0,0.0,0.34167304668296,0.0,0.0,0.0,0.2164894687787142,3
-0.3487900294856583,0.0,0.0,0.0,0.0,-0.6927936682722089,-0.7296649225245023,0.0,0.0,0.2235399861886819,0
0.685626970179789,4.330657249012649,0.0,0.0,0.0,-0.1585106382002809,-0.1256132043464057,0.9271671564532872,1.0,0.1260606754840237,6
-1.3825082701741835,0.0,0.0,0.0,0.0,0.0392710407439754,-0.7296649225245023,0.0,0.0,0.1379455493588331,0
0.3195922871851837,0.0,0.0,0.0,0.0,-0.1937894977859246,-0.6167169445693365,1.049929575826221,1.218213644014002,0.2202872067015945,4
0.3335372515662702,0.0,1.149512058475987,0.0,0.0,0.6436664173010695,0.0584867836105745,1.022831460331992,1.0,0.05773088242341,1
0.7343367573916204,0.0,0.0,0.0,0.0,-0.0652443442890857,0.0584867836105745,1.0826590374012182,1.4140046247801077,0.184630619981893,4
-0.0540143169813129,0.0,1.0,0.0,0.0,0.3297417245061955,0.3187811813373079,1.0751782345929854,1.218213644014002,0.2189312219280677,1
-0.9653017918953908,0.0,0.0,0.0,0.0,-1.3513954655373794,-1.2436386091883012,0.0,0.0,0.0022789073636437,10
-1.1515503284539843,0.0,1.0,0.0,0.0,0.4849674675739126,0.2202528561873677,1.022831460331992,1.0,0.2567535960258369,1
0.3510846522773007,0.0,1.0,0.0,0.0,0.5194770910917276,0.1145274825220776,1.049929575826221,1.218213644014002,0.2559462384059997,1
0.8938784077435971,0.0,1.2380816024689916,0.0,0.0,0.9278651322016854,0.5816230273987638,0.0,0.0,0.2543311175861667,3
0.66019033348022,0.0,1.149512058475987,0.0,0.0,0.6613864050826085,0.1683778618987765,0.0,0.0,0.2527154553025127,3
-0.3498090648346586,0.0,0.0,3.816391647148976e-17,0.0,0.0067237278529405,0.2202528561873677,1.0269662977944063,1.3025175370208548,0.2510992507247279,5
0.0377169123325588,0.0,0.0,0.0,0.0,-0.1532080274085085,-0.0612410630353533,1.058558970906916,1.394034397226019,0.2508298305136293,4
0.1884066172160306,4.33065698478727,0.0,0.0,0.0,0.9934731698707072,1.0429915279268975,1.1071011328646032,1.4296674257788191,0.2492129922069087,6
-0.4511775611358923,0.0,0.0,0.0,0.0,-0.1704957656411528,0.0584867836105745,0.0,0.0,0.2489434662796766,0
-0.2295890772054556,0.0,0.0,0.0,0.0,-0.1342575458316858,0.2202528561873677,1.022831460331992,1.218213644014002,0.2484043690679891,4
-1.0538204289995774,4.330657151150636,0.0,0.0,0.0,-1.3513954655373794,-1.2436386091883012,0.0,0.0,0.2465170521690126,9
-0.2604783244307577,0.0,1.0,0.0,0.0,0.5190114636987377,0.2202528561873677,1.0789926768964269,1.218213644014002,0.2451685141657791,1
-0.3998097187369339,0.0,1.149512058475987,0.0,0.0,0.5516141194255595,0.1683778618987765,1.0269662977944063,1.0,0.2432799236198096,1
0.1985406221988068,0.0,0.0,0.0,0.0,-0.034443075271142,1.0742563978161943,0.0,0.0,0.2432799236198096,0
0.4570447518821197,0.0,1.149512058475987,0.0,0.0,0.680924588537515,0.4555743605292723,0.0,0.0,0.2427401895838395,3
-0.900958435535518,0.0,0.0,0.0,0.0,-0.3766299742847432,-0.1256132043464057,0.0,0.0,0.2413905882966817,0
-0.2843492791824656,0.0,1.0,0.0,0.0,0.2989843835713929,0.1683778618987765,0.0,0.0,0.2408506412206189,3
0.776593588263732,0.0,1.2380816024689916,0.0,0.0,1.0426845827686888,0.1145274825220776,0.0,0.0,0.2395005068526626,3
0.3400463938165512,0.0,0.0,0.0,0.0,-1.3513954655373794,-1.2436386091883012,0.0,0.0,0.2386902432098153,11
-0.0959871693372338,0.0,0.0,3.816391647148976e-17,0.0,0.084647767658399,-0.0612410630353533,0.0,0.0,0.2370693036280537,5
0.0905517885506706,0.0,1.2380816024689916,0.0,0.0,0.9772837438808736,0.4986718890691056,1.0269662977944063,1.218213644014002,0.2357181002053748,1
0.1418958108014844,0.0,0.0,0.0,0.0,-0.0213027245463709,0.6606974057623132,0.0,0.0,0.2340961508326705,0
-1.1142268382611902,0.0,0.0,0.0,0.0,-1.3513954655373794,-1.2436386091883012,0.0,0.0,0.1124789722117542,10
0.7669027083107004,4.330657299632178,1.0,0.0,0.0,0.4194325714485718,0.3187811813373079,1.0587990437773054,1.344436979171577,-0.0516112281173562,8
1.4759617484878031,0.0,1.2380816024689916,0.0,0.0,1.0744304133074871,1.0112311364854392,0.0,0.0,0.166562238300038,3
1.513368359198774,4.33065723689383,1.149512058475987,0.0,0.0,0.8876834059532326,0.8441827789462959,1.089129758066012,1.4165481093681518,0.1049774655475106,8
-0.386505444118243,0.0,0.0,0.0,0.0,-0.9622236067802764,-0.8610819189340483,0.0,0.0,0.0337717074934666,0
0.2655897075318578,0.0,0.7106121022478595,0.0,0.0,0.1363865409054213,0.0,0.0,0.0,-0.1595517898143453,3
0.0158892191106099,0.0,1.149512058475987,0.0,0.0,0.5720243657525258,0.0584867836105745,0.0,0.0,-0.12147418207132,3
-0.4958698296248093,0.0,0.0,0.0,0.0,-0.263725512531714,-0.193584983678676,0.0,0.0,-0.0475735286270883,0
-1.03008344105198,0.0,0.0,0.0,0.0,-0.2212513334667349,0.0,0.0,0.0,-0.1126729351797666,0
-1.273595442224965,0.0,0.0,0.0,0.0,-0.5277725099474745,-0.7296649225245023,0.0,0.0,-0.1429751252716209,0
-0.0586444217017796,0.0,0.0,0.0,0.0,-0.5707668900267201,-0.7296649225245023,0.0,0.0,-0.0977564604867088,0
0.2483757301359561,0.0,1.0,0.0,0.0,0.3209103810905401,0.1683778618987765,1.006052142399291,1.0,-0.1604418858985583,1
1.1653638754132751,0.0,0.0,0.0,0.0,0.0614589672995108,-0.6167169445693365,0.0,0.0,0.1731407467074211,0
-2.109553743115811,0.0,1.0,0.0,0.0,0.4829935202887995,0.1145274825220776,0.0,0.0,0.2145894542319588,3
-0.3873825452283892,0.0,0.0,0.0,0.0,-0.6562020314525373,-0.8610819189340483,0.0,0.0,-0.0415245253302751,0
-0.0973427223084703,0.0,1.0,0.0,0.0,0.2264222409666272,0.2202528561873677,0.0,0.0,-0.0855148617354341,3
0.2491620540103936,0.0,0.7106121022478595,0.0,0.0,-0.0005441510870383,0.1683778618987765,0.0,0.0,0.1398773366802171,3
-0.866839015010998,4.330657292068595,0.0,0.0,0.0,-1.3513954655373794,-1.2436386091883012,0.0,0.0,0.0289636945532498,9
-0.9260891825920818,0.0,0.0,0.0,0.0,-1.3513954655373794,-1.2436386091883012,0.0,0.0,0.1110907585949903,10
0.6560587193244957,0.0,0.0,0.0,0.0,-0.4350960880397618,-0.516595772466355,1.0368224148220306,1.344436979171577,0.1085908823480885,4
-0.6964485573977387,0.0,0.0,0.0,0.0,-1.3513954655373794,-1.2436386091883012,0.0,0.0,0.0210327035323931,10
0.0397813325015563,0.0,0.0,0.0,0.0,-0.6477978285484794,-0.4260189459579204,1.022831460331992,1.218213644014002,-0.382665378474921,4
0.1106806508328787,0.0,1.0,0.0,0.0,0.4214103882952498,0.1145274825220776,0.0,0.0,0.0879826767824282,3
-2.0443984182032566,0.0,0.0,0.0,0.0,0.2258604583132809,-1.022273554629209,0.0,0.0,0.1854502354405356,0
-0.9153257602891108,0.0,0.0,0.0,0.0,-0.3052666337569913,0.1683778618987765,0.0,0.0,0.1895461448982444,0
0.4979504060870972,0.0,1.2380816024689916,0.0,0.0,1.1306839059676264,0.6606974057623132,0.0,0.0,0.0636296940961276,3
-0.5275196640219164,0.0,0.0,0.0,0.0,-1.3513954655373794,-1.2436386091883012,0.0,0.0,0.0385742908347276,10
0.1196658032755996,0.0,0.0,0.0,0.0,-0.5498980223231736,-0.2657509156119179,1.0358559766262958,1.394034397226019,-0.186646262525608,4
0.0941163914632372,0.0,1.0,0.0,0.0,0.4280852730114965,0.2202528561873677,0.8663642547672894,1.0,0.1127565630216791,1
0.0318228440720505,0.0,1.0,0.0,0.0,0.2580543311164817,0.2202528561873677,1.022831460331992,1.0,0.1577762078127483,1
1.091415438108202,0.0,0.0,0.0,0.0,-0.0527330172615464,-0.6167169445693365,0.9565747954222968,1.0,0.1911834991943185,4
0.4555426173431565,0.0,0.7106121022478595,0.0,0.0,0.0274003556076441,-0.193584983678676,0.0,0.0,0.166562238300038,3
-1.2093017581504053,0.0,0.0,0.0,0.0,-0.2802212051885875,-0.3428838574068739,0.0,0.0,0.014790740880996,0
0.1652663284726472,0.0,0.0,0.0,0.0,-0.0619412414153022,-0.7296649225245023,0.0,0.0,0.0692401473567463,0
-0.0014072827728516,0.0,0.0,0.0,0.0,-0.5065873929015272,-0.6167169445693365,0.965971320647522,1.0,0.1539270079221382,4
-1.0887095292632696,0.0,0.0,0.0,0.0,-0.3984213202235921,0.2703350774754977,0.0,0.0,-0.1103293116163338,0
-1.4982413855973389,0.0,0.0,0.0,0.0,-1.3513954655373794,-1.2436386091883012,0.0,0.0,0.1509003565812745,10
0.0084886378949788,0.0,0.0,0.0,0.0,-0.1907744839058825,0.0,0.0,0.0,0.0655941786183978,0
-0.7657316755246505,0.0,0.0,0.0,0.0,-0.828262722629982,-0.516595772466355,0.0,0.0,0.0619451405047546,0
-0.8060358489731676,0.0,1.0,0.0,0.0,0.5421222739332064,0.0,0.0,0.0,0.116086305293653,3
-0.12677362523664,0.0,1.0,0.0,0.0,0.3184437371706116,0.6606974057623132,0.0,0.0,0.0159263317036188,3
-0.7275474106853972,0.0,0.7106121022478595,0.0,0.0,-0.0541243901177727,-0.193584983678676,0.0,0.0,0.1596995925672874,3
-0.0303091985623864,0.0,0.0,0.0,0.0,-0.5215967805364475,-0.7296649225245023,0.0,0.0,0.2113305044692807,0
-0.3256044245513865,0.0,0.0,0.0,0.0,-0.5382145909517446,-0.7296649225245023,0.0,0.0,0.2124170714868009,0
1.0635778456614169,4.330657136684045,0.0,0.0,0.0,0.2100097247955169,-0.4260189459579204,0.0,0.0,0.1690302811945468,9
0.2750890438820608,0.0,1.149512058475987,0.0,0.0,0.673488612590467,0.1145274825220776,0.0,0.0,0.2034453771127696,3
1.3194674675595348,0.0,0.0,0.0,0.0,-0.1461037463806638,0.0584867836105745,0.0,0.0,0.2094284085852267,0
0.2262939967200211,0.0,0.0,0.0,0.0,-0.4666110923155345,-0.516595772466355,0.0,0.0,0.1838108597288112,0
0.6841484496005407,0.0,1.0,0.0,0.0,0.4296231894890915,0.3187811813373079,1.0128223138172896,1.0,0.1990892824944738,1
1.018633121305695,0.0,0.0,0.0,0.0,0.6157679356495513,0.1145274825220776,1.1077436413246669,1.4067157636187435,0.2091566178235625,4
0.5530515831761333,0.0,0.0,0.0,0.0,-0.5698380426847015,0.0,0.0,0.0,0.1586006146095652,0
-0.3847546769460894,0.0,0.0,0.0,0.0,-0.1152912671002749,0.4112898545757565,1.0840787559660336,1.4229121222943435,0.2137749279988855,4
-1.426354738518534,0.0,0.0,0.0,0.0,0.298711849485249,-0.6167169445693365,1.022831460331992,1.0,0.1854502354405356,4
0.7162160931981216,0.0,1.149512058475987,0.0,0.0,0.8656692116082645,0.2703350774754977,0.0,0.0,0.1955469664625407,3
-0.1071044241062052,0.0,0.0,0.0,0.0,-0.1903895715617395,-0.1256132043464057,0.0,0.0,0.1398773366802171,0
0.2275765884750924,4.330647096981612,0.7106121022478595,0.0,0.0,0.6366263457387135,0.4112898545757565,1.0597350169929474,1.4013322872298857,0.2037174985948017,8
-1.256822765771247,0.0,0.0,0.0,0.0,-0.8827775754493167,-0.7296649225245023,0.0,0.0,0.184084129241991,0
-0.5699636379533566,0.0,0.0,0.0,0.0,-1.3513954655373794,-1.2436386091883012,0.0,0.0,0.1013611027698512,10
1.683191303629496,0.0,1.2380816024689916,0.0,0.0,1.1042138770596353,0.0584867836105745,0.0,0.0,0.1917291560340521,3
-0.2451579812486907,0.0,0.0,0.0,0.0,-1.3513954655373794,-1.2436386091883012,0.0,0.0,0.1550271104990108,2
-0.2821331074543373,0.0,0.7106121022478595,0.0,0.0,0.0085714444869699,0.0584867836105745,0.0,0.0,0.15585201345079,3
1.3593409982964706,0.0,1.149512058475987,0.0,0.0,0.8755428514938836,0.6606974057623132,0.0,0.0,0.1808038314457293,3
-1.1305480232615135,0.0,0.0,0.0,0.0,-0.7077869673735322,-1.022273554629209,0.0,0.0,0.1769738776863181,0
0.0034849748842135,0.0,0.0,0.0,0.0,-0.5627380187757388,-0.6167169445693365,1.049929575826221,1.344436979171577,0.0506979530867574,4
-0.3596995460278333,0.0,0.0,0.0,0.0,-0.3463579279866599,0.0,0.0,0.0,0.1586006146095652,0
-0.1813089811873241,0.0,0.0,0.0,0.0,-0.0619412414153022,-0.4260189459579204,0.0,0.0,0.1340794953853364,0
0.2698279000477358,0.0,0.0,0.0,0.0,-0.5627380187757388,-0.8610819189340483,1.022831460331992,1.0,0.1922747489680202,4
-0.0606557179973367,0.0,0.0,0.0,0.0,-0.2734983963664262,-0.516595772466355,0.0,0.0,0.1824442705572374,0
0.6225788518105247,0.0,1.149512058475987,0.0,0.0,0.6979470829781256,0.0584867836105745,0.0,0.0,0.1533768571338998,3
0.4076156013254454,0.0,1.149512058475987,0.0,0.0,0.8350380253459115,0.1145274825220776,0.0,0.0,0.0723228091623305,3
-0.3129291607806328,0.0,0.0,0.0,0.0,-0.7991578522523525,-0.2657509156119179,0.0,0.0,-0.1702469261063077,0
-0.5085855800526226,0.0,1.149512058475987,0.0,0.0,0.6507065270038662,0.1683778618987765,0.0,0.0,0.159150136588284,3
0.1160197302535713,0.0,1.0,0.0,0.0,0.5299619631630209,0.4112898545757565,0.0,0.0,0.1497992573124319,3
-0.4099258440007669,0.0,0.0,0.0,0.0,-0.5229803967627462,-0.193584983678676,0.0,0.0,0.1936384519394421,0
1.2114159143021632,0.0,1.2380816024689916,0.0,0.0,1.2981199166065356,-0.0612410630353533,0.0,0.0,0.1936384519394421,3
1.0717642313208011,0.0,1.2380816024689916,0.0,0.0,0.9380809356703288,0.4555743605292723,0.0,0.0,0.1936384519394421,3
1.3537823207359498,0.0,0.0,0.0,0.0,0.1743696904580771,0.1145274825220776,1.096746366436643,1.4140046247801077,0.1936384519394421,4
-0.4325879476836914,0.0,0.0,0.0,0.0,-1.3513954655373794,-1.2436386091883012,0.0,0.0,0.2338257722929376,2
0.8892374156442431,0.0,1.149512058475987,0.0,0.0,0.5522147063796509,0.2202528561873677,0.0,0.0,0.2303094541122947,3
1.0671591435537773,0.0,0.0,0.0,0.0,0.1270780659287949,0.0584867836105745,1.09053992633148,1.41081075138084,0.2313916747690747,4
1.4430824474992143,4.3306565977966525,1.149512058475987,0.0,0.0,0.7527472292143975,0.5816230273987638,0.988153482273682,1.0,0.1936384519394421,8
0.6021307416625428,0.0,0.7106121022478595,0.0,0.0,0.4726431952883117,-0.7296649225245023,0.0,0.0,0.1974547010621848,3
-0.0255232341793334,0.0,1.0,0.0,0.0,0.5512959265507522,0.1683778618987765,0.0,0.0,0.19772717099404,3
0.206180412633828,0.0,0.0,0.0,0.0,-0.0912703243518949,0.4555743605292723,1.022831460331992,1.218213644014002,0.2077974283274622,4
0.7600142310213331,4.330657263096596,1.149512058475987,0.0,0.0,0.6046727866490802,0.4112898545757565,1.0531584011826194,1.3837532157583627,0.1941838214721828,8
0.0910657090815796,4.330657250687993,1.0,0.0,0.0,0.2016056994890018,0.0,0.0,0.0,0.189819077282666,9
0.1987640889972919,0.0,1.149512058475987,0.0,0.0,0.5717677431037826,0.0584867836105745,0.0,0.0,0.2284149753185464,3
-0.0742341646577876,0.0,0.0,0.0,0.0,-0.3225598385444296,-0.1256132043464057,0.0,0.0,0.2026289178828958,0
0.5167650020560984,0.0,1.2380816024689916,0.0,0.0,0.9563748454986633,0.1145274825220776,0.0,0.0,0.2034453771127696,3
1.9368497538838536,0.0,1.2380816024689916,0.0,0.0,1.4057077064401475,0.3187811813373079,0.0,0.0,0.2034453771127696,3
-0.1288619699303952,0.0,1.0,0.0,0.0,0.4874454608264821,0.2202528561873677,0.0,0.0,0.1838108597288112,3
0.6654211475097703,0.0,1.0,0.0,0.0,0.3541206453761307,0.5816230273987638,0.0,0.0,0.2015400842577242,3
-0.1960625635423957,0.0,0.0,0.0,0.0,-0.6079618651621661,-0.516595772466355,1.0426168062509753,1.3685309911523162,0.231662191489846,4
0.5530226329016487,0.0,1.0,0.0,0.0,0.3504574542086591,0.1683778618987765,0.0,0.0,0.2284149753185464,3
1.6403561600222554,0.0,0.0,0.0,0.0,-1.3513954655373794,-1.2436386091883012,0.0,0.0,0.2240818990554552,7
0.7891122948139209,0.0,1.149512058475987,0.0,0.0,1.0500501210403683,1.4432881067660903,1.0719902237818328,1.4013322872298857,0.2276028246547693,1
-0.3493586043848019,0.0,0.0,0.0,0.0,-0.3066163570692523,0.1145274825220776,0.0,0.0,0.2246237499949501,0
0.959049767832044,0.0,1.149512058475987,0.0,0.0,0.8449910713224532,0.4555743605292723,0.0,0.0,0.2219138757010603,3
0.3272319379689244,0.0,1.2380816024689916,0.0,0.0,1.2413808363466603,0.2703350774754977,1.049929575826221,1.218213644014002,0.2240818990554552,1
0.3305138130720486,0.0,1.0,0.0,0.0,0.4297962229007734,0.1145274825220776,0.0,0.0,0.2219138757010603,3
0.8686051929556036,0.0,0.7106121022478595,0.0,0.0,0.2453258985058397,0.4555743605292723,1.0531584011826194,1.0,0.2219138757010603,1
0.9322210429913724,4.330657250898836,1.149512058475987,0.0,0.0,0.6813865628657394,0.5406638713926494,1.0531584011826194,1.3025175370208548,0.2186599783128114,8
-0.4909228875353305,0.0,0.0,0.0,0.0,-0.9674664273370568,-1.022273554629209,0.0,0.0,0.2200160408403445,0
0.0853157758093489,0.0,1.0,0.0,0.0,0.4845731958247963,0.0,0.9271671564532872,1.0,0.2200160408403445,1
0.0033118343174559,0.0,0.0,0.0,0.0,-0.181260059873341,0.0,0.0,0.0,0.2181174443891305,0
-0.7171153851344837,0.0,0.0,0.0,0.0,-1.3513954655373794,-1.2436386091883012,0.0,0.0,0.2183887191345255,10
0.5511314941832456,0.0,1.149512058475987,0.0,0.0,0.6311163119175239,0.2202528561873677,0.0,0.0,0.2424702997567823,3
0.4318174215955665,0.0,1.149512058475987,0.0,0.0,0.810381152937499,0.0584867836105745,0.0,0.0,0.2248946522520684,3
0.6382130677103166,0.0,0.0,0.0,0.0,0.2227284566778559,-0.2657509156119179,1.0481458543966122,1.344436979171577,0.2105154146449132,4
0.3891351894355095,0.0,1.0,0.0,0.0,0.4938487596338183,0.5406638713926494,0.0,0.0,0.2129602610348775,3
0.9875553792710996,0.0,1.0,0.0,0.0,0.2157078077730171,-0.2657509156119179,0.9565747954222968,1.0,0.2129602610348775,1
1.234077564579391,0.0,1.0,0.0,0.0,0.235176822821769,0.0,0.0,0.0,0.2094284085852267,3
2.114628605520529,0.0,1.149512058475987,0.0,0.0,0.7175444943305751,0.1683778618987765,1.049929575826221,1.218213644014002,0.2072536424638831,1
-0.0254632302477748,0.0,1.2380816024689916,0.0,0.0,0.8803912811099374,-0.193584983678676,0.0,0.0,0.207525543261624,3
0.5107379087833529,0.0,0.0,0.0,0.0,-0.4253257405431008,-0.1256132043464057,0.0,0.0,0.2034453771127696,0
-0.9564259972327744,0.0,0.0,0.0,0.0,0.1412342885386698,-0.516595772466355,0.0,0.0,0.1936384519394421,0
0.2994421034612224,0.0,0.0,0.0,0.0,-0.2389381006452756,-0.7296649225245023,1.0481458543966122,1.218213644014002,0.1835375741143686,4
-0.4978532739215333,0.0,0.0,0.0,0.0,-0.540935219026,-0.7296649225245023,1.0531584011826194,1.3025175370208548,0.1914563356045434,4
1.078222542272485,0.0,1.149512058475987,0.0,0.0,0.8539316840562643,0.1683778618987765,0.0,0.0,0.1892731965031209,3
-0.7308500065706846,0.0,1.149512058475987,0.0,0.0,0.579099921549442,0.4112898545757565,1.0462299458179467,1.218213644014002,0.1892731965031209,1
1.1402311518434878,0.0,0.0,0.0,0.0,-0.3052666337569913,0.1683778618987765,0.0,0.0,0.1827176206201031,0
-0.6687183517118311,0.0,0.0,0.0,0.0,-1.3513954655373794,-1.2436386091883012,0.0,0.0,0.1838108597288112,10
1.1166926903798546,0.0,1.149512058475987,0.0,0.0,0.9281587063475908,0.2703350774754977,1.022831460331992,1.0,0.1854502354405356,1
-0.3101266565400494,4.330657252543471,0.0,0.0,0.0,-0.2703700580276072,-0.1256132043464057,0.0,0.0,0.1835375741143686,9
1.3005331272876208,0.0,0.0,0.0,0.0,-0.2069626511873895,0.4555743605292723,1.0675982501607706,1.4067157636187435,0.1517260063309874,4
1.3890152252475398,0.0,0.0,0.0,0.0,0.3106303610926851,-0.2657509156119179,1.0617516789805397,1.3685309911523162,0.1799833939363677,4
-1.2806753679758125,0.0,0.0,0.0,0.0,-0.931459594075383,-0.7296649225245023,0.0,0.0,0.1769738776863181,0
0.4426100042198515,0.0,1.2380816024689916,0.0,0.0,1.131203584999781,0.1683778618987765,0.0,0.0,0.1780684738689446,3
-1.1568432280792178,0.0,0.0,0.0,0.0,-1.3513954655373794,-1.2436386091883012,0.0,0.0,0.1777948491233483,10
0.4740916348157905,0.0,1.149512058475987,0.0,0.0,0.8416661125616253,0.4986718890691056,1.022831460331992,1.0,0.1917291560340521,1
0.6026567841852448,0.0,1.149512058475987,0.0,0.0,0.619556232812235,0.0584867836105745,0.0,0.0,0.1761527603568528,3
-0.3313040752685075,0.0,0.0,0.0,0.0,0.0263740613030819,0.6606974057623132,1.022831460331992,1.218213644014002,0.1750577101022338,4
0.1104302487547885,4.330657110882536,0.0,0.0,0.0,0.1805746530269001,1.1353788601052053,1.104086724088813,1.4308999242507208,0.1709489549968306,6
-0.7049609367950305,0.0,0.0,0.0,0.0,-0.3995007138698424,-0.3428838574068739,1.0560115612601553,1.344436979171577,0.1690302811945468,4
0.4147666301476039,0.0,0.0,0.0,0.0,-0.162946196106187,-0.516595772466355,0.0,0.0,0.1706749076967202,0
-1.0851731297792049,0.0,0.0,0.0,0.0,-0.1638823286617628,-0.6167169445693365,1.0125842817931043,1.0,0.1704008440848885,4
0.2958232148624327,0.0,1.2380816024689916,0.0,0.0,1.3974678922980928,0.9127530921308108,1.022831460331992,1.0,0.1693044264315793,1
0.6191283935387064,0.0,1.149512058475987,0.0,0.0,0.8097364471796242,0.2703350774754977,1.049929575826221,1.218213644014002,0.1684819417009108,1
-0.5249792491458568,0.0,0.0,0.0,0.0,-0.1861034639724407,-0.193584983678676,1.076850654943709,1.3685309911523162,0.16628792947878,4
0.8013331709592283,0.0,1.2380816024689916,0.0,0.0,1.040074147886615,0.2703350774754977,0.0,0.0,0.166562238300038,3
-1.2246539345467435,0.0,0.0,0.0,0.0,-0.7077869673735322,-0.6167169445693365,0.0,0.0,0.1643673087563703,0
-0.0422428277622033,0.0,0.0,0.0,0.0,0.389946203304056,0.0584867836105745,0.0,0.0,0.1643673087563703,0
-0.6694957413983587,0.0,0.0,0.0,0.0,-0.263632750644092,-0.516595772466355,0.0,0.0,0.1629949444719738,0
0.7591065785275213,0.0,1.149512058475987,0.0,0.0,0.892057544678805,0.1683778618987765,0.0,0.0,0.1616221692683493,3
-0.6288183230122448,0.0,1.149512058475987,0.0,0.0,0.5785415371010229,0.0584867836105745,0.0,0.0,0.1607983066709099,3
-0.3183650015410859,0.0,1.0,0.0,0.0,0.4894635800294766,0.2202528561873677,0.0,0.0,0.1613475648678218,3
0.1595658626687404,0.0,1.0,0.0,0.0,0.4904408203815473,0.1683778618987765,0.0,0.0,0.1577762078127483,3
0.7802153687696735,0.0,1.2380816024689916,0.0,0.0,0.967109201249629,0.878778350041491,1.0558224931323954,1.218213644014002,0.1586006146095652,1
0.2478405836993079,0.0,1.149512058475987,0.0,0.0,0.5885342377495556,-0.0612410630353533,0.0,0.0,0.1596995925672874,3
0.4907352745579506,0.0,0.0,0.0,0.0,-0.2659585978819059,-0.7296649225245023,1.033883362385476,1.218213644014002,0.1588753838511529,4
-1.4769914350329492,0.0,0.0,0.0,0.0,0.3140341707881807,0.0,0.0,0.0,0.1572265206761376,0
0.0093908957894898,4.330657296836519,0.0,0.0,0.0,0.1052338838185004,-0.516595772466355,0.0,0.0,0.1588753838511529,9
-0.937734645237704,0.0,0.0,0.0,0.0,-0.7615470556773098,-0.7296649225245023,0.0,0.0,0.1575013725080085,0
-0.5664569938951939,0.0,0.0,0.0,0.0,-0.2925336452859802,0.2202528561873677,0.0,0.0,0.1566767674128353,0
1.0554814967812782,4.330656905792317,0.0,0.0,0.0,0.1300622040599294,-0.7296649225245023,0.9750538018491568,1.218213644014002,0.1566767674128353,6
-0.1125587050436026,0.0,1.0,0.0,0.0,0.3046764935124692,-0.0612410630353533,0.0,0.0,0.1547521097183266,3
0.0488252603331711,0.0,0.7106121022478595,0.0,0.0,0.0536785261538011,0.0,0.0,0.0,0.1536519408234764,3
0.147166538223906,0.0,0.0,0.0,0.0,-0.020164470809223,-0.3428838574068739,0.988153482273682,1.0,0.1682077474354063,4
0.035605346752626,0.0,1.149512058475987,0.0,0.0,0.5851762172560022,0.2202528561873677,1.006052142399291,1.0,0.148147108662774,1
1.414423962632402,0.0,1.0,0.0,0.0,0.5559991679520717,0.2202528561873677,0.0,0.0,0.1497992573124319,3
0.5125847296116868,0.0,0.7106121022478595,0.0,0.0,0.0289820254836719,0.3187811813373079,0.0,0.0,0.1497992573124319,3
-0.2622294380266928,0.0,0.0,0.0,0.0,-0.2101026775417728,-0.0612410630353533,0.0,0.0,0.148973257997926,0
0.8102830304731198,0.0,1.0,0.0,0.0,0.345443911616868,0.5816230273987638,0.9271671564532872,1.218213644014002,0.1492486077655758,1
1.041293125562041,0.0,1.2380816024689916,0.0,0.0,0.99646095650998,1.4949492180089137,1.022831460331992,1.0,0.148147108662774,1
-0.465663084752507,0.0,0.0,0.0,0.0,-0.3611691579503857,-0.6167169445693365,0.0,0.0,0.148147108662774,0
0.2512342074215273,0.0,0.0,0.0,0.0,-0.111457880128425,0.8441827789462959,0.8663642547672894,1.0,0.1473208091824127,4
0.3818007640555257,0.0,1.2380816024689916,0.0,0.0,1.031140251831279,0.2202528561873677,0.0,0.0,0.1539270079221382,3
-0.4787463789197726,0.0,0.0,0.0,0.0,-0.7843198732701061,-0.7296649225245023,0.0,0.0,0.1451166089089182,0
0.2250633341029773,0.0,0.7106121022478595,0.0,0.0,-0.0148730449452758,-0.1256132043464057,0.0,0.0,0.1437384400425498,3
-0.9620288474832168,0.0,0.0,0.0,0.0,-1.3513954655373794,-1.2436386091883012,0.0,0.0,0.1423598522520202,10
0.2347698916678594,0.0,0.7106121022478595,0.0,0.0,0.1671097125976881,0.1683778618987765,1.0515961795290998,1.218213644014002,0.1420840843717886,1
-0.6790598078296849,0.0,0.0,0.0,0.0,-1.3513954655373794,-1.2436386091883012,0.0,0.0,0.140429124443511,10
-0.7422246701904257,0.0,1.0,0.0,0.0,0.3349484281092366,0.6989246298564699,1.0869468760086496,1.3837532157583627,0.1365651957100966,1
0.3872128342511245,0.0,1.149512058475987,0.0,0.0,0.7952656257176461,0.2703350774754977,0.0,0.0,0.1376695123582965,3
0.3647382744932597,0.0,1.2380816024689916,0.0,0.0,1.1000383707099068,0.1683778618987765,0.0,0.0,0.1407049931033616,3
-0.9491874098209336,0.0,0.0,0.0,0.0,-0.6665197778840911,-0.4260189459579204,0.0,0.0,0.1376695123582965,0
-0.2819827517493507,0.0,0.0,0.0,0.0,-1.3513954655373794,-1.2436386091883012,0.0,0.0,0.1376695123582965,2
1.024784278841967,0.0,1.149512058475987,0.0,0.0,0.895580209923013,0.4986718890691056,0.0,0.0,0.175879022139343,3
0.518809715811345,0.0,1.2380816024689916,0.0,0.0,0.9876392178830148,0.4986718890691056,1.0180943570563885,1.3025175370208548,0.135736781013699,1
0.2788936377305872,0.0,1.149512058475987,0.0,0.0,0.7526044985068889,0.1145274825220776,0.0,0.0,0.1343557519322688,3
0.1159327073801648,0.0,1.149512058475987,0.0,0.0,0.7636104305041065,0.1145274825220776,0.0,0.0,0.1429113376763733,3
0.25857903066154,0.0,1.2380816024689916,0.0,0.0,1.002419514073761,0.0584867836105745,0.0,0.0,0.1324216005915261,3
0.0901789792685943,0.0,0.0,0.0,0.0,-1.3513954655373794,-1.2436386091883012,0.0,0.0,0.130210124838234,11
0.053536298711947,0.0,1.149512058475987,0.0,0.0,0.5642622946860824,0.1683778618987765,0.0,0.0,0.1285508046696537,3
1.0852427390791732,4.330656905792317,1.0,0.0,0.0,0.5231153938482505,1.1050458926679774,1.08270884239195,1.4067157636187435,0.1268908719093029,8
-0.858028797182149,0.0,0.0,0.0,0.0,-0.5202194052805817,0.0584867836105745,1.006052142399291,1.0,0.1285508046696537,4
0.5273423603767166,0.0,1.149512058475987,0.0,0.0,0.5333750713368233,-0.2657509156119179,0.0,0.0,0.139325481627573,3
0.2725900076214709,0.0,1.0,0.0,0.0,0.4518676702584305,0.2703350774754977,0.0,0.0,0.1230153073496902,3
-0.8200548080852217,0.0,0.0,0.0,0.0,0.6204126566707169,0.1683778618987765,0.0,0.0,0.1260606754840237,0
1.2803035621240708,0.0,1.2380816024689916,0.0,0.0,1.0496972899720087,0.3187811813373079,1.049929575826221,1.218213644014002,0.1260606754840237,1
-0.3134235909543271,0.0,0.0,0.0,0.0,-0.6524341223806794,-0.7296649225245023,0.0,0.0,0.1191363887197346,0
-1.088145357042946,0.0,0.0,0.0,0.0,-1.0314882205498326,-0.8610819189340483,0.0,0.0,0.1227383531222116,0
-0.0857049034348305,0.0,1.149512058475987,0.0,0.0,0.6894192488007569,0.8441827789462959,1.022831460331992,1.0,0.1238460673760553,1
0.286478849046774,0.0,0.0,0.0,0.0,-0.1497103371972158,-0.6167169445693365,1.022831460331992,1.0,0.122461381777337,4
0.5087650189974605,0.0,1.149512058475987,0.0,0.0,0.5518084904702001,0.2202528561873677,0.0,0.0,0.1199678685921352,3
-0.4211733652288246,0.0,0.0,0.0,0.0,-0.2431361485453863,0.0,0.0,0.0,0.1180275083410415,0
0.5812545598777774,0.0,1.2380816024689916,0.0,0.0,1.0629755325167063,0.4112898545757565,0.0,0.0,0.1202449942114212,3
-0.5762645039872267,0.0,0.0,0.0,0.0,-1.3513954655373794,-1.2436386091883012,0.0,0.0,0.1169183527636666,10
-0.8671097372792594,0.0,0.0,0.0,0.0,-1.3513954655373794,-1.2436386091883012,0.0,0.0,0.116086305293653,10
-1.1049192103648982,0.0,0.0,0.0,0.0,-0.392809711163643,-0.193584983678676,0.0,0.0,0.116086305293653,0
0.6258959271169064,0.0,1.149512058475987,0.0,0.0,0.6310383689550954,0.6989246298564699,0.0,0.0,0.1169183527636666,3
-0.36256944658527,0.0,0.0,0.0,0.0,-0.5281752838251029,-0.1256132043464057,0.0,0.0,0.1163636716779026,0
0.6408568935576352,0.0,1.149512058475987,0.0,0.0,0.5427679720260329,0.1145274825220776,0.0,0.0,0.1149766673667205,3
0.313969253647701,0.0,0.0,0.0,0.0,-0.147279383562659,-0.516595772466355,0.0,0.0,0.1279975618663165,0
-0.7527469805898811,0.0,0.0,0.0,0.0,-0.4666110923155345,-0.516595772466355,0.0,0.0,0.1113684359437266,0
0.6934192945169485,4.330655285737183,0.0,0.0,0.0,-0.6891797603680089,-0.6167169445693365,1.0269662977944063,1.344436979171577,0.1094243305559041,6
-0.4020103495043838,0.0,0.0,0.0,0.0,-0.5792631072984764,-0.6167169445693365,1.0463489399748842,1.3025175370208548,0.1110907585949903,4
-0.0339418898670408,0.0,1.149512058475987,0.0,0.0,0.7273544866747117,0.6989246298564699,1.0125842817931043,1.218213644014002,0.1108130639236947,1
0.0613633533739921,0.0,0.0,0.0,0.0,0.4360772453647337,-0.1256132043464057,1.049929575826221,1.218213644014002,0.1108130639236947,4
-0.4443122229063921,0.0,1.0,0.0,0.0,0.3751632669730344,1.0429915279268975,1.0665838155427505,1.3685309911523162,0.110257622593671,1
-1.2971942995050605,0.0,0.0,0.0,0.0,-0.4437726461942331,-0.4260189459579204,0.0,0.0,0.1091465318454636,0
-0.1241244600019944,0.0,0.0,0.0,0.0,0.1209019770554273,0.1145274825220776,0.0,0.0,0.1083130315512401,0
0.2449487409048865,0.0,0.7106121022478595,0.0,0.0,0.0829095028187221,0.1145274825220776,0.0,0.0,0.1066455617832068,3
-0.4282277413398532,0.0,0.0,0.0,0.0,0.4281937093449887,-0.1256132043464057,0.0,0.0,0.1063675892776606,0
-0.0098779828275513,0.0,0.0,0.0,0.0,-0.5627380187757388,-1.022273554629209,0.0,0.0,0.1027523608664974,0
-0.1065176799639702,0.0,0.0,0.0,0.0,0.0030059204425855,-0.3428838574068739,0.0,0.0,0.1005261379892254,0
-0.3876835300392456,0.0,1.0,0.0,0.0,0.1820377667836476,0.0,0.0,0.0,0.102474144210839,3
-0.7428824329165739,0.0,0.0,0.0,0.0,-0.2205037530539279,0.1145274825220776,0.0,0.0,0.102474144210839,0
-1.5736868569398164,0.0,0.0,0.0,0.0,-0.5147710448223202,-0.6167169445693365,0.0,0.0,0.0829552591717845,0
0.1125185979464928,0.0,1.0,0.0,0.0,0.2988481334981929,0.878778350041491,1.0139888463251303,1.0,0.0996910156006852,1
0.3201102479527291,0.0,0.0,0.0,0.0,-0.392809711163643,-0.7296649225245023,1.049929575826221,1.218213644014002,0.0996910156006852,4
1.7428399379246868,0.0,1.0,0.0,0.0,0.6076061973385745,0.2202528561873677,1.022831460331992,1.0,0.0977417830100328,1
-0.3126147092556929,0.0,1.149512058475987,0.0,0.0,0.6534682405362148,0.3187811813373079,0.0,0.0,0.094676963872082,3
-0.536176304495466,0.0,1.0,0.0,0.0,0.2435773658297075,-0.1256132043464057,0.0,0.0,0.0952343620815681,3
0.5583041975830548,0.0,1.0,0.0,0.0,0.2619195092152301,0.1145274825220776,1.022831460331992,1.0,0.1005261379892254,1
0.2917509556537949,0.0,0.0,0.0,0.0,-1.3513954655373794,-1.2436386091883012,0.0,0.0,0.0974632510019957,11
-0.0631934153766339,0.0,0.0,0.0,0.0,-0.0341764744256672,0.7730013276593265,1.031836273159448,1.218213644014002,0.0974632510019957,4
0.3418125670184166,0.0,1.0,0.0,0.0,0.3363762418759953,0.2703350774754977,0.8663642547672894,1.0,0.0974632510019957,1
0.7826440148465588,0.0,0.0,0.0,0.0,-0.7077869673735322,-1.022273554629209,0.0,0.0,0.0932831599396497,0
0.7057109184641839,0.0,1.149512058475987,0.0,0.0,0.6259517499349636,0.1683778618987765,0.0,0.0,0.0913310932541426,3
0.9238406213426388,0.0,1.0,0.0,0.0,0.4141253140053925,0.2703350774754977,0.0,0.0,0.0913310932541426,3
0.2103304068105387,4.330655285737183,0.0,0.0,0.0,-0.1785608587248869,-0.6167169445693365,0.9750538018491568,1.218213644014002,0.0910521559076699,6
0.5343556453151399,0.0,0.0,0.0,0.0,-0.3672718964376736,-0.4260189459579204,1.0736033659228592,1.3837532157583627,0.0832347114623803,4
0.9681679409513676,0.0,1.0,0.0,0.0,0.3913575087109018,0.7363445937263972,0.0,0.0,0.0849110509767211,3
-0.5809387618044445,0.0,0.0,0.0,0.0,-0.8522737322181162,-0.7296649225245023,0.0,0.0,0.0868659706810273,0
0.3872128342511245,0.0,1.0,0.0,0.0,0.278892089322671,-0.0612410630353533,0.0,0.0,0.0840729613803805,3
0.1406808439059863,0.0,0.0,0.0,0.0,-0.136141318243663,0.2202528561873677,1.0180943570563885,1.0,0.0821167952734312,4
1.2550038560570949,0.0,1.149512058475987,0.0,0.0,0.6669124333185483,0.9789536507197586,0.0,0.0,0.0815577301003471,3
0.4675005215269323,0.0,1.0,0.0,0.0,0.3632729561252263,0.2202528561873677,0.0,0.0,0.0801597545206436,3
0.1724404359977186,0.0,1.149512058475987,0.0,0.0,0.7482824762027391,0.1145274825220776,0.0,0.0,0.0742833664592597,3
0.0525775244845427,0.0,0.7106121022478595,0.0,0.0,0.0761875904347046,0.2703350774754977,0.0,0.0,0.0798801057663208,3
0.131708037197338,0.0,0.0,0.0,0.0,-1.3513954655373794,-1.2436386091883012,0.0,0.0,0.137117387772822,11
0.5384666956062084,0.0,1.2380816024689916,0.0,0.0,1.0265495041698438,0.4986718890691056,0.0,0.0,0.0751233352431283,3
0.2280610587555672,0.0,0.7106121022478595,0.0,0.0,0.0359426397566527,-0.1256132043464057,0.0,0.0,0.0809985934859597,3
-0.4927735808598064,0.0,0.0,0.0,0.0,-0.3672718964376736,-0.7296649225245023,0.0,0.0,0.0700810901137562,0
-0.2536413573541802,0.0,1.0,0.0,0.0,0.3737828575051001,0.0584867836105745,0.0,0.0,0.083514145923882,3
0.6141558618439907,0.0,1.0,0.0,0.0,0.3025421066570258,0.1683778618987765,0.0,0.0,0.0921677992369804,3
-0.1721610869671621,0.0,0.0,3.816391647148976e-17,0.0,0.2726935190859944,0.0584867836105745,0.0,0.0,0.0692401473567463,5
-0.8255253845579453,0.0,0.0,0.0,0.0,-0.5138082192777265,-0.7296649225245023,0.0,0.0,0.0698007939448921,0
-0.6795735672555361,0.0,0.0,0.0,0.0,-0.4465608616397132,-0.4260189459579204,0.0,0.0,0.0672773141085884,0
-0.5206956993772258,0.0,0.0,0.0,0.0,-0.6111596381461469,-0.516595772466355,1.0420654850235769,1.3685309911523162,0.0625067312389402,4
0.5915693692041553,0.0,0.7106121022478595,0.0,0.0,-0.0610343819019505,0.0,0.0,0.0,0.0664358280197994,3
-0.6470393718074369,0.0,0.0,0.0,0.0,-1.3513954655373794,-1.2436386091883012,0.0,0.0,0.0625067312389402,10
-0.967688324245679,0.0,0.0,0.0,0.0,-1.3513954655373794,-1.2436386091883012,0.0,0.0,0.0641910663054751,10
-0.6985655460628795,0.0,0.0,0.0,0.0,-0.5049016124181345,-0.4260189459579204,1.0581204573638183,1.3837532157583627,0.0644717251242032,4
0.5260657021235353,0.0,1.0,0.0,0.0,0.2258292305547541,0.4555743605292723,0.0,0.0,0.0605408445144373,3
0.4576448472247024,0.0,1.0,0.0,0.0,0.5940751159652002,-0.0612410630353533,1.022831460331992,1.0,0.0625067312389402,1
0.8023132675650383,0.0,1.149512058475987,0.0,0.0,0.6019216121000887,0.1683778618987765,0.8663642547672894,1.0,0.0613834768425346,1
0.2843963264109088,0.0,0.0,0.0,0.0,-0.2607682584439997,0.2703350774754977,0.0,0.0,0.0599789983426511,0
0.534155858565605,0.0,1.0,0.0,0.0,0.5245942316166978,0.3657267131137707,0.0,0.0,0.0605408445144373,3
-0.1895970738346224,0.0,0.0,0.0,0.0,-1.3513954655373794,-1.2436386091883012,0.0,0.0,0.0574497855801528,11
-0.728917728170174,0.0,0.0,0.0,0.0,-1.3513954655373794,-1.2436386091883012,0.0,0.0,0.0594170790911259,10
-0.3596754808175202,0.0,1.149512058475987,0.0,0.0,0.6935551964277775,-0.0612410630353533,0.0,0.0,0.05773088242341,3
0.2761026768522978,0.0,0.0,0.0,0.0,0.0562277241254863,-0.2657509156119179,0.0,0.0,0.0580119609532162,0
0.1628835505449476,0.0,0.0,0.0,0.0,-0.3052666337569913,0.1683778618987765,0.0,0.0,0.0574497855801528,0
0.2978269623240643,0.0,0.0,0.0,0.0,-0.2662386563720534,-0.2657509156119179,0.9750538018491568,1.218213644014002,0.0574497855801528,4
-0.0785911678327823,0.0,1.2380816024689916,0.0,0.0,0.9927406005864274,0.7363445937263972,0.0,0.0,0.0526683319920705,3
-0.5145514030863374,0.0,0.0,0.0,0.0,-0.4879956411652101,-0.6167169445693365,0.0,0.0,0.0560440264711672,0
-0.4002697160385161,0.0,0.0,0.0,0.0,-0.0085330252632306,0.9127530921308108,0.0,0.0,0.054637808706801,0
-0.1711885555760843,0.0,0.0,0.0,0.0,-0.1785608587248869,-0.7296649225245023,0.9750538018491568,1.0,0.0526683319920705,4
0.0872286437241741,0.0,0.0,0.0,0.0,-0.0912703243518949,0.5816230273987638,0.9271671564532872,1.0,0.0526683319920705,4
-0.3524467072128864,0.0,1.0,0.0,0.0,0.4630108419330785,0.3187811813373079,0.988153482273682,1.3025175370208548,0.0504163966276001,1
0.2128362448952241,0.0,0.0,0.0,0.0,-1.3513954655373794,-1.2436386091883012,0.0,0.0,0.0515425117824922,11
0.363003129146817,0.0,1.149512058475987,0.0,0.0,0.6845251881956838,0.1145274825220776,1.022831460331992,1.0,0.0495716164910351,1
-0.4570281719257846,0.0,0.0,0.0,0.0,-0.3906958767939439,-0.193584983678676,1.022831460331992,1.0,0.0459089794765387,4
-0.2068944650183033,0.0,1.0,0.0,0.0,0.4367615080272342,0.4986718890691056,1.0368224148220306,1.3685309911523162,0.0487266700996378,1
0.5016425393749213,0.0,0.0,0.0,0.0,-0.0096424933692888,0.0,0.0,0.0,0.0484449843311395,0
1.161325148039411,0.0,0.0,0.0,0.0,-0.1567355266753786,-0.516595772466355,1.071083660422793,1.344436979171577,0.0478815573038206,4
-0.5558568397062116,0.0,0.0,0.0,0.0,0.3815926882503892,-0.0612410630353533,0.0,0.0,0.0467544811324151,0
-0.3040011991679128,0.0,0.7106121022478595,0.0,0.0,0.0475129181383034,0.6216146055503267,0.0,0.0,0.0419610957934409,3
-1.5741230278064728,0.0,0.0,0.0,0.0,-1.2014567450010838,-1.022273554629209,0.0,0.0,0.0464726657828107,10
0.3514629337110442,0.0,0.0,0.0,0.0,-1.3513954655373794,-1.2436386091883012,0.0,0.0,0.0442174752998086,11
-0.6892167858698381,0.0,0.0,0.0,0.0,-1.3513954655373794,-1.2436386091883012,0.0,0.0,0.0425253022976871,10
-0.0615846615581772,0.0,0.0,0.0,0.0,-0.5024826489043919,-0.6167169445693365,0.0,0.0,0.0425253022976871,0
-1.737961707772949,0.0,1.0,0.0,0.0,0.1726076346798953,-0.2657509156119179,0.0,0.0,0.0388566272468675,3
-0.1375213752389298,4.330657134498746,0.0,0.0,0.0,-0.3766299742847432,-0.1256132043464057,0.0,0.0,0.0388566272468675,9
-1.1609870329747458,0.0,0.0,0.0,0.0,-0.8156627145563565,-0.8610819189340483,0.0,0.0,0.0456271085087288,0
-0.0268295256983159,4.3306568732308985,0.0,0.0,0.0,-0.2207527889437033,-0.6167169445693365,1.0824583239700114,1.3025175370208548,0.0388566272468675,6
-1.163489200183848,0.0,0.0,0.0,0.0,-0.5627380187757388,-1.022273554629209,0.0,0.0,0.0385742908347276,0
0.2455174277563613,0.0,0.0,0.0,0.0,0.1956176352145175,0.4112898545757565,1.006052142399291,1.3025175370208548,0.0382919357316622,4
0.895475851745755,0.0,1.149512058475987,0.0,0.0,0.8271945972619542,0.0584867836105745,0.0,0.0,0.0365974122869808,3
-0.7117991526226024,0.0,0.0,0.0,0.0,-0.2888467908786762,-0.516595772466355,0.0,0.0,0.0368798796544465,0
0.573474933565859,0.0,1.0,0.0,0.0,0.2738932843430952,0.0584867836105745,0.0,0.0,0.036032421354664,3
0.1571065491918133,0.0,1.149512058475987,0.0,0.0,0.5868825171781742,0.0584867836105745,0.0,0.0,0.0365974122869808,3
0.2059479822871048,0.0,1.149512058475987,0.0,0.0,0.6996901260229197,0.5406638713926494,1.049929575826221,1.3025175370208548,0.0326408998459629,1
0.1201358024220165,0.0,0.0,0.0,0.0,-0.1335868153755982,-0.3428838574068739,0.0,0.0,0.0357498977784583,0
1.6012049119841485,0.0,1.2380816024689916,0.0,0.0,1.5362031770559437,0.4555743605292723,1.0778175216248964,1.3837532157583627,0.0323581509225969,1
0.6723240154003133,0.0,1.2380816024689916,0.0,0.0,1.0156028055182995,0.3187811813373079,0.0,0.0,0.0320753831832023,3
0.6610334623535076,0.0,1.149512058475987,0.0,0.0,0.5991421070306995,0.4986718890691056,1.057319856752445,1.4013322872298857,0.0368798796544465,1
1.793382716054325,0.0,0.0,0.0,0.0,-0.7077869673735322,-1.022273554629209,1.022831460331992,1.0,0.029812563203716,4
-0.4613033865021655,0.0,0.0,0.0,0.0,-1.3513954655373794,-1.2436386091883012,0.0,0.0,0.0289636945532498,10
0.1700911908950033,0.0,1.149512058475987,0.0,0.0,0.7270715581697934,0.5406638713926494,1.022831460331992,1.0,0.0286807005743066,1
0.5798740268601087,0.0,1.149512058475987,0.0,0.0,1.0346157504241342,0.9127530921308108,1.0972060001516266,1.4203058441177223,0.0266992134603943,1
-0.4394673197555907,0.0,0.0,0.0,0.0,-0.194333054699664,-0.3428838574068739,1.0846759212304773,1.3837532157583627,0.0278316052704827,4
-0.6795340320385531,0.0,1.2380816024689916,0.0,0.0,0.9685000550712352,-0.4260189459579204,0.0,0.0,0.0207491784265424,3
-0.3866056261762381,0.0,1.149512058475987,0.0,0.0,0.7300699373326532,0.2703350774754977,0.0,0.0,0.0224500434682527,3
-0.7388594167115456,0.0,0.0,0.0,0.0,-0.9742504454392018,-0.8610819189340483,0.0,0.0,0.0230168462746453,0
0.3389885847485308,0.0,1.149512058475987,0.0,0.0,0.6234011760771153,0.0,0.0,0.0,0.0207491784265424,3
-0.1563085637461689,0.0,0.0,0.0,0.0,-1.3513954655373794,-1.2436386091883012,0.0,0.0,0.0190476274693966,11
1.0092542062075442,0.0,0.0,0.0,0.0,0.016652923680305,0.4555743605292723,0.0,0.0,0.0179128784757042,0
-0.5240523283891078,0.0,0.0,0.0,0.0,0.3507057197595721,-0.8610819189340483,0.0,0.0,0.0201820710493981,0
-0.3792322717528985,0.0,0.0,0.0,0.0,-0.1567355266753786,-0.193584983678676,1.0900088286654293,1.4067157636187435,0.019898488766399,4
-0.7024521837942843,0.0,0.0,0.0,0.0,-0.7591490285750823,-0.7296649225245023,0.0,0.0,0.0187639688681811,0
-1.0318954642193685,0.0,0.0,0.0,0.0,-1.3513954655373794,-1.2436386091883012,0.0,0.0,0.0150746673369847,10
0.284245934488581,0.0,1.0,0.0,0.0,0.2153574763799761,0.4112898545757565,1.0492309274287095,1.3685309911523162,0.0167778236923118,1
-1.7716667047466184,0.0,0.0,0.0,0.0,-0.7739208145133659,-0.7296649225245023,0.0,0.0,0.1188591944078823,0
1.0794331445627232,0.0,1.2380816024689916,0.0,0.0,1.078404925722222,0.1145274825220776,1.050909606621733,1.218213644014002,0.0167778236923118,1
0.1054679465241861,0.0,1.0,0.0,0.0,0.280134604927976,0.3187811813373079,0.0,0.0,0.0110979497116214,3
0.4019641543267782,0.0,1.0,0.0,0.0,0.4420165446565888,0.1683778618987765,0.0,0.0,0.0142228304328648,3
-0.576298008902666,0.0,1.0,0.0,0.0,0.5105500441469552,0.0,0.0,0.0,0.0128027184085298,3
0.9079866550135456,0.0,1.149512058475987,0.0,0.0,0.399525592499343,0.5816230273987638,1.0640396958102238,1.3837532157583627,0.0119504206224458,1
-0.6846153506439551,0.0,0.0,0.0,0.0,-1.3513954655373794,-1.2436386091883012,0.0,0.0,0.0079707392591268,10
-0.636735985807245,0.0,0.0,0.0,0.0,-0.2567390261568691,0.3657267131137707,0.0,0.0,0.0108137542414004,0
-1.9428139123707184,0.0,1.0,0.0,0.0,0.196378205587433,0.1145274825220776,0.0,0.0,0.0091081767531779,3
0.079665484198352,0.0,0.0,0.0,0.0,-0.1875525837362376,0.0,1.084059123988336,1.41081075138084,0.0122345391126243,4
-0.2671730114492838,0.0,0.0,0.0,0.0,-0.2455176867890694,0.4112898545757565,0.0,0.0,0.0088238463382446,0
-0.405582599003142,0.0,1.0,0.0,0.0,0.2199251643863403,0.0584867836105745,0.0,0.0,0.0011396093983736,3
-0.7822760504277982,0.0,1.149512058475987,0.0,0.0,0.7534215514687214,0.1145274825220776,1.0441638598214986,1.218213644014002,0.0031331766933322,1
1.3167939784675329,0.0,1.2380816024689916,0.0,0.0,0.9441964312586228,0.2202528561873677,0.0,0.0,0.0045565705478172,3
-0.120407995585854,0.0,0.0,0.0,0.0,-0.4504732070810026,-0.7296649225245023,0.0,0.0,0.0048411911188787,0
0.9236453725884964,0.0,1.149512058475987,0.0,0.0,0.7633805449907081,0.1683778618987765,1.022831460331992,1.0,0.0048411911188787,1
-1.0399405675920972,0.0,0.0,0.0,0.0,-0.7615470556773098,-0.7296649225245023,0.0,0.0,0.0031331766933322,0
1.189666337379074,4.330656905792317,1.149512058475987,0.0,0.0,0.8056394099164443,0.2703350774754977,0.0,0.0,0.0008547362608263,9
0.5231168015890486,0.0,1.2380816024689916,0.0,0.0,1.3530993812061405,-0.2657509156119179,1.006052142399291,1.0,0.0025636832390793,1
0.7449501049642221,0.0,1.2380816024689916,0.0,2.740863092043355e-16,1.4664479928414982,0.878778350041491,1.0125842817931043,1.218213644014002,0.0019941120479214,1
-1.2709517771777232,0.0,0.0,0.0,0.0,-1.3513954655373794,-1.2436386091883012,0.0,0.0,-0.0019950670045388,10
0.1672929332972391,0.0,0.0,0.0,0.0,-0.2012299200053761,-0.4260189459579204,1.066040361863561,1.0,-0.0028503885727862,4
-0.0335323185694905,0.0,1.149512058475987,0.0,0.0,0.8724234411001899,1.1050458926679774,1.074185055291269,1.41081075138084,-0.0017099988864962,1
-0.3373311897490838,0.0,0.0,0.0,0.0,-0.1937894977859246,-0.7296649225245023,1.022831460331992,1.0,-0.0028503885727862,4
-0.1102305557886751,0.0,1.0,0.0,0.0,0.691682294086953,0.0584867836105745,0.0,0.0,-0.0048468234336211,3
-0.690221688418528,0.0,0.0,0.0,0.0,-0.4063255065518545,-0.6167169445693365,1.0125842817931043,1.218213644014002,-0.0068442183480242,4
0.8504405885658007,0.0,0.0,0.0,0.0,0.3908257844803646,0.3657267131137707,1.111030924151313,1.4248002454769926,-0.0057027321449197,4
-0.5560515448184962,0.0,0.0,0.0,0.0,-0.1325827251315172,0.6989246298564699,0.0,0.0,-0.0091281336795931,0
0.4443498794831261,0.0,1.0,0.0,0.0,0.4673900159309214,0.1683778618987765,0.0,0.0,-0.0094137116158649,3
0.354179531765729,0.0,0.7106121022478595,0.0,0.0,0.0533699372377191,0.2202528561873677,0.8663642547672894,1.0,-0.0091281336795931,1
-0.3282874340681985,0.0,0.0,0.0,0.0,-1.3513954655373794,-1.2436386091883012,0.0,0.0,-0.0139856408982574,11
0.1781163765506977,0.0,1.0,0.0,0.0,0.5900486904472081,0.878778350041491,0.0,0.0,-0.0128421845826566,3
-0.8841474964585063,0.0,0.0,0.0,0.0,-1.3513954655373794,-1.2436386091883012,0.0,0.0,-0.017131779765593,10
-0.0922477459074723,0.0,0.0,0.0,0.0,0.4448479604610252,0.0,0.0,0.0,-0.0159874516616856,0
0.1030189255801129,0.0,1.149512058475987,0.0,0.0,0.7353750888481705,0.0584867836105745,0.0,0.0,-0.0128421845826566,3
0.8592157282168454,0.0,1.149512058475987,0.0,0.0,0.8646312107918749,0.3657267131137707,0.0,0.0,-0.0188488678622755,3
1.1850667532984778,0.0,0.0,0.0,0.0,-0.1720372385219618,0.1683778618987765,1.022831460331992,1.0,-0.0136997471478637,4
-0.4365449561322017,0.0,0.0,0.0,0.0,-0.6755519914253534,-0.3428838574068739,0.0,0.0,-0.0214258435731036,0
-1.2378997994836132,0.0,0.0,0.0,0.0,-0.8054959383551826,-0.2657509156119179,0.0,0.0,-0.0197076804530038,0
-1.12724324653954,0.0,0.0,0.0,0.0,-1.3513954655373794,-1.2436386091883012,0.0,0.0,-0.0217122738998657,10
0.2892238832767211,0.0,1.2380816024689916,0.0,0.0,1.0329899549877246,0.946135927825118,1.022831460331992,1.0,0.0798801057663208,1
-0.7250289955776603,0.0,0.0,0.0,0.0,-0.7497933515674177,-0.6167169445693365,1.0125842817931043,1.344436979171577,-0.0231447250866093,4
-0.2139495316941394,0.0,0.0,0.0,0.0,-0.3722316655610954,-0.3428838574068739,0.0,0.0,-0.026871439409163,0
-0.0597122356955933,0.0,0.0,0.0,0.0,-0.637281061059662,-0.6167169445693365,0.0,0.0,-0.0369218052692839,0
0.1245250347007809,0.0,0.0,0.0,0.0,-0.7077869673735322,-1.022273554629209,0.0,0.0,-0.0199939911427736,0
-0.3650633682333964,0.0,0.0,0.0,0.0,-0.0438210161353316,-0.7296649225245023,0.0,0.0,-0.0251509966555892,0
-0.7805914336168548,0.0,0.7106121022478595,0.0,0.0,0.2370755448485128,0.0,0.0,0.0,-0.0271582500991223,3
0.137290485585413,0.0,0.0,0.0,0.0,-1.3513954655373794,-1.2436386091883012,0.0,0.0,-0.03002746263206,11
1.569333048899083,4.330657294789151,1.0,0.0,0.0,0.420685967680374,0.4112898545757565,0.9271671564532872,1.0,-0.0380719969452903,8
-0.8619875530222662,0.0,0.0,0.0,0.0,-0.8126234108939935,-0.8610819189340483,0.0,0.0,-0.0311757114155046,0
0.7545888201658026,0.0,1.0,0.0,0.0,0.2871686479262681,0.3187811813373079,1.022831460331992,1.0,-0.031462824028751,1
1.3750689351002736,0.0,1.149512058475987,0.0,0.0,0.7360270006717634,1.1050458926679774,0.9750538018491568,1.0,-0.0354845224583505,1
1.0427656005051131,0.0,0.0,0.0,0.0,0.3605476765151952,0.6216146055503267,1.099171211590655,1.427761196424576,-0.0317499568219016,4
0.8643469484682221,0.0,0.0,0.0,0.0,-0.5627380187757388,-1.022273554629209,0.0,0.0,-0.0369218052692839,0
-0.1539061760074421,0.0,0.0,0.0,0.0,-0.5109376799694366,-0.8610819189340483,0.988153482273682,1.0,-0.0337604519561995,4
0.5468190652369961,0.0,1.0,0.0,0.0,0.2137301357364877,0.2202528561873677,1.0306204699037194,1.218213644014002,-0.0062734359990733,1
0.2016299748124332,0.0,0.0,0.0,0.0,-0.8348500743739571,-0.6167169445693365,0.0,0.0,-0.0389348541435632,0
0.7680512834476869,0.0,1.149512058475987,0.0,0.0,0.604250301765051,0.1145274825220776,0.0,0.0,-0.0349097512766363,3
0.4316083261181334,0.0,1.2380816024689916,0.0,2.740863092043355e-16,1.313682077441182,1.2524829530295192,1.049929575826221,1.218213644014002,-0.0377844185478068,1
0.1208155550157377,0.0,0.0,3.816391647148976e-17,0.0,0.3204650996360211,0.1145274825220776,0.988153482273682,1.0,-0.0374968604736841,5
0.7155144318537997,0.0,1.149512058475987,0.0,0.0,0.6253858291883576,0.1683778618987765,0.0,0.0,-0.0392225139001662,3
0.7647657062910092,4.330656806077253,1.149512058475987,0.0,0.0,0.7094313929833095,0.2202528561873677,0.0,0.0,-0.0412367025393964,9
0.046948909113733,0.0,0.0,0.0,0.0,-0.0863229102901684,0.5816230273987638,0.0,0.0,-0.0412367025393964,0
0.2009061303791261,0.0,1.0,0.0,0.0,0.2402452744572508,0.3187811813373079,0.0,0.0,-0.042963945551793,3
0.8747294426878117,0.0,1.149512058475987,0.0,0.0,0.7890423739200091,0.5816230273987638,1.0368224148220306,1.3025175370208548,-0.0452680812405484,1
0.4108815685199652,0.0,1.0,0.0,0.0,0.4253896006746835,0.2703350774754977,0.0,0.0,-0.042100232145606,3
-0.7140957490325015,0.0,0.0,0.0,0.0,-0.5285785930650984,-0.7296649225245023,0.0,0.0,-0.0449799926159137,0
-0.795927889006278,0.0,0.7106121022478595,0.0,0.0,-0.033910031790993,-0.1256132043464057,0.0,0.0,-0.0510341666224548,3
-0.0471234467592698,0.0,0.0,0.0,0.0,-0.4276680827230703,-0.3428838574068739,0.0,0.0,-0.049880291129866,0
-1.342605008431632,0.0,0.0,0.0,0.0,-1.3513954655373794,-1.2436386091883012,0.0,0.0,-0.049591873779368,10
-0.0849074348817323,0.0,0.7106121022478595,0.0,0.0,0.0456788452467716,0.1145274825220776,0.0,0.0,-0.0490151008584879,3
0.8414807761102098,0.0,1.2380816024689916,0.0,0.0,0.9786652205158224,0.3187811813373079,1.104037270738984,1.344436979171577,-0.0490151008584879,1
-0.6339386542098768,0.0,0.0,0.0,0.0,-0.126015185882093,0.5816230273987638,1.0665838155427505,1.3685309911523162,-0.0513226870519067,4
0.4668273134023452,0.0,1.0,0.0,0.0,0.240640159980335,-0.1256132043464057,0.0,0.0,-0.05305424322078,3
-0.7498105201814824,0.0,0.0,0.0,0.0,-0.9260958865407136,-0.7296649225245023,0.0,0.0,-0.0516112281173562,0
1.0764684731434568,0.0,1.149512058475987,0.0,0.0,0.9025011001937244,0.6216146055503267,0.988153482273682,1.218213644014002,-0.0521883721832329,1
0.1013860981113466,0.0,0.0,0.0,0.0,-1.3513954655373794,-1.2436386091883012,0.0,0.0,-0.0556529735977015,11
0.1481090767328367,0.0,1.149512058475987,0.0,0.0,0.5577690754138819,0.1145274825220776,0.0,0.0,-0.0553641429182823,3
-0.2091738135947654,0.0,1.0,0.0,0.0,0.1700052626097069,0.1145274825220776,0.0,0.0,-0.0562306971760983,3
-0.3394066509930034,0.0,0.0,0.0,0.0,-0.5807037428592542,-0.1256132043464057,0.0,0.0,-0.0533429082439963,0
2.110738163977275,0.0,1.2380816024689916,0.0,0.0,1.1588633479336732,1.0112311364854392,1.0125842817931043,1.218213644014002,-0.0576753693873101,1
0.1695694593652949,0.0,0.0,0.0,0.0,-0.2606762121973326,0.1145274825220776,1.006052142399291,1.0,-0.0562306971760983,4
-0.3995287651807518,0.0,1.149512058475987,0.0,0.0,0.5909124675700869,0.0584867836105745,0.0,0.0,-0.0562306971760983,3
0.375994694748175,0.0,1.2380816024689916,0.0,0.0,1.5543679359986171,1.0112311364854392,0.0,0.0,-0.0579643661581426,3
-0.090114859558386,0.0,1.149512058475987,0.0,0.0,0.7220534364752442,0.3187811813373079,0.0,0.0,-0.0591205612311396,3
-0.0707959016980687,0.0,0.0,0.0,0.0,-0.2505940992267519,0.0584867836105745,0.0,0.0,-0.0602770894161665,0
-0.1786170752214787,0.0,0.0,0.0,0.0,-0.5346936063715247,-0.4260189459579204,0.988153482273682,1.0,-0.0611447044237038,4
0.7366184242891235,0.0,1.149512058475987,0.0,2.740863092043355e-16,1.251046829690407,0.878778350041491,1.022831460331992,1.0,-0.0620125072391766,1
-0.9214257649436084,0.0,0.0,0.0,0.0,-0.3611691579503857,-0.0612410630353533,0.0,0.0,-0.0623018166115481,0
1.066983463777404,0.0,1.0,0.0,0.0,0.48866106003165,0.1145274825220776,0.9750538018491568,1.0,-0.0620125072391766,1
0.454461025980689,0.0,1.149512058475987,0.0,0.0,0.5458615522875306,0.1145274825220776,0.0,0.0,-0.111208004564177,3
-0.5830009987181091,0.0,0.0,0.0,0.0,-1.3513954655373794,-1.2436386091883012,0.0,0.0,-0.2706910856238168,12
0.1561277140646032,0.0,0.7106121022478595,0.0,0.0,0.041130141802391,0.0584867836105745,0.0,0.0,-0.224796323228446,3
-0.0359627325440954,0.0,0.0,0.0,0.0,-0.481341294220887,-0.193584983678676,0.0,0.0,-0.3583937189196822,0
-0.9308518203952876,0.0,0.0,0.0,0.0,-0.6718344272042854,-0.8610819189340483,1.0306204699037194,1.218213644014002,-0.1565863245583341,4
0.1774507634525146,0.0,1.149512058475987,0.0,0.0,0.6624270235555768,0.1683778618987765,0.0,0.0,-0.1156044587363459,3
0.503325204710911,0.0,1.0,0.0,0.0,0.3519454065054764,0.3187811813373079,0.0,0.0,0.0340543624224087,3
0.1002448458742179,0.0,1.0,0.0,0.0,0.2347471334053465,0.6606974057623132,0.0,0.0,0.1440141073111447,3
-0.4539993177715113,4.330657252493186,0.7106121022478595,0.0,0.0,0.1173213091783672,-0.0612410630353533,0.0,0.0,0.1418082997066327,9
0.8969920738240472,0.0,1.149512058475987,0.0,0.0,0.713926376956868,0.1145274825220776,0.0,0.0,0.1163636716779026,3
0.2708278493700818,0.0,0.7106121022478595,0.0,0.0,0.0204995775995936,-0.1256132043464057,0.0,0.0,0.1257839092295233,3
1.177831475183808,0.0,0.0,0.0,0.0,0.6426719262048421,0.0584867836105745,1.0739196815027685,1.344436979171577,0.0380095619320173,4
0.5023882449568319,0.0,0.0,0.0,0.0,0.0696263027023402,-0.0612410630353533,1.071083660422793,1.344436979171577,-0.05305424322078,4
-0.7131342981671296,0.0,0.0,0.0,0.0,-1.3513954655373794,-1.2436386091883012,0.0,0.0,0.1315924244376022,10
-0.2939193129261073,0.0,0.0,0.0,0.0,-0.5109376799694366,-0.7296649225245023,0.0,0.0,0.139325481627573,0
-0.5662920629787208,0.0,0.0,0.0,0.0,-1.3513954655373794,-1.2436386091883012,0.0,0.0,0.0210327035323931,10
0.0236386518153613,0.0,0.0,0.0,0.0,-1.3513954655373794,-1.2436386091883012,0.0,0.0,-0.1297068503839568,11
-0.3530898527211331,0.0,0.0,0.0,0.0,0.0449162836600547,1.0429915279268975,1.049929575826221,1.218213644014002,0.1456677592868858,4
0.5170897709564869,0.0,0.0,0.0,0.0,-0.5186528218001187,-0.3428838574068739,1.033883362385476,1.3685309911523162,0.1621713286960899,4
-1.156201580254464,0.0,0.0,0.0,0.0,-0.2682987425518662,-0.2657509156119179,1.022831460331992,1.0,0.1780684738689446,4
1.0017180061050797,0.0,1.0,0.0,0.0,0.1694831888538937,0.1683778618987765,0.0,0.0,0.1709489549968306,3
0.3494957917395581,0.0,0.0,0.0,0.0,-0.1421859593983173,-0.1256132043464057,1.078815478559638,1.4067157636187435,0.0692401473567463,4
0.3717321164342311,0.0,0.0,0.0,0.0,-0.7077869673735322,-0.6167169445693365,0.0,0.0,0.1456677592868858,0
0.2801846901109775,0.0,0.0,0.0,0.0,-0.2346128228402997,-0.6167169445693365,1.049929575826221,1.218213644014002,0.1629949444719738,4
-0.6323981336162521,0.0,0.0,0.0,0.0,-1.3513954655373794,-1.2436386091883012,0.0,0.0,0.0692401473567463,10
0.7793503822003295,0.0,1.2380816024689916,0.0,0.0,1.2813300463215025,0.3187811813373079,0.0,0.0,0.1094243305559041,3
-0.0827959238371374,0.0,1.0,0.0,0.0,0.6086724914878108,-0.3428838574068739,0.0,0.0,0.1607983066709099,3
-0.7234974663879525,0.0,0.0,3.816391647148976e-17,0.0,0.1923643311521269,-0.1256132043464057,0.0,0.0,0.1539270079221382,5
0.2478405836993079,0.0,1.2380816024689916,0.0,0.0,1.214001139161717,0.946135927825118,1.0481458543966122,1.3837532157583627,0.1423598522520202,1
-0.4326684667200654,0.0,0.0,0.0,0.0,-0.3728566107164076,-0.2657509156119179,0.0,0.0,-0.0672232785307049,0
-1.1098462137804157,0.0,0.0,0.0,0.0,-0.5338710862403588,-0.6167169445693365,0.0,0.0,0.1440141073111447,0
0.460622696860305,0.0,0.0,0.0,0.0,-0.1227367284726898,-0.4260189459579204,1.071083660422793,1.344436979171577,0.148147108662774,4
0.7764703685782761,0.0,0.0,0.0,0.0,-0.9674664273370568,-1.022273554629209,0.9271671564532872,1.0,0.1379455493588331,4
-0.2138326643553033,0.0,0.0,0.0,0.0,-0.3321368725700185,-1.022273554629209,0.0,0.0,0.0602599305607979,0
0.5334080899467827,0.0,0.0,0.0,0.0,0.0081344956947254,0.4986718890691056,1.006052142399291,1.218213644014002,0.148147108662774,4
-0.1264634792582696,4.330657287183581,0.0,0.0,0.0,-1.3513954655373794,-1.2436386091883012,0.0,0.0,0.1307630956079614,9
-0.6312635205026351,0.0,0.0,0.0,0.0,-1.3513954655373794,-1.2436386091883012,0.0,0.0,0.1412566800028716,10
0.6666145433879475,0.0,0.0,0.0,0.0,-0.068226983648507,0.1683778618987765,1.057319856752445,1.394034397226019,0.1263374246789516,4
0.2797310425197733,4.330656905792317,1.149512058475987,0.0,0.0,0.6743060255214145,0.3657267131137707,1.081240003377632,1.4067157636187435,0.0326408998459629,8
-0.9858201809287506,0.0,0.0,0.0,0.0,-0.6685001566443677,-0.7296649225245023,0.0,0.0,0.0714822999190038,0
-0.0477106843647004,0.0,0.0,0.0,0.0,-0.3123821019053684,0.1145274825220776,0.0,0.0,0.105255525137146,0
-0.8774923646583428,0.0,0.0,0.0,0.0,-0.0297210677009057,-0.2657509156119179,1.087012332022574,1.3837532157583627,0.0840729613803805,4
-0.3133561476215801,0.0,0.0,0.0,0.0,-0.2548308174126969,-0.3428838574068739,0.0,0.0,0.135736781013699,0
0.9427260363862092,0.0,1.149512058475987,0.0,0.0,0.5765747904743599,-0.0612410630353533,0.0,0.0,0.0737232972948608,3
0.3108228985091754,0.0,1.0,0.0,0.0,0.4518468393821623,0.2202528561873677,0.988153482273682,1.0,0.0829552591717845,1
-1.4519852298200937,0.0,0.0,0.0,0.0,-0.4702723586282651,-0.1256132043464057,0.0,0.0,0.1083130315512401,0
-0.8767759882869697,0.0,0.0,0.0,0.0,-0.3052666337569913,0.1683778618987765,0.0,0.0,0.0399857860991547,0
0.6387634382713278,0.0,0.0,0.0,0.0,0.2164077668589168,-0.3428838574068739,1.0787351585642642,1.3837532157583627,0.1266141568191114,4
0.0222330611517227,0.0,1.149512058475987,0.0,0.0,0.8532807505405278,0.2202528561873677,0.0,0.0,0.1219073877160582,3
-0.1690829049205107,0.0,0.0,0.0,0.0,-1.3513954655373794,-1.2436386091883012,0.0,0.0,0.1083130315512401,11
1.4970398412291273,4.330657137761639,1.2380816024689916,0.0,0.0,1.2669365401955393,0.6216146055503267,1.006052142399291,1.3025175370208548,0.0969061342783171,8
0.3745165315678936,0.0,0.0,0.0,0.0,-0.2271148620495302,-0.3428838574068739,0.0,0.0,0.0974632510019957,0
1.3275202729224678,0.0,1.0,0.0,0.0,0.5474826346338024,0.6216146055503267,0.0,0.0,0.0025636832390793,3
0.1215070488699601,0.0,1.149512058475987,0.0,0.0,0.6890341889642178,0.0584867836105745,0.0,0.0,0.1069235168868809,3
0.798309921540472,0.0,1.0,0.0,0.0,0.3995939348471318,0.3187811813373079,0.0,0.0,0.1409808449549227,3
1.5678115942055442,0.0,0.0,0.0,0.0,-0.0619412414153022,0.0,1.084719994083769,1.4140046247801077,0.140429124443511,4
-1.346063306703686,0.0,0.0,0.0,0.0,-0.5206123079983815,-0.7296649225245023,0.0,0.0,0.0754032888688137,0
0.5765572631203113,0.0,0.0,3.816391647148976e-17,0.0,0.3604988912599083,0.4986718890691056,0.9271671564532872,1.0,0.0949556717834134,5
-0.1421017733272055,0.0,0.0,0.0,0.0,-1.3513954655373794,-1.2436386091883012,0.0,0.0,-0.0369218052692839,11
-0.9601762589049015,0.0,0.0,0.0,0.0,-0.4879956411652101,-0.6167169445693365,0.0,0.0,0.1149766673667205,0
0.9984764605845056,0.0,1.0,0.0,0.0,0.5391000717953324,0.4986718890691056,1.0681963516467785,1.344436979171577,0.1238460673760553,1
0.468997262919313,0.0,1.0,0.0,0.0,0.3036238468515771,0.1145274825220776,0.0,0.0,0.1266141568191114,3
-0.6200294226656613,0.0,0.0,0.0,0.0,-0.3581569760423467,-0.7296649225245023,0.0,0.0,0.1321452254962612,0
0.498120338082341,0.0,1.2380816024689916,0.0,0.0,0.9743134455041608,0.0,0.0,0.0,0.1221843933102313,3
-0.3490505670879572,0.0,0.0,0.0,0.0,-0.8315310573768225,-0.8610819189340483,0.988153482273682,1.218213644014002,0.0306612620454173,4
-0.0908032619206984,0.0,0.0,0.0,0.0,0.2849086448795433,-0.6167169445693365,0.0,0.0,0.1166410208329446,0
0.1342008663514701,4.33065677805932,1.149512058475987,0.0,0.0,1.1447724984326486,1.7832167899648053,1.1143997641049526,1.4317853075916405,-0.0762133670379846,8
0.1505614432556464,0.0,1.0,0.0,0.0,0.2679252818298231,0.1145274825220776,0.0,0.0,0.0388566272468675,3
0.1840586709236795,0.0,0.7106121022478595,0.0,0.0,-0.0891517023131351,-0.3428838574068739,0.0,0.0,0.0756832245188235,3
-0.4480655620087969,0.0,0.0,0.0,0.0,-0.0820843099546676,0.0,0.0,0.0,0.1046993885260935,0
0.0402484809128985,0.0,1.149512058475987,0.0,0.0,0.7315038997654287,0.4986718890691056,1.0394896384476304,1.218213644014002,0.0582930211750217,1
0.29508164465595,0.0,0.0,0.0,0.0,-0.3052666337569913,-0.516595772466355,1.033883362385476,1.3025175370208548,0.0368798796544465,4
1.151365295350433,0.0,1.149512058475987,0.0,0.0,0.7850561486433055,0.5816230273987638,1.076850654943709,1.3685309911523162,0.0969061342783171,1
0.5676965430157677,0.0,0.0,0.0,0.0,-0.1937894977859246,-0.7296649225245023,1.022831460331992,1.0,0.1016393893628901,4
0.1278740287542878,0.0,1.0,0.0,0.0,0.3193897092188701,0.0584867836105745,0.9271671564532872,1.0,0.0994126064236892,1
1.033659105143884,0.0,1.2380816024689916,0.0,0.0,1.000796615944908,0.0584867836105745,1.022831460331992,1.0,-0.1050613218619995,1
-0.7351228984109646,0.0,1.0,0.0,0.0,0.35355292760042,0.2703350774754977,0.0,0.0,0.0904942281557117,3
0.8353582915663496,0.0,0.0,0.0,0.0,-0.392809711163643,-1.022273554629209,0.0,0.0,0.0913310932541426,0
0.3636122138163546,0.0,0.0,0.0,0.0,-0.559363348383738,-0.8610819189340483,0.0,0.0,0.0062640033068953,0
-0.4552758475949781,0.0,0.0,0.0,0.0,-0.7077869673735322,-1.022273554629209,1.022831460331992,1.0,0.0790410521325063,4
0.5351025781740241,0.0,0.0,0.0,0.0,-0.0059213111664136,0.1683778618987765,0.0,0.0,0.0949556717834134,0
0.1645079039669033,0.0,0.0,0.0,0.0,-0.034443075271142,0.0,1.022831460331992,1.0,-0.1132590624334179,4
-0.1069702692301194,0.0,0.7106121022478595,0.0,0.0,0.0029076767393034,0.1145274825220776,0.0,0.0,-0.1038916250090179,3
0.5178822863355992,0.0,0.0,0.0,0.0,-0.4504732070810026,-0.6167169445693365,1.0629354125627657,1.3025175370208548,0.1066455617832068,4
-0.0287254976415385,0.0,1.149512058475987,0.0,0.0,0.577914880139593,0.1683778618987765,0.0,0.0,0.0868659706810273,3
-0.429695768579892,0.0,0.0,0.0,0.0,-1.3513954655373794,-1.2436386091883012,0.0,0.0,0.0518239944722236,10
0.7075532480878515,4.330657298065855,0.0,0.0,0.0,-0.2613210019676533,-0.6167169445693365,1.0306204699037194,1.218213644014002,0.0456271085087288,6
-0.0792687575905219,0.0,0.0,0.0,0.0,-0.3611691579503857,-0.0612410630353533,0.0,0.0,0.0815577301003471,0
1.2135202232974145,0.0,1.149512058475987,0.0,0.0,0.7707746904917296,0.1145274825220776,1.022831460331992,1.0,0.0481632800677168,1
-0.0290268933607033,0.0,0.0,0.0,0.0,-0.6603451560859785,-0.7296649225245023,0.0,0.0,0.0910521559076699,0
0.2217287366877169,0.0,1.0,0.0,0.0,0.4804573752288711,0.3657267131137707,0.8663642547672894,1.0,0.095791689858682,1
0.4924399142643033,0.0,0.0,0.0,0.0,-0.392809711163643,-0.193584983678676,0.0,0.0,0.110257622593671,0
-0.6011382767559691,0.0,0.0,0.0,0.0,0.2890309592632262,-0.7296649225245023,0.0,0.0,-1.3928620401564074,0
-1.1034250899761942,0.0,0.0,0.0,0.0,-1.3513954655373794,-1.2436386091883012,0.0,0.0,0.1183047542234058,10
-2.0289885230941387,0.0,0.0,0.0,0.0,0.2995290448542684,-0.516595772466355,0.0,0.0,-0.1355981673147234,0
0.4153384279586194,0.0,1.0,0.0,0.0,0.2662492642067484,0.1145274825220776,0.0,0.0,0.1440141073111447,3
-0.193597954690037,0.0,0.0,0.0,0.0,-0.6063765820837328,-0.3428838574068739,0.0,0.0,0.110257622593671,0
0.8971489503357876,0.0,1.149512058475987,0.0,0.0,0.7272063008563535,0.3657267131137707,0.0,0.0,0.1230153073496902,3
-1.2183129551160758,0.0,0.0,3.816391647148976e-17,0.0,0.2413684073220178,0.3187811813373079,0.0,0.0,0.1431870552298197,5
0.2531654273839411,0.0,1.0,0.0,0.0,0.2556391037808769,0.1683778618987765,0.0,0.0,0.1434627560169932,3
1.6277053427903676,4.330657232433621,0.0,0.0,0.0,0.3911957317066041,0.2703350774754977,1.0689577040329925,1.4140046247801077,0.1434627560169932,6
0.3769518329064446,0.0,0.0,0.0,0.0,-1.3513954655373794,-1.2436386091883012,0.0,0.0,0.1434627560169932,11
-0.0352175673965976,0.0,1.149512058475987,0.0,0.0,0.5912443759961334,0.1145274825220776,0.0,0.0,-0.0254376869815552,3
0.8430686739300028,0.0,1.0,0.0,0.0,0.252381922574028,0.2703350774754977,0.0,0.0,0.0896572038033513,3
-0.3019641062019174,0.0,0.0,0.0,0.0,-0.6565184460148745,-0.193584983678676,0.0,0.0,0.1035869060226983,0
-2.504121237459017,0.0,0.0,0.0,0.0,-0.6752118293675445,-1.022273554629209,0.0,0.0,-0.0455561903604404,0
0.0939372771050526,0.0,0.0,0.0,0.0,-0.1324490276607544,0.0,0.0,0.0,-0.0208530427793149,0
0.7106594950980119,0.0,1.0,0.0,0.0,0.4320410192737985,0.0584867836105745,0.0,0.0,0.0879826767824282,3
0.7366945739531178,0.0,0.7106121022478595,0.0,0.0,0.0876132058904036,0.2703350774754977,0.0,0.0,-0.0148434409230165,3
-0.011024547936436,0.0,0.0,0.0,0.0,0.1736103342338245,0.5406638713926494,1.1059175364583984,1.427761196424576,0.0664358280197994,4
0.2001035515696887,0.0,0.0,0.0,0.0,0.4741901279680103,0.1683778618987765,0.8663642547672894,1.0,0.0655941786183978,4
0.0372895577614917,0.0,0.0,0.0,0.0,0.1257122356413479,-0.7296649225245023,0.0,0.0,0.0405502535265365,0
0.3819962566765384,0.0,1.149512058475987,0.0,0.0,0.6102847030246703,0.1683778618987765,0.0,0.0,0.0526683319920705,3
0.2109136182417942,0.0,0.0,0.0,0.0,-1.3513954655373794,-1.2436386091883012,0.0,0.0,-0.031462824028751,11
-0.2029711984418485,0.0,0.0,0.0,0.0,-0.7475109195614293,-0.7296649225245023,0.0,0.0,0.0368798796544465,0
-0.1407825707485479,0.0,0.0,0.0,0.0,-0.3914870417323801,-0.6167169445693365,0.0,0.0,0.0602599305607979,0
-0.0066682100596804,0.0,0.7106121022478595,0.0,0.0,0.0095409635983393,0.0,0.0,0.0,0.0241502238559437,3
-1.849806067273324,0.0,0.0,0.0,0.0,0.7491438637443838,-0.6167169445693365,0.0,0.0,0.0303783812895793,0
0.4860550305360061,0.0,0.0,0.0,0.0,0.0392710407439754,-0.6167169445693365,0.0,0.0,-0.2722210962496674,0
0.3700659102617559,0.0,0.7106121022478595,0.0,0.0,0.0716677803583954,0.1683778618987765,0.0,0.0,0.0181965943772097,3
0.8153123333775143,0.0,1.149512058475987,0.0,0.0,1.0566636303207009,0.878778350041491,0.0,0.0,-0.0611447044237038,3
1.8304154681203788,0.0,1.149512058475987,0.0,0.0,0.7415891922134017,0.4986718890691056,1.0368224148220306,1.344436979171577,-0.2169533487779533,1
-0.6268182095724776,0.0,0.0,0.0,0.0,-1.3513954655373794,-1.2436386091883012,0.0,0.0,0.0,10
-0.2285341974350844,0.0,1.149512058475987,0.0,0.0,0.5826921812587352,0.2202528561873677,0.0,0.0,0.0397035243942333,3
0.6520815716821868,0.0,1.0,0.0,0.0,0.149851001534229,0.0584867836105745,0.0,0.0,0.0596980478545701,3
0.3438170350942476,0.0,1.149512058475987,0.0,0.0,0.6621744540907103,0.3657267131137707,0.0,0.0,-0.0094137116158649,3
-0.5275817508280781,0.0,0.0,0.0,0.0,-1.3513954655373794,-1.2436386091883012,0.0,0.0,-0.0936716880972008,12
-0.8483008992703558,0.0,0.0,0.0,0.0,-0.7077869673735322,-1.022273554629209,1.022831460331992,1.0,0.0498532283352693,4
-0.7647297905802831,0.0,0.0,0.0,0.0,-1.3513954655373794,-1.2436386091883012,0.0,0.0,0.0655941786183978,10
0.1601530600912768,0.0,1.149512058475987,0.0,0.0,0.7206671998793074,0.3187811813373079,1.022831460331992,1.0,0.0605408445144373,1
0.063084343447777,0.0,0.0,0.0,0.0,-1.3513954655373794,-1.2436386091883012,0.0,0.0,-0.1030145825992554,11
-0.2190325324302878,0.0,0.7106121022478595,0.0,0.0,0.067319203891951,-0.2657509156119179,1.022831460331992,1.0,-0.0640381118842045,1
-0.3305890060447751,0.0,0.0,0.0,0.0,-0.5627380187757388,-1.022273554629209,0.0,0.0,-0.0475735286270883,0
-0.0347009560090701,0.0,0.0,0.0,0.0,-0.2346128228402997,-0.6167169445693365,1.049929575826221,1.218213644014002,0.0574497855801528,4
-1.8693504832937464,0.0,0.0,0.0,0.0,-1.3513954655373794,-1.2436386091883012,0.0,0.0,0.0487266700996378,10
-0.0357953850342702,0.0,0.0,0.0,0.0,-0.8250433285934807,-0.8610819189340483,0.0,0.0,0.0230168462746453,0
-0.5516205193187029,0.0,0.0,0.0,0.0,-0.3321368725700185,0.0584867836105745,0.0,0.0,0.065874746573651,0
-0.4809381833002175,0.0,0.0,0.0,0.0,-0.8008686164877915,-0.7296649225245023,0.998116281742044,1.3025175370208548,-0.0469970436221107,4
0.6638443783729635,0.0,1.2380816024689916,0.0,0.0,1.1924162749800833,0.5816230273987638,1.0306204699037194,1.218213644014002,0.0560440264711672,1
-0.1719407747414043,0.0,0.0,0.0,0.0,-0.0635896955066374,-0.6167169445693365,1.020166863448748,1.218213644014002,-0.015415406646825,4
0.460800383559157,0.0,0.0,0.0,0.0,-0.2177746886778147,-0.6167169445693365,1.0368224148220306,1.218213644014002,-0.1438613222648357,4
0.9429732627381214,0.0,0.7106121022478595,0.0,0.0,0.1059066747397371,0.2202528561873677,0.0,0.0,0.0278316052704827,3
-0.7751028354173872,0.0,0.0,0.0,0.0,-1.3513954655373794,-1.2436386091883012,0.0,0.0,-0.1494787172197774,12
0.7639878588447618,0.0,1.149512058475987,0.0,0.0,0.8257951582646064,0.2202528561873677,0.0,0.0,0.0504163966276001,3
0.3846397002624546,4.330656993459956,0.0,0.0,0.0,0.1610916399842877,-0.516595772466355,1.049929575826221,1.218213644014002,0.0504163966276001,6
0.0666340063439006,0.0,1.0,0.0,0.0,0.2728936653246219,0.2202528561873677,1.071083660422793,1.344436979171577,0.0422432083544113,1
-0.2459323583396088,0.0,0.0,0.0,0.0,-1.3513954655373794,-1.2436386091883012,0.0,0.0,0.0218831645892251,11
-0.5974896358741127,0.0,0.7106121022478595,0.0,0.0,-0.0957228906020893,-0.2657509156119179,0.0,0.0,0.078201837332488,3
1.062527498629532,0.0,1.0,0.0,0.0,0.3208056412033724,0.0584867836105745,0.0,0.0,-0.094546638320434,3
-0.2089803622120493,0.0,0.0,0.0,0.0,-0.5742767490190575,-0.516595772466355,1.0269662977944063,1.3025175370208548,0.0748433636364929,4
-0.3810431891938363,0.0,0.0,0.0,0.0,-0.3766299742847432,-0.3428838574068739,0.0,0.0,-0.0079860187277657,0
0.483873982946363,0.0,1.0,0.0,0.0,0.4990308307987676,0.3187811813373079,0.0,0.0,-0.8169306822989997,3
-0.2917157692876208,0.0,1.0,0.0,0.0,0.3744972802178254,0.0584867836105745,0.0,0.0,0.0740033408780984,3
0.2113424972377076,0.0,0.0,0.0,0.0,-0.3660428442029294,-0.516595772466355,0.9565747954222968,1.0,-0.1791830239268381,4
-0.5551758394339447,0.0,0.0,0.0,0.0,-0.7077869673735322,-1.022273554629209,0.0,0.0,0.0506979530867574,0
0.0816706225734601,0.0,1.0,0.0,0.0,0.3734729956511534,0.2202528561873677,0.0,0.0,-0.5092719188998173,3
-0.2606449070306967,0.0,1.2380816024689916,0.0,0.0,0.9967470870113468,0.2703350774754977,0.0,0.0,-0.3502390918552298,3
-1.142459128795569,0.0,0.0,0.0,0.0,-0.5627380187757388,-1.022273554629209,0.0,0.0,-0.4800530469766785,0
-0.3014778695821564,0.0,0.0,0.0,0.0,-0.0203712134034737,-0.6167169445693365,0.0,0.0,-0.1773940839200731,0
0.6376426724545157,0.0,0.0,0.0,0.0,-0.1460346946358272,-0.4260189459579204,0.0,0.0,-0.1305899699836986,0
0.1723711018994049,0.0,0.0,0.0,0.0,-0.0619412414153022,-0.7296649225245023,0.0,0.0,0.0346196159407065,0
-0.1686990663446704,0.0,0.0,0.0,0.0,-0.4666110923155345,-0.8610819189340483,1.022831460331992,1.0,-0.2740580008341693,4
0.6303783578143147,0.0,0.0,0.0,0.0,0.3150406447506449,-0.6167169445693365,0.0,0.0,-0.2875585840685708,0
0.9439568491212734,0.0,1.2380816024689916,0.0,0.0,1.3279570101345033,0.6216146055503267,0.0,0.0,-0.2375021069764719,3
0.838165866769507,0.0,0.0,0.0,0.0,0.0976106129297614,-0.516595772466355,1.0915595943888237,1.3025175370208548,-0.4440140193583757,4
-1.7450702001912242,0.0,0.0,0.0,0.0,0.2890032103845338,-0.7296649225245023,0.0,0.0,-0.2844856159836332,0
-0.2700590504391542,0.0,0.0,0.0,0.0,-0.1470024638536306,0.0584867836105745,0.0,0.0,-0.0449799926159137,0
0.2388996392317235,0.0,0.0,0.0,0.0,-0.0807792863823844,0.2202528561873677,1.022831460331992,1.0,-0.07940829188472,4
-1.2294883781987282,0.0,0.0,0.0,0.0,-1.3513954655373794,-1.2436386091883012,0.0,0.0,-0.2202694447619224,-1
-0.2573830013698335,0.0,0.0,0.0,0.0,-0.0436032074262285,0.7730013276593265,0.0,0.0,-0.0715707869291436,0
-0.163038675736767,0.0,0.0,0.0,0.0,-1.3513954655373794,-1.2436386091883012,0.0,0.0,-0.0518997898255488,11
0.0366273676904131,0.0,0.0,0.0,0.0,-1.0642418779419427,-0.8610819189340483,0.0,0.0,-0.5615604169050394,0
-0.6816329142602299,0.0,0.0,0.0,0.0,-1.3513954655373794,-1.2436386091883012,0.0,0.0,0.0425253022976871,10
0.951219737014905,4.330657153270268,0.0,0.0,0.0,-0.1497103371972158,-0.6167169445693365,0.9271671564532872,1.218213644014002,0.0019941120479214,6
0.3665693363952153,0.0,1.149512058475987,0.0,0.0,0.6135610559483463,0.2703350774754977,1.022831460331992,1.0,-0.0254376869815552,1
0.1623218317875602,0.0,0.7106121022478595,0.0,0.0,0.0750089335877344,0.0584867836105745,0.0,0.0,-0.1164843489054679,3
-0.0882496168444157,0.0,1.149512058475987,0.0,0.0,0.8711762431993489,0.3657267131137707,0.0,0.0,-0.0369218052692839,3
-0.1488055277830847,0.0,0.0,0.0,0.0,-0.0563036951048234,0.946135927825118,0.0,0.0,-0.0048468234336211,0
-1.4266705805567672,0.0,0.0,0.0,0.0,-0.3321368725700185,-1.022273554629209,0.0,0.0,-0.1094508174830999,0
0.8132125867766925,0.0,0.0,0.0,0.0,-0.2346128228402997,0.1145274825220776,0.0,0.0,-0.0208530427793149,0
-1.1061675205993309,0.0,0.0,0.0,0.0,-1.3513954655373794,-1.2436386091883012,0.0,0.0,0.083514145923882,10
0.7221905380945257,0.0,0.7106121022478595,0.0,0.0,0.299338475062795,0.2703350774754977,1.0560115612601553,1.4013322872298857,-0.011984799915188,1
1.2355575149768692,0.0,1.149512058475987,0.0,0.0,0.8292653132288392,0.1145274825220776,0.0,0.0,-0.0136997471478637,3
1.2526125284270266,0.0,1.0,0.0,0.0,0.2454462750661231,0.1683778618987765,0.9685015758370832,1.0,-0.0320371098014384,1
0.1376652433025136,0.0,1.2380816024689916,0.0,0.0,1.0914649946407704,0.8089350854960184,1.0125842817931043,1.0,-0.0475735286270883,1
0.7108947364772776,0.0,0.0,0.0,0.0,-0.8193665386907896,-0.6167169445693365,0.988153482273682,1.0,-0.0753424701417136,4
1.0587060844845448,0.0,0.0,0.0,0.0,0.1412342885386698,-0.516595772466355,0.0,0.0,0.0,0
1.1926645206997577,0.0,1.149512058475987,0.0,0.0,0.835222341986871,0.3657267131137707,1.0744806419174684,1.3685309911523162,-0.033185923713206,1
-0.0805288113661222,0.0,1.149512058475987,0.0,0.0,0.8453545024474557,0.1683778618987765,1.022831460331992,1.0,-0.1583653230206077,1
0.0712752475127488,0.0,0.0,0.0,0.0,0.110473021868638,-0.8610819189340483,0.0,0.0,-0.0334731777220262,0
0.5609470853989188,4.330657265222109,0.7106121022478595,0.0,0.0,0.3054848500200585,0.0,0.0,0.0,0.0028484396802898,9
1.662736255500768,0.0,0.0,0.0,0.0,-0.1823146169866442,-0.516595772466355,0.9565747954222968,1.3025175370208548,-0.1441567672311956,4
0.4275497835798223,0.0,0.0,0.0,0.0,-1.3513954655373794,-1.2436386091883012,0.0,0.0,-0.1542156336754136,11
-0.594965360544645,4.330657300540935,0.0,0.0,0.0,-1.3513954655373794,-1.2436386091883012,0.0,0.0,0.0125186383726705,9
-0.1701624172050518,0.0,0.0,0.0,0.0,-0.5473096114071293,-0.3428838574068739,0.0,0.0,-0.0718607895030985,0
0.1788387259924048,0.0,0.0,0.0,0.0,-0.3326950506710213,-0.0612410630353533,0.0,0.0,-0.0695413598169669,0
1.2783079806574695,0.0,1.149512058475987,0.0,0.0,0.5881675614481428,0.3657267131137707,1.032941221045593,1.3025175370208548,0.0264160681946719,1
0.0858849686858622,0.0,1.0,0.0,0.0,0.4856765066307074,0.1145274825220776,0.0,0.0,-0.0860969323445205,3
-0.317934877186817,0.0,0.0,0.0,0.0,-1.0824468927632918,-0.6167169445693365,0.0,0.0,-0.0288795362095204,0
0.0291790391554312,0.0,1.0,0.0,0.0,0.3845934358897099,0.0584867836105745,0.0,0.0,0.0128027184085298,3
1.0360685300924617,0.0,0.0,0.0,0.0,0.1412342885386698,-0.516595772466355,1.022831460331992,1.344436979171577,-0.0409489001508954,4
-0.4755297073349719,0.0,0.7106121022478595,0.0,0.0,0.0877774215792344,0.2703350774754977,0.0,0.0,-0.0518997898255488,3
1.075367497170601,0.0,1.0,0.0,0.0,0.7257091430597213,1.0429915279268975,1.1032727403324518,1.42621575650091,-0.0251509966555892,1
-0.6792968741657398,0.0,0.0,0.0,0.0,-0.7077869673735322,-1.022273554629209,0.0,0.0,-0.0354845224583505,0
1.0226284528939389,0.0,0.0,0.0,0.0,-0.0369032642560633,0.0584867836105745,1.0873462068337068,1.4165481093681518,-0.0245776761119852,4
-0.1058476969218951,0.0,0.0,0.0,0.0,-1.3513954655373794,-1.2436386091883012,0.0,0.0,-0.0400856153336192,11
0.4870886507651248,0.0,0.7106121022478595,0.0,0.0,-0.0061216832335306,0.1145274825220776,0.0,0.0,-0.0796988673096953,3
-0.9901104404039436,0.0,0.0,0.0,0.0,-0.4666110923155345,-1.022273554629209,0.0,0.0,-0.0518997898255488,0
-0.2500632866517257,0.0,1.0,0.0,0.0,0.4495091303501062,0.4986718890691056,0.998116281742044,1.0,-0.0469970436221107,1
0.6435252565273687,0.0,0.0,0.0,0.0,-0.7077869673735322,-1.022273554629209,0.0,0.0,-0.011127592976981,0
-0.4880252532329063,0.0,0.0,0.0,0.0,-0.5937538127100144,-0.8610819189340483,0.0,0.0,-0.0288795362095204,0
0.1429528386531283,0.0,0.0,0.0,0.0,-0.0085330252632306,-0.6167169445693365,1.022831460331992,1.0,0.010529539511274,4
0.7872658161187117,0.0,0.0,0.0,0.0,-0.1428021138104444,-0.516595772466355,0.9750538018491568,1.3025175370208548,0.0337717074934666,4
1.045820681122702,0.0,1.149512058475987,0.0,0.0,0.6835477674026096,0.3187811813373079,1.0735678943842095,1.344436979171577,0.0266992134603943,1
0.2131324599706896,0.0,1.149512058475987,0.0,0.0,0.8153160694540977,-0.193584983678676,0.0,0.0,-0.0461324701126541,3
-1.2875015834399577,0.0,0.0,0.0,0.0,-0.2327248045425896,-0.6167169445693365,0.0,0.0,-0.0516112281173562,0
-0.0984853352294238,0.0,0.0,0.0,0.0,-1.3513954655373794,-1.2436386091883012,0.0,0.0,0.0108137542414004,11
0.5675898248706532,0.0,0.0,3.816391647148976e-17,0.0,1.0558870066541168,0.7363445937263972,1.063716165391442,1.4165481093681518,0.0275485356943244,5
0.4798421592916764,0.0,0.7106121022478595,0.0,0.0,-0.0890309510270886,0.1145274825220776,0.0,0.0,0.0238669079500049,3
1.2526934569254666,0.0,0.0,0.0,0.0,0.5128317160296704,0.2202528561873677,1.022831460331992,1.0,0.0218831645892251,4
-0.0786718002788157,0.0,1.0,0.0,0.0,0.3917040203631232,1.2238098830387245,0.0,0.0,-0.0521883721832329,3
0.4195676353233041,0.0,0.7106121022478595,0.0,0.0,0.0255794675325322,-0.2657509156119179,0.0,0.0,-0.0692515259890219,3
0.6834642553769351,0.0,0.7106121022478595,0.0,0.0,0.0706906559735247,0.0,0.0,0.0,-0.1091580302508764,3
1.3281985734670922,0.0,1.149512058475987,0.0,0.0,0.5992731800497103,0.1145274825220776,1.022831460331992,1.0,-0.0651960607045164,1
0.7857038432687333,0.0,1.2380816024689916,0.0,0.0,0.9469837286678772,0.2202528561873677,0.0,0.0,0.0059794796048445,3
0.2979945367353429,0.0,0.7106121022478595,0.0,0.0,0.1229310345560451,0.4986718890691056,1.0463489399748842,1.3025175370208548,-0.0596987836572415,1
0.1751166252130761,4.330657288024042,0.7106121022478595,0.0,0.0,0.4196746649371856,-0.0612410630353533,0.0,0.0,-0.0582533837211035,9
1.0668567907403208,0.0,0.0,0.0,0.0,0.0183664815372148,-0.4260189459579204,1.0515961795290998,1.3025175370208548,-0.0762133670379846,4
1.111871271653181,0.0,1.149512058475987,0.0,0.0,0.5738519037546252,0.2703350774754977,0.0,0.0,-0.0712808054729938,3
-0.1205446686035604,0.0,0.0,0.0,0.0,-0.1842046073722011,0.3657267131137707,0.0,0.0,-0.0753424701417136,0
0.9198751607727288,0.0,0.0,0.0,0.0,0.0248772298894379,0.4555743605292723,1.0945281266321183,1.42621575650091,-0.0820242386925533,4
-0.7516329945287331,4.330656905792317,0.0,0.0,0.0,-0.6282951186576696,-0.6167169445693365,0.0,0.0,-0.0721508132018869,9
0.6925267851676619,0.0,1.2380816024689916,0.0,0.0,0.9733048441698708,1.2238098830387245,0.988153482273682,1.0,-0.026871439409163,1
0.073604967942604,0.0,0.0,0.0,0.0,-0.1711556849235423,-0.516595772466355,1.0419259054467114,1.3025175370208548,-0.1223554112731669,4
-0.7716404233374685,0.0,0.0,0.0,0.0,-0.1567355266753786,0.6989246298564699,0.0,0.0,-0.0614339511521408,0
0.6269191178408533,0.0,0.7106121022478595,0.0,0.0,0.0112327410479559,0.2703350774754977,1.0394896384476304,1.0,-0.0177040629552968,1
0.5992008842263327,0.0,1.0,0.0,0.0,0.4197626740010343,0.4555743605292723,0.0,0.0,-0.1050613218619995,3
0.49549026808885,0.0,1.149512058475987,0.0,0.0,0.8015302137070768,0.2703350774754977,0.0,0.0,-0.1030145825992554,3
0.0968618061379393,0.0,0.0,0.0,0.0,-0.1823900475603534,-0.193584983678676,1.0419259054467114,1.344436979171577,-0.1065239369551718,4
0.3577662337854267,0.0,1.0,0.0,0.0,0.3829074530771638,0.4555743605292723,0.0,0.0,-0.4119104068091761,3
-1.1730518132212635,0.0,0.0,0.0,0.0,-0.1696906415475522,-0.4260189459579204,0.0,0.0,-0.1732232399565998,0
0.2298563835028957,0.0,0.7106121022478595,0.0,0.0,0.4830528330476476,0.0584867836105745,0.0,0.0,-0.0354845224583505,3
-0.5967278302170417,0.0,0.0,0.0,0.0,-1.004474624773398,-0.8610819189340483,0.0,0.0,-0.4007524824242184,0
0.6506484357828944,0.0,0.0,0.0,0.0,-0.7077869673735322,-1.022273554629209,1.022831460331992,1.0,-0.0536315939505069,4
-0.0283790444634712,0.0,0.0,0.0,0.0,0.0218690728556107,-0.3428838574068739,1.0780420772306372,1.344436979171577,-0.1059388249949074,4
0.4170088759048763,0.0,0.0,0.0,0.0,0.3982940431875684,-0.4260189459579204,0.0,0.0,-0.0395101940129874,0
-0.5045288694387245,0.0,0.0,0.0,0.0,-0.8522737322181162,-0.6167169445693365,0.0,0.0,-0.1326513747039255,0
-0.5655009894823979,0.0,1.149512058475987,0.0,0.0,0.751734491882777,0.2703350774754977,0.0,0.0,-0.0736012488145955,3
-0.8694975763433351,0.0,0.0,0.0,0.0,-0.3862466287223737,-0.1256132043464057,0.8663642547672894,1.0,-0.1350086269457782,4
-0.6287819000336934,0.0,0.7106121022478595,0.0,0.0,0.0843998261603562,0.0584867836105745,0.0,0.0,-0.1565863245583341,3
0.3885448540110922,0.0,1.149512058475987,0.0,0.0,0.7603978076726092,0.9127530921308108,1.0785824463066542,1.394034397226019,-0.2884810117229605,1
-0.7104669327326164,4.330655285737183,0.7106121022478595,0.0,0.0,0.0246897878221439,0.1683778618987765,1.049929575826221,1.218213644014002,0.0349022145414596,8
0.0923105288573372,0.0,1.149512058475987,0.0,0.0,0.7454819564024662,0.0584867836105745,0.0,0.0,0.0557628196326014,3
-0.120203034597544,0.0,0.0,0.0,0.0,-0.2451639401513793,-0.193584983678676,0.0,0.0,0.0289636945532498,0
0.5019424386524223,0.0,0.0,0.0,0.0,-0.1210419261648866,-0.2657509156119179,1.0395405064119771,1.3025175370208548,-0.4279202041994579,4
-0.1496946310015877,0.0,1.0,0.0,0.0,0.2838171320405737,0.1145274825220776,1.022831460331992,1.0,-0.2229848875654142,1
0.1404641141350442,0.0,1.0,0.0,0.0,0.4758931529139765,0.1145274825220776,0.0,0.0,-0.1038916250090179,3
0.6326372811566348,0.0,0.0,0.0,0.0,0.3867638398589793,-0.516595772466355,0.0,0.0,-0.2423543496907417,0
-0.7125498110963175,0.0,0.0,0.0,0.0,-0.7035742349565985,-0.6167169445693365,0.0,0.0,-0.1167776901210506,0
0.2706850763173756,0.0,0.0,0.0,0.0,-1.3513954655373794,-1.2436386091883012,0.0,0.0,0.0153585746221434,11
0.0584460813955997,0.0,0.0,0.0,0.0,-0.4924513148303137,-0.6167169445693365,1.006052142399291,1.3025175370208548,-0.5391261291873991,4
0.7229880499913799,0.0,1.0,0.0,0.0,0.1602412529051132,0.0584867836105745,0.0,0.0,-0.0736012488145955,3
-0.3463552975921092,0.0,0.7106121022478595,0.0,0.0,0.09793231023918,0.2202528561873677,0.0,0.0,-0.0846419167530555,3
-0.1141488496005686,0.0,0.0,0.0,0.0,-0.2488945306859696,0.0584867836105745,0.0,0.0,-0.1018454993076704,0
0.8676943865813859,0.0,0.0,0.0,0.0,-0.310485162049046,-0.7296649225245023,1.0368224148220306,1.218213644014002,-0.1305899699836986,4
1.3996768324870257,0.0,0.0,0.0,0.0,0.2598732675983509,0.0,1.0830672935472692,1.394034397226019,-0.1194187636491126,4
0.0557462878808731,0.0,0.0,0.0,0.0,-1.3513954655373794,-1.2436386091883012,0.0,0.0,-0.1068165259194378,11
-1.6717716429186216,0.0,0.0,0.0,0.0,-0.7262190442916495,-0.0612410630353533,0.0,0.0,-0.117071053595757,0
0.6258227957090002,4.330657251212871,0.0,0.0,0.0,0.4005726198339669,0.6989246298564699,1.0996178201834592,1.4281668800002032,-0.1030145825992554,6
0.5705941710397585,0.0,0.0,0.0,0.0,0.2457771700707005,-0.0612410630353533,1.0730034399359627,1.4067157636187435,-0.1438613222648357,4
-0.426736358182628,0.0,0.0,0.0,0.0,-0.5627380187757388,-1.022273554629209,0.0,0.0,-0.1188317023181763,0
0.0492189728062602,0.0,0.0,0.0,0.0,-1.3513954655373794,-1.2436386091883012,0.0,0.0,-0.1065239369551718,11
-0.1629117872237215,0.0,0.0,0.0,0.0,-0.5475244542666335,-0.3428838574068739,0.988153482273682,1.0,-0.0811520643201619,4
-0.2056420334709896,0.0,1.0,0.0,0.0,0.3241735623941723,0.1683778618987765,0.0,0.0,-0.0866790888511159,3
-0.1184802496543884,0.0,0.0,0.0,0.0,-0.245429219791613,-0.1256132043464057,0.0,0.0,-0.1030145825992554,0
-0.9307307517627496,0.0,0.0,0.0,0.0,-0.8218712255566567,-0.7296649225245023,0.0,0.0,-0.1711395706154312,0
-0.3078928796924796,0.0,0.0,0.0,0.0,-0.146241884265832,0.0584867836105745,1.0906644137474482,1.4186096146759073,-0.1182447302402656,4
-0.6597332351847911,0.0,0.0,0.0,0.0,-0.4761847617037972,-0.3428838574068739,1.015228502427235,1.218213644014002,-0.0820242386925533,4
-0.551878421524911,0.0,0.0,0.0,0.0,-0.5870312964716218,-0.516595772466355,0.0,0.0,-0.137957239950471,0
-0.7413050078037471,0.0,0.0,0.0,0.0,-0.4451637901710342,-0.3428838574068739,0.0,0.0,-0.0744717641309162,0
-0.3935040070255876,0.0,0.0,0.0,0.0,-0.0482546985058808,0.1683778618987765,0.0,0.0,-0.127352858749909,0
1.172875371688249,0.0,1.149512058475987,0.0,0.0,0.5838682818182533,0.2703350774754977,0.0,0.0,-0.1082798008844194,3
-0.3238672531080857,0.0,0.0,0.0,0.0,-0.384948874213775,0.0,0.0,0.0,-0.0866790888511159,0
-0.5098830759982591,0.0,0.0,0.0,0.0,-0.120781788649224,0.5406638713926494,0.0,0.0,-0.0901738349880748,0
0.8897663246211895,0.0,1.0,0.0,0.0,0.2923230203254259,0.0,0.0,0.0,-0.1367775212719189,3
-1.2362919395614331,0.0,0.0,0.0,0.0,-1.3513954655373794,-1.2436386091883012,0.0,0.0,-0.1459299202724643,-1
-0.619813968562174,0.0,0.0,0.0,0.0,-1.3513954655373794,-1.2436386091883012,0.0,0.0,-0.3779227080875674,12
0.0529422723171667,0.0,0.0,0.0,0.0,-1.3513954655373794,-1.2436386091883012,0.0,0.0,-0.1141384195845785,11
-1.308314657195819,0.0,0.0,0.0,0.0,-1.0219636296145476,-0.7296649225245023,0.0,0.0,-0.1616290090971301,0
-1.346998602754546,0.0,0.0,0.0,0.0,-1.3513954655373794,-1.2436386091883012,0.0,0.0,-0.1400226268010896,-1
-0.1746074609346417,0.0,0.0,0.0,0.0,-0.8315310573768225,-0.8610819189340483,0.988153482273682,1.218213644014002,-0.1690570657225901,4
-0.8438093794703152,0.0,0.0,0.0,0.0,-0.5962845029359588,-0.516595772466355,1.006052142399291,1.218213644014002,-0.1474081815271252,4
0.5819474905102828,0.0,0.7106121022478595,0.0,0.0,-0.0207849818518527,0.1145274825220776,0.9991601796548556,1.218213644014002,-0.2441756538103196,1
-0.2868753443840712,0.0,0.0,0.0,0.0,0.3518711022800296,-0.193584983678676,0.0,0.0,-0.1250003096796653,0
0.6989388022080939,0.0,1.149512058475987,0.0,0.0,0.7001812884503017,0.1145274825220776,0.0,0.0,-0.0785366934354417,3
-0.9421643182389134,0.0,0.0,0.0,0.0,-0.8008686164877915,-1.022273554629209,0.0,0.0,-0.2545141570521591,0
-0.7596100290439853,0.0,0.0,0.0,0.0,-0.9674664273370568,-1.022273554629209,0.0,0.0,-0.1524385934672479,0
0.9536757464220214,0.0,1.2380816024689916,0.0,0.0,0.9397764843532282,0.4112898545757565,1.022831460331992,1.0,-0.2257023839870764,1
0.7254533976256622,0.0,1.0,0.0,0.0,0.2640161002086677,0.1145274825220776,0.0,0.0,-0.1085725219591252,3
-0.1165576388202389,0.0,0.0,0.0,0.0,-0.540515051441367,-0.193584983678676,0.0,0.0,-0.163707379373426,0
0.1670486235615386,4.330656747736993,1.0,0.0,0.0,0.1991136074991382,0.1145274825220776,0.0,0.0,-0.1491828570346811,9
0.2746020419281521,0.0,1.149512058475987,0.0,0.0,0.8345078464461405,0.9789536507197586,1.0933827710063695,1.4248002454769926,-0.1276470287310917,1
0.729596294131672,0.0,1.0,0.0,2.740863092043355e-16,1.04281487129412,0.6989246298564699,1.033883362385476,1.0,-0.1194187636491126,1
1.2193143473587813,0.0,1.2380816024689916,0.0,0.0,0.9360310905180442,0.2202528561873677,0.0,0.0,-0.1806744671961276,3
0.2593346181072476,0.0,0.0,0.0,0.0,-0.3992305454178977,0.0,0.0,0.0,-0.5195194362492451,0
-0.1417145557278654,0.0,0.0,0.0,0.0,0.3346419919851988,-0.193584983678676,1.0665838155427505,1.3685309911523162,-0.1450432401506024,4
-0.3883863541187972,0.0,0.0,0.0,0.0,-1.3513954655373794,-1.2436386091883012,0.0,0.0,-0.12147418207132,-1
-0.6659665101665004,0.0,0.0,0.0,0.0,-0.5306032272246237,-0.8610819189340483,0.9565747954222968,1.0,-0.2299336993008982,4
-0.7676490420358267,0.0,0.0,0.0,0.0,-0.7077869673735322,-1.022273554629209,0.0,0.0,-0.1827634978944174,0
-0.2477289615148682,0.0,0.0,0.0,0.0,-0.0651871837290334,-0.516595772466355,0.0,0.0,-0.3583937189196822,0
-0.2064703159424963,0.0,0.0,0.0,0.0,-0.0528997516386478,-0.8610819189340483,0.0,0.0,-0.1450432401506024,0
-0.9061516850991014,0.0,0.0,0.0,0.0,-0.6402442786887096,-0.8610819189340483,0.0,0.0,-0.1223554112731669,0
0.229501942683796,0.0,1.149512058475987,0.0,0.0,0.5650930034884594,0.1145274825220776,0.0,0.0,-0.0901738349880748,3
0.8189310814776525,0.0,0.7106121022478595,0.0,0.0,0.6089791250513708,0.2202528561873677,0.0,0.0,-0.0922138709083975,3
0.6612951773008618,0.0,0.0,0.0,0.0,-0.1227367284726898,-0.6167169445693365,1.049929575826221,1.218213644014002,-0.0968807936466846,4
0.2566298174163385,0.0,1.0,0.0,0.0,0.4843956892369476,0.3657267131137707,0.0,0.0,-0.1512543646859294,3
-0.8132010623615391,0.0,0.0,0.0,0.0,-0.6146657679146795,-0.7296649225245023,0.0,0.0,-0.1545118884713255,0
-0.4022154286553169,0.0,0.0,0.0,0.0,-0.5980695274877912,-0.7296649225245023,0.9402926997094184,1.0,-0.1326513747039255,4
1.0157645655960763,4.330657296624287,0.0,0.0,0.0,-0.0705351903716098,0.0,1.0819903531651198,1.41081075138084,-0.07940829188472,6
0.5080402120301706,0.0,1.0,0.0,0.0,0.2489253927721189,0.0584867836105745,1.022831460331992,1.0,-0.0576753693873101,1
0.0856004254708365,0.0,1.149512058475987,0.0,0.0,0.6718214463371338,0.1145274825220776,0.0,0.0,-0.1616290090971301,3
-0.4021128812023075,0.0,0.0,0.0,0.0,-0.4816880572320487,-0.193584983678676,0.0,0.0,-0.270997033771094,0
-0.1440410037423158,0.0,0.0,0.0,0.0,-0.7077869673735322,-1.022273554629209,0.0,0.0,-0.0623018166115481,0
0.3432115559136873,0.0,1.149512058475987,0.0,0.0,0.5671304864549731,0.2202528561873677,0.0,0.0,-0.0651960607045164,3
0.5594973851069283,0.0,1.0,0.0,0.0,0.4023436844397539,0.7363445937263972,1.0306204699037194,1.218213644014002,0.0244335207786491,1
-0.6710534700074401,0.0,1.0,0.0,0.0,0.3575640401779301,0.1145274825220776,0.0,0.0,-0.067512965073187,3
0.5503259402110562,0.0,1.2380816024689916,0.0,0.0,0.9360511166452316,0.1145274825220776,1.022831460331992,1.0,-0.0657751608723835,1
0.5551261982165127,0.0,1.149512058475987,0.0,0.0,1.2106925500165049,0.2703350774754977,1.022831460331992,1.0,-0.0695413598169669,1
0.6913497474359659,4.330656905792317,0.0,0.0,0.0,-0.7497933515674177,-0.516595772466355,1.0125842817931043,1.3685309911523162,-0.0692515259890219,6
-0.2164668881526639,0.0,0.0,3.816391647148976e-17,0.0,0.2951564883668231,0.0584867836105745,0.0,0.0,-0.0698312147136382,5
0.6046487286278165,0.0,0.0,0.0,0.0,-0.1305817160431506,0.0,0.0,0.0,-0.0680924012246711,0
-0.3842802563415687,0.0,0.0,0.0,0.0,-0.2590231572750571,-0.193584983678676,0.0,0.0,-0.0701210906860347,0
0.4864701979492091,0.0,1.0,0.0,0.0,0.1924975213163321,0.0584867836105745,0.0,0.0,-0.0721508132018869,3
0.2680698448513563,0.0,0.0,0.0,0.0,0.4630517270799177,-0.6167169445693365,0.0,0.0,-0.0724408580325404,0
0.7458433364466993,0.0,1.2380816024689916,0.0,2.740863092043355e-16,1.0597708176561602,0.7363445937263972,0.0,0.0,-0.0957135422584228,1
-0.1243477147915294,0.0,0.0,0.0,0.0,-0.4204021478622716,0.2202528561873677,1.0681963516467785,1.4229121222943435,-0.07592304685126,4
0.2342040965068845,0.0,0.0,0.0,0.0,-0.6257406946473614,-0.6167169445693365,1.0269662977944063,1.0,-0.0796988673096953,4
0.015775699188918,0.0,0.0,0.0,0.0,-0.3321368725700185,-1.022273554629209,0.0,0.0,-0.0762133670379846,0
0.592903574024432,0.0,1.149512058475987,0.0,0.0,0.8153990108636006,0.1145274825220776,0.0,0.0,-0.0823150062207061,3
1.2775816148060062,0.0,1.149512058475987,0.0,0.0,0.7888700721813492,0.2703350774754977,1.022831460331992,1.0,-0.0799894640508443,1
0.4523833556692888,0.0,0.0,0.0,0.0,-0.3002230779273145,-0.3428838574068739,1.0788332782404917,1.3837532157583627,-0.07940829188472,4
0.0923105288573372,0.0,0.0,0.0,0.0,0.0014314965075777,-0.193584983678676,1.0665838155427505,1.344436979171577,-0.0802800821153131,4
0.6294453281116227,0.0,1.0,0.0,0.0,0.4555639486356432,0.0584867836105745,0.0,0.0,-0.0817334925378613,3
-0.1386418358918235,0.0,1.0,0.0,0.0,0.2274506195325308,0.4112898545757565,0.9565747954222968,1.0,-0.0837691647148442,1
0.1750590456890344,0.0,0.0,0.0,0.0,-0.2303349983488496,-0.1256132043464057,1.0515961795290998,1.4067157636187435,-0.0817334925378613,4
0.0806296525888631,0.0,1.149512058475987,0.0,0.0,0.6139133875599166,0.1145274825220776,0.0,0.0,-0.0802800821153131,3
0.3227046287389038,0.0,1.2380816024689916,0.0,0.0,1.113403438537298,0.7730013276593265,0.9565747954222968,1.0,-0.0823150062207061,1
-0.3424496646475071,0.0,0.7106121022478595,0.0,0.0,-0.1017114430977454,-0.516595772466355,0.0,0.0,-0.0863879998570095,3
-0.4426751307694142,0.0,1.0,0.0,0.0,0.3988873397439457,0.0584867836105745,0.0,0.0,-0.0860969323445205,3
0.6386127763034352,0.0,1.0,0.0,0.0,0.1320167188448697,0.0,0.0,0.0,-0.0634592631209283,3
-0.2622503112418202,0.0,0.7106121022478595,0.0,0.0,-0.0279827269442771,0.2703350774754977,0.0,0.0,-0.0872613313131637,3
0.746793582582968,0.0,0.7106121022478595,0.0,0.0,0.027633290133393,0.0,0.0,0.0,-0.0884260743357367,3
0.2688573612332591,4.330657255344063,1.0,0.0,0.0,0.659091197582915,-0.0612410630353533,1.022831460331992,1.0,-0.0925053910621151,8
-0.2784908357212886,0.0,0.0,0.0,0.0,-0.1287889121857828,-0.0612410630353533,0.0,0.0,-0.0901738349880748,0
-0.1650719686705679,0.0,0.0,0.0,0.0,-0.5627380187757388,-1.022273554629209,0.0,0.0,-0.0919223723820296,0
1.0751852274397775,0.0,1.149512058475987,0.0,0.0,0.748021233973227,0.3187811813373079,0.0,0.0,-0.0983403472048822,3
1.0721544329123185,0.0,1.149512058475987,0.0,0.0,0.66044843052061,0.0584867836105745,0.0,0.0,-0.0925053910621151,3
-0.7453003981759618,0.0,0.0,0.0,0.0,-0.6387586173995393,-0.7296649225245023,0.0,0.0,-0.0948383317573001,0
0.9834653495556348,0.0,1.149512058475987,0.0,0.0,0.7477860300563924,0.3657267131137707,0.0,0.0,-0.0939633164977459,3
-1.1236144898156446,0.0,1.2380816024689916,0.0,0.0,0.9154376633203548,0.7363445937263972,0.0,0.0,-0.0942549665697038,3
-0.6717557354296719,0.0,0.0,0.0,0.0,0.0686877138414991,0.2202528561873677,0.0,0.0,-0.0989243210521562,0
0.4744095001261499,0.0,0.0,0.0,0.0,0.1784918768183269,-0.516595772466355,1.0269662977944063,1.3025175370208548,-0.1059388249949074,4
0.3667594583674564,0.0,1.149512058475987,0.0,0.0,0.8251878677972818,0.1145274825220776,0.0,0.0,-0.1109150848116923,3
0.1426887173751701,0.0,0.0,0.0,0.0,-1.3513954655373794,-1.2436386091883012,0.0,0.0,-0.1018454993076704,11
-0.4967867894489735,0.0,0.0,0.0,0.0,-1.3513954655373794,-1.2436386091883012,0.0,0.0,-0.1009689165179784,12
-0.3306581734877659,0.0,0.0,0.0,0.0,-0.9674664273370568,-1.022273554629209,0.0,0.0,-0.1059388249949074,0
0.243546341078052,0.0,1.0,0.0,0.0,0.3236006339691269,0.0584867836105745,0.0,0.0,-0.1050613218619995,3
0.4086311583215246,0.0,1.149512058475987,0.0,0.0,0.673108753751528,0.1145274825220776,1.0269662977944063,1.218213644014002,-0.1062313699828452,1
-0.7910092825452024,0.0,0.0,3.816391647148976e-17,0.0,0.13968516139517,0.0,0.0,0.0,-0.1068165259194378,5
1.0391116593759293,0.0,1.149512058475987,0.0,0.0,0.6343659352549478,0.0584867836105745,0.0,0.0,-0.1123799047841069,3
0.4361380342364351,0.0,1.149512058475987,0.0,0.0,0.7859096292756241,0.3187811813373079,0.0,0.0,-0.1161910299412949,3
-0.7752417511315591,0.0,0.0,0.0,0.0,-1.3513954655373794,-1.2436386091883012,0.0,0.0,-0.1109150848116923,12
0.0914509221290153,0.0,0.7106121022478595,0.0,0.0,-0.0401866610857026,0.4112898545757565,0.0,0.0,-0.1091580302508764,3
-0.5008249610090686,0.0,1.0,0.0,0.0,0.2020307807333532,0.1683778618987765,0.0,0.0,-0.110622187164951,3
0.4713769104662124,0.0,1.149512058475987,0.0,0.0,0.5826921812587352,0.2703350774754977,0.0,0.0,-0.0199939911427736,3
-0.1633832012562238,0.0,0.0,0.0,0.0,-0.5147710448223202,-0.4260189459579204,0.0,0.0,-0.1164843489054679,0
-0.2462994688958756,0.0,0.0,0.0,0.0,-0.8559395489780305,-0.7296649225245023,0.0,0.0,-0.1147247686219185,0
0.5898865592159673,0.0,1.0,0.0,0.0,0.3324409231655875,0.1145274825220776,0.0,0.0,-0.1147247686219185,3
-2.040836734222439,0.0,0.0,0.0,0.0,-0.2802212051885875,-1.022273554629209,0.0,0.0,-0.123236842134439,0
-0.8724416602778498,0.0,1.0,0.0,0.0,0.1935950300265783,0.0584867836105745,0.0,0.0,-0.1173644393373057,3
-0.2836169402084905,0.0,0.0,0.0,0.0,-0.0996028536426999,0.1683778618987765,0.0,0.0,-0.1188317023181763,0
-0.5401212849651393,0.0,0.0,0.0,0.0,-1.3513954655373794,-1.2436386091883012,0.0,0.0,-0.12147418207132,12
-0.3136709400544317,0.0,1.0,0.0,0.0,0.5145608483826332,0.2703350774754977,0.0,0.0,-0.1211804837808301,3
0.3805912255391316,0.0,1.149512058475987,0.0,0.0,0.7474853731712575,0.1683778618987765,0.0,0.0,-0.1229430094277288,3
-1.0294325797599535,0.0,0.0,0.0,0.0,-1.3513954655373794,-1.2436386091883012,0.0,0.0,-0.1270587113087598,10
0.3721009234674862,0.0,1.2380816024689916,0.0,0.0,1.1329308123357118,1.1652729620405098,1.0709758052436231,1.218213644014002,-0.1376622760600162,1
-0.0398528360459133,0.0,0.7106121022478595,0.0,0.0,0.067875632616795,0.1145274825220776,0.0,0.0,-0.1288239342140959,3
-0.2163300559098979,0.0,1.0,0.0,0.0,0.2685020101762273,0.1683778618987765,0.0,0.0,-0.127352858749909,3
-0.6032327520031219,0.0,0.0,0.0,0.0,-1.3513954655373794,-1.2436386091883012,0.0,0.0,-0.1291182170139423,12
0.7996317990659675,0.0,1.0,0.0,0.0,0.3239913311901668,0.2703350774754977,1.022831460331992,1.0,-0.1329459517602279,1
-0.2747613827227503,0.0,1.0,0.0,0.0,0.2997195483135109,0.2202528561873677,1.022831460331992,1.0,-0.1370724167288007,1
0.6260089362169882,0.0,1.0,0.0,0.0,0.3502339214573521,0.2703350774754977,0.9565747954222968,1.0,-0.1373673349888138,1
-0.1217245495538073,0.0,1.0,0.0,0.0,0.3754722105963417,0.1683778618987765,0.998116281742044,1.0,-0.1329459517602279,1
-0.1548195660807874,0.0,0.0,0.0,0.0,-0.7713928143454797,-0.7296649225245023,0.0,0.0,-0.1462255263963379,0
1.5573810503035854,0.0,1.149512058475987,0.0,0.0,0.8766303593337839,0.6606974057623132,1.07821788136833,1.3685309911523162,-0.1350086269457782,1
-0.0144896884506483,4.33065677805932,0.0,0.0,0.0,-0.2261034492420216,-0.6167169445693365,1.049929575826221,1.218213644014002,-0.141793850756318,6
0.3601242711426835,0.0,1.0,0.0,0.0,0.4030687067349205,0.1683778618987765,1.0125842817931043,1.0,-0.1391373238662543,1
-0.3003299498032379,0.0,1.0,0.0,0.0,0.4155010008218178,0.2703350774754977,0.0,0.0,-0.1353033857528061,3
-0.2024919035254826,0.0,0.0,0.0,0.0,-1.3513954655373794,-1.2436386091883012,0.0,0.0,-0.1370724167288007,-1
-0.8412656602598823,0.0,0.0,0.0,0.0,-0.5627380187757388,-0.8610819189340483,1.049929575826221,1.218213644014002,-0.1400226268010896,4
0.1309525158238307,0.0,0.0,0.0,0.0,-0.7077869673735322,-1.022273554629209,0.0,0.0,-0.1420891349657818,0
-0.4646197449250003,0.0,1.0,0.0,0.0,0.3555497467602593,0.2202528561873677,0.0,0.0,-0.1459299202724643,3
0.6075125834906762,0.0,1.149512058475987,0.0,0.0,0.9292105575930072,0.1145274825220776,0.0,0.0,-0.141793850756318,3
-0.392998063680942,0.0,1.149512058475987,0.0,0.0,0.8797748433875449,0.2202528561873677,1.006052142399291,1.0,-0.1432705012932165,1
0.3470788303650677,0.0,1.0,0.0,0.0,0.2444824980060767,0.1145274825220776,0.0,0.0,-0.1441567672311956,3
0.0963900427374097,0.0,0.0,0.0,0.0,0.2023248637610279,-0.7296649225245023,0.0,0.0,-0.1450432401506024,0
0.936767996866804,0.0,1.0,0.0,0.0,0.4959810996919635,0.1145274825220776,0.0,0.0,-0.1494787172197774,3
0.1381243753338587,0.0,0.0,0.0,0.0,-1.3513954655373794,-1.2436386091883012,0.0,0.0,-0.1512543646859294,11
-0.4972309450540257,0.0,1.149512058475987,0.0,0.0,0.7530974414225322,0.3657267131137707,1.0419259054467114,1.218213644014002,-0.1474081815271252,1
-0.2483424998014554,0.0,1.149512058475987,0.0,0.0,0.8497914705858299,0.1145274825220776,0.0,0.0,-0.1479996475888662,3
0.1602821838528032,0.0,1.149512058475987,0.0,0.0,0.7070475661788025,0.8441827789462959,0.0,0.0,-0.1512543646859294,3
0.822397001958601,0.0,1.0,0.0,0.0,0.2043462522359759,0.0584867836105745,0.0,0.0,-0.1503664366841034,3
-0.3696881466193534,0.0,0.7106121022478595,0.0,0.0,0.0463059143715839,0.1145274825220776,0.0,0.0,-0.1503664366841034,3
0.8433755200932909,0.0,1.2380816024689916,0.0,0.0,1.1679632817621504,0.3657267131137707,1.0094658201328144,1.0,-0.1539194021585267,1
-0.1222895235424675,0.0,0.0,0.0,0.0,-0.4097900255070059,-0.2657509156119179,0.0,0.0,-0.1577722300368234,0
0.6190010781944612,0.0,1.2380816024689916,0.0,2.740863092043355e-16,1.8272032622555372,0.5816230273987638,0.0,0.0,-0.1536231939123111,3
-1.7559697654215172,0.0,0.0,0.0,0.0,-0.9674664273370568,-1.022273554629209,0.0,0.0,-0.1577722300368234,0
0.6975254348716013,0.0,1.149512058475987,0.0,0.0,0.7234503670148236,0.2703350774754977,1.033883362385476,1.218213644014002,-0.1604418858985583,1
-0.7393390179926241,0.0,0.7106121022478595,0.0,0.0,0.0849368722979279,0.2202528561873677,0.0,0.0,-0.1562899065748647,3
0.2973733499578417,0.0,0.0,0.0,0.0,-0.3870276290828415,-0.193584983678676,0.0,0.0,-0.1586619046031161,0
-0.2899102006049622,0.0,0.0,0.0,0.0,-0.2174451717222682,-0.0612410630353533,0.0,0.0,-0.1607386314934381,0
-0.5112134465265513,0.0,0.0,0.0,0.0,-0.2567390261568691,0.3187811813373079,0.0,0.0,-0.1598484650674772,0
0.4496050252726138,0.0,0.0,0.0,0.0,-0.9282227893455726,-0.516595772466355,0.0,0.0,-0.1586619046031161,0
-0.8645160196979482,0.0,0.0,0.0,0.0,-0.7001791464200086,-1.022273554629209,0.0,0.0,-0.1643014112675704,0
0.1601295807327982,0.0,0.7106121022478595,0.0,0.0,0.1453785495098542,0.1683778618987765,1.022831460331992,1.0,-0.1643014112675704,1
-0.0074730143074936,0.0,0.0,0.0,0.0,-0.6011560385637145,-0.4260189459579204,0.0,0.0,-0.1657869035627411,0
0.5102660545421784,0.0,0.0,0.0,0.0,0.5601095409341926,0.7730013276593265,1.1026106113091392,1.4288581958896645,-0.1645984625598171,4
0.107645271148555,0.0,1.149512058475987,0.0,0.0,0.7572086740944233,0.0584867836105745,0.0,0.0,-0.1663812656844031,3
-0.4872372234740561,0.0,0.0,0.0,0.0,-1.3513954655373794,-1.2436386091883012,0.0,0.0,-0.1663812656844031,12
1.1344993434035928,0.0,1.149512058475987,0.0,0.0,0.7860332346505338,0.3657267131137707,0.0,0.0,-0.1681649193536665,3
0.0784911955373764,0.0,0.0,0.0,0.0,0.2132185505324914,-0.1256132043464057,1.076850654943709,1.4013322872298857,-0.1729255015022849,4
-0.5852398687697469,0.0,0.0,0.0,0.0,-1.3513954655373794,-1.2436386091883012,0.0,0.0,-0.1711395706154312,12
0.0528612324780951,0.0,0.0,0.0,0.0,0.1100810392677158,-0.3428838574068739,0.0,0.0,-0.174116598304749,0
-0.6396941922482364,0.0,0.0,0.0,0.0,-0.1721843492864286,0.1683778618987765,0.0,0.0,-0.1696519484725484,0
0.2111445822022904,0.0,0.0,0.0,0.0,0.1412342885386698,-0.6167169445693365,0.0,0.0,-0.174414432111594,0
-0.3046001911798118,0.0,0.0,0.0,0.0,-1.3513954655373794,-1.2436386091883012,0.0,0.0,-0.1750101713138468,-1
0.7791940372748725,0.0,0.0,0.0,0.0,-0.7827296072725455,-0.7296649225245023,0.989920921912559,1.0,-0.1770960111200334,4
-0.1667283003191139,0.0,0.0,0.0,0.0,0.3446917658187779,-0.6167169445693365,0.0,0.0,-0.1788848073094849,0
-0.0683748531362646,0.0,0.7106121022478595,0.0,0.0,0.1607020564977564,0.3187811813373079,0.0,0.0,-0.1770960111200334,3
0.0804733840422535,0.0,1.0,0.0,0.0,0.5012601438963883,-0.516595772466355,0.0,0.0,-0.1785866146837036,3
-0.779144605065557,0.0,0.0,0.0,0.0,-0.5627380187757388,-1.022273554629209,0.0,0.0,-0.1854511306181837,0
0.2161212657268447,0.0,0.7106121022478595,0.0,0.0,0.1356795104909175,0.3187811813373079,0.0,0.0,-0.1830620272070494,3
-0.840851411060111,0.0,0.0,0.0,0.0,-0.3227771867862403,-0.516595772466355,0.0,0.0,-0.1845550356823153,0
0.2217612847477081,0.0,1.149512058475987,0.0,0.0,0.76320169171485,0.3187811813373079,0.0,0.0,-0.1872439737803763,3
-0.2688357562164754,0.0,0.0,0.0,0.0,-0.9674664273370568,-1.022273554629209,0.0,0.0,-0.1869451060370968,0
0.5635603552243105,0.0,1.0,0.0,0.0,0.3807929600781948,0.0584867836105745,0.0,0.0,-0.1872439737803763,3
-0.2640059061057508,0.0,0.0,0.0,0.0,-0.2797370105613695,-0.0612410630353533,0.0,0.0,-0.1872439737803763,0
-0.4373824605651393,0.0,0.0,0.0,0.0,-0.7001791464200086,-0.7296649225245023,0.0,0.0,-0.1899348753840089,0
0.7960823639806012,0.0,0.0,0.0,0.0,-0.1242416593170906,-0.4260189459579204,1.0707719825752884,1.344436979171577,-0.1893367272284774,4
-0.68286389720458,0.0,0.7106121022478595,0.0,0.0,0.2195144367647465,0.3187811813373079,0.9735014075863996,1.0,-0.1938252130127954,1
-0.320974180711456,4.330656862613931,0.7106121022478595,0.0,0.0,-0.0144646288571509,0.0584867836105745,0.0,0.0,-0.1914306715635056,9
-0.536900361588778,0.0,0.0,0.0,0.0,-1.3513954655373794,-1.2436386091883012,0.0,0.0,-0.170544450526228,12
-0.3466149008124372,0.0,1.0,0.0,0.0,0.5428575990633143,0.5406638713926494,1.074749449374229,1.394034397226019,-0.1971202624245543,1
0.5746612179311559,0.0,1.149512058475987,0.0,0.0,0.8508513232737669,0.1145274825220776,0.0,0.0,-0.1938252130127954,3
1.212793537066023,0.0,1.0,0.0,0.0,0.4374449749847835,0.3187811813373079,0.0,0.0,-0.197719680985998,3
0.0306690644340418,0.0,0.0,0.0,0.0,-0.2240046722531349,-0.3428838574068739,0.0,0.0,-0.1983191977827216,0
-1.916708445544239,0.0,0.0,0.0,0.0,-0.6632519546844675,-1.022273554629209,0.0,0.0,-0.2055210885824159,0
-0.5006462753336983,0.0,0.0,0.0,0.0,-0.2880543937870133,-0.516595772466355,0.0,0.0,-0.2019183656321342,0
-0.7770041598877724,0.0,0.0,0.0,0.0,-0.4879956411652101,-0.6167169445693365,0.0,0.0,-0.2934048301515023,0
0.918448961247539,0.0,0.0,0.0,0.0,-0.0440934266432388,-0.2657509156119179,0.9667081782844336,1.0,-0.2037192817164607,4
0.3681523324654292,0.0,1.0,0.0,0.0,0.4763731319725067,0.1145274825220776,0.0,0.0,-0.2043197849299617,3
0.2105285272185477,0.0,1.0,0.0,0.0,0.5479983543300683,0.3187811813373079,0.0,0.0,-0.202218456538354,3
1.092593491548556,0.0,1.149512058475987,0.0,0.0,0.7556214197937299,0.946135927825118,0.0,0.0,-0.2040195209465932,3
0.5756485320107482,0.0,1.0,0.0,0.0,0.5393705127477798,0.2703350774754977,1.049929575826221,1.218213644014002,-0.2046200736758925,1
1.0495320580391507,4.330657293342497,1.2380816024689916,0.0,0.0,1.3064157963771,0.9127530921308108,1.0911023226586676,1.4217198523711672,-0.2046200736758925,8
-1.6321218030726152,0.0,0.0,0.0,0.0,-0.3463579279866599,-0.516595772466355,0.0,0.0,-0.2046200736758925,0
-0.2023194370214051,0.0,0.0,0.0,0.0,-0.1804333983911976,0.0,0.8663642547672894,1.0,-0.2082254735102705,4
0.270062694823054,4.330656905792317,1.0,0.0,0.0,0.572297980969306,0.5816230273987638,1.0531584011826194,1.3025175370208548,-0.2088267214256492,8
0.6582134482134285,0.0,1.149512058475987,0.0,0.0,0.7786648852724583,0.5406638713926494,0.0,0.0,-0.2226830704148219,3
0.5142759949907578,0.0,1.149512058475987,0.0,0.0,0.9224177633955436,0.4112898545757565,0.0,0.0,-0.2088267214256492,3
-0.4454332450657873,0.0,0.0,0.0,0.0,-0.2770369577712075,0.0,0.0,0.0,-0.2124363034319409,0
-0.0304300007919971,0.0,1.2380816024689916,0.0,0.0,1.0264962698858713,0.1145274825220776,0.9750538018491568,1.218213644014002,-0.2118344567057487,1
-0.0300978421864435,0.0,0.0,3.816391647148976e-17,0.0,0.0516027127361369,-0.0612410630353533,0.0,0.0,-0.2166520366589816,5
1.1222229354520796,0.0,1.149512058475987,0.0,0.0,0.7716081889482763,0.5406638713926494,0.0,0.0,-0.212737264315428,3
0.4156113854929577,0.0,1.0,0.0,0.0,0.3860879292962074,0.0,0.0,0.0,-0.2148446917682502,3
-0.6300944689243269,0.0,0.0,0.0,0.0,-1.3513954655373794,-1.2436386091883012,0.0,0.0,-0.2187617501879876,12
-0.2212138329482817,0.0,1.0,0.0,0.0,0.3637582350457651,0.2703350774754977,0.9565747954222968,1.0,-0.2202694447619224,1
0.7039011985529268,0.0,0.0,0.0,0.0,0.0614589672995108,-0.6167169445693365,0.0,0.0,-0.2208726993856596,0
-0.3675665456693148,0.0,0.0,0.0,0.0,-0.3628672827550198,-0.8610819189340483,0.0,0.0,-0.22057105943597,0
1.7828994373987026,0.0,1.0,0.0,0.0,0.8191565891756325,0.4986718890691056,1.022831460331992,1.0,-0.2193647522969348,1
0.2957144941767611,0.0,0.0,0.0,0.0,-0.8335162702185647,-0.7296649225245023,0.0,0.0,-0.2208726993856596,0
-0.3587856701597342,0.0,0.0,0.0,0.0,-1.3513954655373794,-1.2436386091883012,0.0,0.0,-0.2226830704148219,-1
-0.1272735859866815,0.0,0.0,0.0,0.0,-0.5627380187757388,-1.022273554629209,0.0,0.0,-0.352746034170235,0
-0.4549981301341437,0.0,0.0,0.0,0.0,-0.4666110923155345,-0.516595772466355,0.0,0.0,-0.2393209209331014,0
0.0886343775545199,0.0,0.0,0.0,0.0,-0.1253574551381459,0.1145274825220776,0.9271671564532872,1.0,-0.2338672663290475,4
0.6412357919706556,0.0,1.149512058475987,0.0,0.0,0.6057926404769232,0.3657267131137707,0.0,0.0,-0.2058214764719845,3
0.4677888730494756,0.0,1.149512058475987,0.0,0.0,0.7675321094411284,0.4555743605292723,0.0,0.0,-0.2317486533022769,3
-0.4012930683160987,4.330657300430333,1.0,0.0,0.0,0.2067162316672444,0.1683778618987765,0.0,0.0,-0.2338672663290475,9
0.3290831895628841,0.0,1.149512058475987,0.0,0.0,0.6998024236944163,0.7363445937263972,1.0506095113302245,1.3025175370208548,-0.2299336993008982,1
-0.144447143067339,0.0,0.0,0.0,0.0,-0.3888568701487588,-0.2657509156119179,0.0,0.0,-0.2317486533022769,0
-0.0500333183734493,0.0,0.0,0.0,0.0,-0.9674664273370568,-1.022273554629209,0.9271671564532872,1.0,-0.240230677270478,4
0.2564740887099919,0.0,1.0,0.0,0.0,0.4545902020656407,0.3657267131137707,0.0,0.0,-0.2466055185425668,3
0.4385222165140769,0.0,1.149512058475987,0.0,0.0,0.5294859111116927,0.1683778618987765,1.022831460331992,1.0,-0.2393209209331014,1
0.1174107547858701,0.0,0.7106121022478595,0.0,0.0,-0.0189775276472348,0.0584867836105745,0.0,0.0,-0.2399273992526457,3
0.9541735414384744,0.0,1.2380816024689916,0.0,0.0,1.0315105513227234,0.4555743605292723,0.9750538018491568,1.0,-0.2381082748756899,1
0.115746196527588,0.0,0.0,0.0,0.0,-0.2925336452859802,0.2202528561873677,0.0,0.0,-0.2444792956159449,0
0.6839245903367475,0.0,1.149512058475987,0.0,0.0,0.8263552684126555,-0.0612410630353533,0.0,0.0,-0.2459978957669975,3
0.3715791475324503,0.0,1.149512058475987,0.0,0.0,0.6535284752770987,0.8089350854960184,0.0,0.0,-0.2447829634827952,3
-0.3185008865430234,0.0,0.0,0.0,0.0,-1.3513954655373794,-1.2436386091883012,0.0,0.0,-0.2463016940934492,-1
-0.5441544100247251,0.0,1.149512058475987,0.0,0.0,1.0068759541075092,1.2807778127702338,1.0913816735113018,1.4067157636187435,-0.2438720380557044,1
-0.0125855445228195,0.0,0.0,0.0,0.0,0.0674476679085203,-0.1256132043464057,1.1012352541979449,1.4067157636187435,-0.2459978957669975,4
-1.296590471053485,0.0,0.0,0.0,0.0,-1.3513954655373794,-1.2436386091883012,0.0,0.0,-0.2502534532436735,-1
-0.3005505546506037,0.0,0.0,0.0,0.0,-0.2623364470054548,-0.4260189459579204,0.0,0.0,-0.2466055185425668,0
0.7925738460985385,0.0,1.2380816024689916,0.0,0.0,1.1953776946728671,0.4112898545757565,0.0,0.0,-0.2481250329876781,3
-0.6221880556624945,0.0,0.0,0.0,0.0,-1.3513954655373794,-1.2436386091883012,0.0,0.0,-0.2526875091459938,12
0.9370449855634776,0.0,1.149512058475987,0.0,0.0,0.7006160154489688,0.4112898545757565,0.0,0.0,-0.2520788373398605,3
0.3756455521584916,0.0,1.149512058475987,0.0,0.0,0.8115496554410397,0.2202528561873677,0.0,0.0,-0.2532962863111542,3
0.7944643311345552,0.0,1.2380816024689916,0.0,0.0,0.9806289522100364,0.5816230273987638,1.0648370576179522,1.344436979171577,-0.2563417554444737,1
-0.7238799857324405,0.0,0.0,0.0,0.0,-1.3513954655373794,-1.2436386091883012,0.0,0.0,-0.2505576182242082,12
0.0234701201590454,0.0,0.0,0.0,0.0,-0.3321368725700185,-1.022273554629209,0.0,0.0,-0.2587800357489623,0
0.51919396104133,0.0,0.0,0.0,0.0,-0.3227771867862403,0.1145274825220776,0.0,0.0,-0.2572559117799874,0
-0.2339648484819406,0.0,0.0,0.0,0.0,-1.3513954655373794,-1.2436386091883012,0.0,0.0,-0.2590849401490832,13
1.0846613667320446,0.0,1.2380816024689916,0.0,0.0,0.9535641422593316,0.1145274825220776,0.0,0.0,-0.2587800357489623,3
0.6633287668320187,0.0,1.149512058475987,0.0,0.0,0.8202046366958282,0.4986718890691056,0.0,0.0,-0.2627458676660317,3
-0.0886255527996499,0.0,1.0,0.0,0.0,0.3984538369517197,0.2703350774754977,0.0,0.0,-0.2633563953801919,3
0.0343466281506648,0.0,1.0,0.0,0.0,0.1495613169836264,0.0584867836105745,0.0,0.0,-0.2648831822564698,3
0.2808697132518397,0.0,1.149512058475987,0.0,0.0,0.6722020496907622,0.5406638713926494,0.0,0.0,-0.2676330855587275,3
-0.0712427601999295,0.0,0.0,0.0,0.0,-0.7077869673735322,-1.022273554629209,1.022831460331992,1.0,-0.2670218081993313,4
-0.07563007478279,0.0,0.0,0.0,0.0,0.1610916399842877,-0.7296649225245023,0.8663642547672894,1.0,-0.2694675625982534,4
-0.3961410993078803,0.0,0.0,0.0,0.0,-0.4862308703206636,-0.6167169445693365,0.0,0.0,-0.2679387645215285,0
0.2733832337056617,0.0,0.0,0.0,0.0,0.1576458408822265,1.417011751987217,0.0,0.0,-0.2734455910740678,0
0.5333414250477408,0.0,1.0,0.0,0.0,0.1884867665068454,-0.0612410630353533,0.0,0.0,-0.2694675625982534,3
0.7085939131062203,0.0,0.7106121022478595,0.0,0.0,0.1203262016187257,0.2202528561873677,0.0,0.0,-0.2694675625982534,3
1.4427728383957188,4.330657260007543,1.149512058475987,0.0,0.0,0.9491607662513738,0.3657267131137707,1.033883362385476,1.218213644014002,-0.2722210962496674,8
1.0879284800578164,4.330657293462601,1.2380816024689916,0.0,0.0,1.10027227196985,0.4555743605292723,0.998116281742044,1.218213644014002,-0.2743642463394591,8
0.9192724063439892,0.0,1.0,0.0,0.0,0.7319722919811869,1.2524829530295192,0.0,0.0,-0.2768151868344847,3
0.7861472330838983,0.0,1.149512058475987,0.0,0.0,0.7464647620687147,0.4555743605292723,0.0,0.0,-0.2743642463394591,3
0.551102478465206,0.0,1.0,0.0,0.0,0.3210412780891878,0.0584867836105745,0.0,0.0,-0.2808016785426279,3
-0.3009036698539521,0.0,1.0,0.0,0.0,0.2470386960679068,0.3187811813373079,0.0,0.0,-0.2789611868404921,3
-0.759745387478489,0.0,0.0,0.0,0.0,-1.3513954655373794,-1.2436386091883012,0.0,0.0,-0.2801880721075672,12
-0.9836209008549882,0.0,1.0,0.0,0.0,0.4048998646592723,0.2202528561873677,0.0,0.0,-0.2786545337096585,3
0.9918577131396236,0.0,1.0,0.0,0.0,0.2789203600074507,0.0584867836105745,0.0,0.0,-0.2832571983690412,3
-0.2337444071182489,0.0,1.0,0.0,0.0,0.5055800842346283,0.0584867836105745,0.0,0.0,-0.2820292194603334,3
-0.1226150125232978,0.0,1.149512058475987,0.0,0.0,0.6084464566873399,0.0584867836105745,0.0,0.0,-0.2850999895296052,3
-0.6080062250660847,0.0,0.0,0.0,0.0,-0.8315310573768225,-1.022273554629209,0.988153482273682,1.0,-0.2949449803302674,4
0.9281398840103976,0.0,0.0,0.0,0.0,0.040858536203243,0.7730013276593265,0.0,0.0,-0.2884810117229605,0
-0.3573452200526878,0.0,0.0,0.0,0.0,-0.2567390261568691,0.2202528561873677,0.0,0.0,-0.2713030088964421,0
-1.1870533950263875,0.0,0.0,0.0,0.0,-0.1400025266757585,0.1145274825220776,1.0684430782711694,1.0,-0.2906343098118807,4
0.9583481774666932,0.0,1.0,0.0,0.0,0.4696383716516408,0.3657267131137707,1.04034209824039,1.218213644014002,-0.2887885428135756,1
-0.3541869918135041,0.0,0.0,0.0,0.0,-1.0525103976331662,-1.022273554629209,0.8663642547672894,1.0,-0.2992611095016221,4
2.2032571123631213,0.0,1.2380816024689916,0.0,0.0,1.2677365408645531,0.5406638713926494,0.0,0.0,-0.300186707546091,3
-0.1288446860335022,0.0,1.0,0.0,0.0,0.3871364150079291,0.0584867836105745,0.0,0.0,-0.2980273708893471,3
-1.0576128807820224,0.0,0.0,0.0,0.0,-0.5627380187757388,-1.022273554629209,0.0,0.0,-0.2974106694230289,0
1.0560520693873965,0.0,0.0,0.0,0.0,-0.2640967859055114,-0.516595772466355,1.022831460331992,1.0,-0.2998781468332352,4
-0.1434939623781933,0.0,1.0,0.0,0.0,0.6714406223718871,0.2202528561873677,0.0,0.0,-0.2900189435073108,3
0.8219072492917535,0.0,1.0,0.0,0.0,0.3974715461421383,0.0584867836105745,0.0,0.0,-0.2983357635650718,3
-0.6923575542419894,0.0,0.0,0.0,0.0,-1.3513954655373794,-1.2436386091883012,0.0,0.0,-0.3017299320468051,12
-0.2428196953618961,0.0,0.0,0.0,0.0,-1.3513954655373794,-1.2436386091883012,0.0,0.0,-0.3042005533293882,13
-0.7685184481283891,0.0,0.0,0.0,0.0,-1.3513954655373794,-1.2436386091883012,0.0,0.0,-0.3063638271966442,12
-0.3402245835378631,0.0,0.0,0.0,0.0,-0.828262722629982,-1.022273554629209,0.9892669338662534,1.0,-0.3057456077181689,4
-0.2396400218053441,0.0,0.0,0.0,0.0,-0.9813131246092198,-0.7296649225245023,0.0,0.0,-0.3069821598013328,0
1.146327774503889,0.0,1.2380816024689916,0.0,0.0,0.9404735174944427,0.1683778618987765,0.0,0.0,-0.3042005533293882,3
-0.2186010058277889,4.330657296154777,0.0,0.0,0.0,0.0098798149871654,-0.1256132043464057,1.0894301173025085,1.4013322872298857,-0.3079098710270697,6
-0.6762614462850788,0.0,0.0,0.0,0.0,-0.3965405463741059,-0.7296649225245023,0.0,0.0,-0.3172010651207408,0
0.4592483833675678,0.0,1.0,0.0,0.0,0.431372796299695,0.2202528561873677,0.0,0.0,-0.3091472161542472,3
0.8254042115939083,0.0,0.0,0.0,0.0,0.0392710407439754,-0.6167169445693365,0.0,0.0,-0.3103850154943117,0
-0.8981507143539469,0.0,1.0,0.0,0.0,0.4344918286082008,0.0584867836105745,0.0,0.0,-0.3094566233770491,3
0.6992199806823672,0.0,1.149512058475987,0.0,0.0,0.5246865407216967,0.1145274825220776,1.022831460331992,1.0,-0.3131717286798456,1
0.4577015906044491,0.0,0.0,0.0,0.0,0.0207359852567631,0.946135927825118,0.9271671564532872,1.0,-0.3221669098556469,4
-0.6395459473059855,0.0,0.7106121022478595,0.0,0.0,-0.0342830957664902,0.2202528561873677,0.0,0.0,-0.3258961452205411,3
-0.8114261854846523,0.0,1.0,0.0,0.0,0.2549892550197916,0.2202528561873677,0.0,0.0,-0.3162707887070967,3
0.4126209870841326,0.0,0.0,0.0,0.0,-0.2955499781158839,-0.516595772466355,0.9565747954222968,1.0,-0.3168909442982984,4
-0.3158108659503608,0.0,0.0,0.0,0.0,-0.0011880717543211,0.878778350041491,0.0,0.0,-0.3172010651207408,0
1.2395227928007708,0.0,0.0,0.0,0.0,-0.4350960880397618,-0.7296649225245023,0.9750538018491568,1.218213644014002,-0.3255852161588904,4
0.4550711188498114,0.0,1.149512058475987,0.0,0.0,0.6573420298234993,0.7730013276593265,0.0,0.0,-0.3175112146439143,3
-1.9028439042408956,0.0,1.0,0.0,0.0,0.2839852000226129,-0.1256132043464057,0.0,0.0,-0.3187520999868383,3
-0.7423123303799521,0.0,0.0,0.0,0.0,-1.3513954655373794,-1.2436386091883012,0.0,0.0,-0.3230988277690643,12
-0.0431641244968876,0.0,0.0,0.0,0.0,-0.5988379990205733,-0.7296649225245023,1.006052142399291,1.218213644014002,-0.3237202510222518,4
-0.3740006673642636,0.0,0.0,0.0,0.0,-1.3513954655373794,-1.2436386091883012,0.0,0.0,-0.326207103326307,13
0.0567548023238046,0.0,0.0,0.0,0.0,-0.1535594263426054,-0.6167169445693365,0.0,0.0,-0.3280734625823307,0
0.5859331836317357,0.0,1.149512058475987,0.0,0.0,0.8039071071946922,0.7730013276593265,0.8663642547672894,1.0,-0.3277623299511629,1
0.2311439180097359,0.0,0.7106121022478595,0.0,0.0,-0.019286865495651,0.0,0.0,0.0,-0.3502390918552298,3
-0.3083836862208864,0.0,0.0,0.0,0.0,-0.32682174516799,0.2202528561873677,0.9271671564532872,1.218213644014002,-0.3339905317413532,4
0.8478260930080208,0.0,1.149512058475987,0.0,0.0,0.6842234919678001,0.8441827789462959,1.0681963516467785,1.4229121222943435,-0.3483601471846412,1
0.4005147973887936,0.0,0.0,0.0,0.0,-0.4666110923155345,-0.7296649225245023,1.0629354125627657,1.3025175370208548,-0.3327439547805181,4
-1.1438888600675612,0.0,0.0,0.0,0.0,-0.7980245739192735,-0.8610819189340483,0.0,0.0,-0.3302522073702102,0
0.1750475292728748,0.0,1.149512058475987,0.0,0.0,0.8545708142121833,0.7363445937263972,0.0,0.0,-0.3339905317413532,3
1.4959226123703924,0.0,1.149512058475987,0.0,0.0,0.7109376820587308,0.3657267131137707,0.0,0.0,-0.3374210438139719,3
0.0291650997172032,0.0,0.0,0.0,0.0,0.4378290762695324,-0.1256132043464057,0.0,0.0,-0.3414798901404463,0
0.184092822287393,0.0,0.0,0.0,0.0,-0.3203934604669628,-0.6167169445693365,0.0,0.0,-0.3137913119500158,0
0.071393880750129,0.0,0.0,0.0,0.0,-0.5627380187757388,-1.022273554629209,0.0,0.0,-0.3408551265165232,0
-0.1409231701666576,0.0,0.0,0.0,0.0,-0.1861034639724407,0.0,0.0,0.0,-0.3408551265165232,0
1.1286259315435714,0.0,1.149512058475987,0.0,0.0,0.8466590457899126,0.3187811813373079,0.0,0.0,-0.3386693871364251,3
-0.3105071239554055,0.0,0.7106121022478595,0.0,0.0,0.1417128102796777,0.0,0.0,0.0,-0.3427297736013117,3
1.0533076924056068,0.0,1.0,0.0,0.0,0.5246865407216967,0.3187811813373079,0.0,0.0,-0.3411674934970097,3
0.4909300433979395,0.0,0.7106121022478595,0.0,0.0,0.2209978552490854,0.6216146055503267,0.0,0.0,-0.3483601471846412,3
0.1378344290234698,0.0,1.149512058475987,0.0,0.0,0.6128878836187074,0.3187811813373079,0.0,0.0,-0.3483601471846412,3
0.3295382320771142,0.0,0.0,0.0,0.0,-0.2136753377677934,-0.4260189459579204,0.0,0.0,-0.3461694081237427,0
-0.1244679575630729,0.0,0.0,0.0,0.0,-1.3513954655373794,-1.2436386091883012,0.0,0.0,-0.3499258593859073,13
-0.2191502675233006,0.0,0.0,0.0,0.0,0.3072590569755214,-0.4260189459579204,0.0,0.0,-0.3543138524326015,0
0.0650672938203533,0.0,1.149512058475987,0.0,0.0,0.8344963163886677,0.4555743605292723,1.0180943570563885,1.0,-0.3502390918552298,1
0.0540894028218333,0.0,0.0,0.0,0.0,-0.392809711163643,-0.193584983678676,0.0,0.0,-0.3605926952572736,0
0.58854070692882,0.0,0.0,0.0,0.0,0.2463181906527417,0.1683778618987765,1.058558970906916,1.4140046247801077,-0.3580797010947812,4
-1.1274166675001849,0.0,0.0,0.0,0.0,-1.3513954655373794,-1.2436386091883012,0.0,0.0,-0.3565100672917713,-1
0.7485696674948771,0.0,1.2380816024689916,0.0,0.0,0.9795816410402683,0.1145274825220776,0.0,0.0,-0.3624787206779783,3
-1.1370436780331417,0.0,0.0,0.0,0.0,-0.1227367284726898,-1.022273554629209,0.0,0.0,-0.3590218457411385,0
0.7356102888127066,0.0,1.0,0.0,0.0,0.423665690302285,0.1683778618987765,0.0,0.0,-0.3637366820098659,3
-0.1303499400851926,0.0,0.0,0.0,0.0,-0.8451301658145488,-0.7296649225245023,0.0,0.0,-0.3624787206779783,0
-0.1371541047203918,0.0,0.7106121022478595,0.0,0.0,-0.102831963392041,-0.516595772466355,0.0,0.0,-0.3612212483318122,3
0.4616479119075931,0.0,1.149512058475987,0.0,0.0,0.8186142863794,0.0584867836105745,0.0,0.0,-0.367198604117199,3
0.8125187560235732,0.0,1.2380816024689916,0.0,0.0,1.3889902505324665,0.6606974057623132,1.0531584011826194,1.344436979171577,-0.3343022493739325,1
0.2736677890456154,0.0,0.0,0.0,0.0,-0.8794286369230228,-0.8610819189340483,0.0,0.0,-0.3712947676112754,0
-0.1421898064887202,4.330657197208046,0.7106121022478595,0.0,0.0,-0.0049207654066462,0.2202528561873677,1.006052142399291,1.0,-0.367198604117199,8
0.192223693435937,0.0,1.0,0.0,0.0,0.508468358867206,0.0584867836105745,0.0,0.0,-0.3763433823041597,3
-0.1316327542397732,0.0,1.0,0.0,0.0,0.1688211257489421,0.0,0.0,0.0,-0.3697187028572193,3
-0.3865555332757387,0.0,1.0,0.0,0.0,0.3526631753870439,0.1683778618987765,0.0,0.0,-0.3700338539995024,3
-0.4512327735074067,0.0,0.0,0.0,0.0,-0.7077869673735322,-1.022273554629209,0.0,0.0,-0.2587800357489623,0
-0.2975344131022405,0.0,0.0,0.0,0.0,-0.392809711163643,-0.193584983678676,0.0,0.0,-0.3735025583821786,0
-0.0019011876305602,0.0,0.0,3.816391647148976e-17,0.0,0.0270274185904019,-0.4260189459579204,0.0,0.0,-0.3757118702743329,5
-1.3364150977392557,0.0,0.0,0.0,0.0,-1.3513954655373794,-1.2436386091883012,0.0,0.0,-0.3757118702743329,-1
0.7995662972640006,4.330657296154777,1.149512058475987,0.0,0.0,0.6647845835990481,0.1145274825220776,0.9750538018491568,1.0,-0.3374210438139719,8
-0.8327296576753734,0.0,0.0,0.0,0.0,-0.3611691579503857,-0.7296649225245023,0.0,0.0,-0.374133634925511,0
-0.0355520382299561,0.0,1.149512058475987,0.0,0.0,0.7444451930804646,0.1145274825220776,0.0,0.0,-0.3801350766487538,3
0.6020692351648488,0.0,1.0,0.0,0.0,0.3209365629662939,0.0,0.0,0.0,-0.3788706783214238,3
0.0498566222361974,0.0,0.0,0.0,0.0,-0.2599406389521786,-0.4260189459579204,0.0,0.0,-0.3788706783214238,0
1.9116976745296184,0.0,0.0,0.0,0.0,0.3041369269940062,-0.2657509156119179,0.9750538018491568,1.0,-0.3823489808120266,4
-0.0507160189411334,0.0,1.0,0.0,0.0,0.3479188623095371,0.0,0.0,0.0,-0.3801350766487538,3
-2.246772043611738,0.0,0.0,0.0,0.0,-1.3513954655373794,-1.2436386091883012,0.0,0.0,-0.3813999763966695,13
-1.029794073749859,0.0,0.7106121022478595,0.0,0.0,0.0263273579204117,0.3187811813373079,0.0,0.0,-0.3867814154990165,3
0.3398124842941092,0.0,0.0,0.0,0.0,-0.0568642239417052,-0.2657509156119179,1.0531584011826194,1.0,-0.3870982548039448,4
0.2101542577847995,0.0,0.0,0.0,0.0,-0.2900385441066555,-0.3428838574068739,1.0665838155427505,1.3685309911523162,-0.3877320283896187,4
-0.7982340898883187,0.0,0.0,0.0,0.0,-1.3513954655373794,-1.2436386091883012,0.0,0.0,-0.3858310873626069,12
-0.0778819863729561,0.0,0.7106121022478595,0.0,0.0,0.1619052567294341,-0.516595772466355,0.0,0.0,-0.3867814154990165,3
0.5778377086695327,0.0,1.0,0.0,0.0,0.2251730186182326,0.1145274825220776,0.9565747954222968,1.218213644014002,-0.3947119276496771,1
0.5955726638199242,0.0,0.0,0.0,0.0,0.5433234505909874,-0.1256132043464057,1.0560115612601553,1.394034397226019,-0.3912200515353617,4
-0.5010036959377063,0.0,0.0,0.0,0.0,-0.7077869673735322,-1.022273554629209,0.0,0.0,-0.3947119276496771,0
-0.2502479090356975,0.0,0.0,0.0,0.0,-0.7739208145133659,-0.7296649225245023,0.0,0.0,-0.3940767536213309,0
-0.2376222723794175,0.0,0.0,0.0,0.0,-0.1227367284726898,-1.022273554629209,0.0,0.0,-0.3966182183011364,0
0.0882735192679685,0.0,0.0,0.0,0.0,-1.3513954655373794,-1.2436386091883012,0.0,0.0,-0.3978897203894795,13
-0.2327832930777064,0.0,0.0,0.0,0.0,-0.9108696839149778,-1.022273554629209,0.9565747954222968,1.0,-0.3969360456473605,4
0.3646021402325157,0.0,1.149512058475987,0.0,0.0,0.7034139024955345,0.4112898545757565,0.0,0.0,-0.3966182183011364,3
-0.0106715700496989,0.0,0.7106121022478595,0.0,0.0,-0.0456220083694451,-0.193584983678676,0.0,0.0,-0.3978897203894795,3
0.869535299307559,4.330656215862209,0.0,0.0,0.0,0.1733339242752959,-0.4260189459579204,1.049929575826221,1.344436979171577,-0.4068046925968876,6
0.0726844648956088,0.0,0.0,0.0,0.0,-0.6146657679146795,-0.7296649225245023,0.0,0.0,-0.3991617369079021,0
-0.7421370227608275,0.0,1.0,0.0,0.0,0.3051616502438362,0.1683778618987765,0.0,0.0,-0.3985256642854888,3
0.2334882651663652,0.0,0.0,0.0,0.0,0.3507057197595721,-0.8610819189340483,0.0,0.0,-0.4026624426491074,0
-0.5931733918684224,0.0,0.0,0.0,0.0,0.5165283506016797,-0.193584983678676,1.0387676814317977,1.3025175370208548,-0.4071235547921588,4
0.4511587665843241,0.0,0.0,0.0,0.0,-0.2965608795905441,-0.7296649225245023,0.0,0.0,-0.4048922029191102,0
1.1492979555510712,0.0,0.0,0.0,0.0,-0.3766299742847432,-0.1256132043464057,0.0,0.0,-0.4074424495752703,0
0.2810207421973175,0.0,1.0,0.0,0.0,0.5643488783540618,0.2703350774754977,0.0,0.0,-0.4071235547921588,3
0.5422940788200112,0.0,1.149512058475987,0.0,0.0,0.6520209334174172,0.3657267131137707,1.0629354125627657,1.3025175370208548,-0.4115910541922697,1
-0.6236674198434493,0.0,0.0,0.0,0.0,-1.3513954655373794,-1.2436386091883012,0.0,0.0,-0.4103139715918139,12
1.1335241996273713,0.0,1.0,0.0,0.0,0.4783091419274908,0.8089350854960184,0.0,0.0,-0.4282412504328284,3
0.0373860784206187,0.0,0.0,0.0,0.0,0.0219162250230465,0.5406638713926494,0.988153482273682,1.0,-0.4163847963136961,4
-0.048437653898304,0.0,1.0,0.0,0.0,0.260663458113587,0.3187811813373079,1.006052142399291,1.218213644014002,-0.4115910541922697,1
0.3631849931795789,0.0,1.149512058475987,0.0,0.0,0.8981793492717742,0.5406638713926494,1.0125842817931043,1.3025175370208548,-0.413827212217976,1
0.4984060553002184,0.0,1.0,0.0,0.0,0.3880900348752557,0.2202528561873677,0.0,0.0,-0.4163847963136961,3
0.6786160647209027,0.0,0.0,0.0,0.0,-0.4270809522477917,-0.2657509156119179,0.0,0.0,-0.4147860590010072,0
0.3670309842557308,0.0,0.0,0.0,0.0,-0.3011443061199523,-0.4260189459579204,0.0,0.0,-0.4163847963136961,0
-1.1280240896177898,0.0,0.0,0.0,0.0,-0.1160621073999441,-0.8610819189340483,0.0,0.0,-0.4211859712433827,0
-0.7774223375030238,0.0,0.0,0.0,0.0,-0.5650095615718986,-0.6167169445693365,1.022831460331992,1.0,-0.4211859712433827,4
-0.1855251098591901,0.0,0.0,0.0,0.0,0.130814849247864,0.2703350774754977,0.0,0.0,-0.4205453832383495,0
0.2069546832024591,0.0,0.0,0.0,0.0,-0.2640967859055114,-0.516595772466355,0.0,0.0,-0.41862441643695,0
0.4638635514817201,0.0,0.7106121022478595,0.0,0.0,0.487190265926852,-0.4260189459579204,0.0,0.0,-0.4231085342388068,3
0.082697183406989,0.0,0.7106121022478595,0.0,0.0,0.3361470180638822,0.3187811813373079,1.022831460331992,1.0,-0.4227880237535209,1
0.7852602337279398,0.0,1.2380816024689916,0.0,0.0,0.9895143733796874,0.1683778618987765,1.0310990895875805,1.0,-0.4211859712433827,1
-0.028740564508273,4.330657302133576,0.0,0.0,0.0,-0.2567390261568691,0.3657267131137707,0.0,0.0,-0.4301682344237272,9
0.8408656944024324,0.0,0.7106121022478595,0.0,0.0,0.1588207587842222,0.0,0.0,0.0,-0.4748311630247483,3
-0.981629078774809,0.0,0.0,0.0,0.0,-0.4281091108197126,0.0,0.0,0.0,-0.4144664104706676,0
1.3440952868159228,0.0,1.149512058475987,0.0,0.0,0.9151080215718924,0.9789536507197586,1.0800283475396415,1.394034397226019,-0.4279202041994579,1
0.0202607904990696,0.0,0.0,0.0,0.0,-0.2280442876741579,0.0584867836105745,0.0,0.0,-0.4340258473562056,0
0.5375826954431883,0.0,0.0,0.0,0.0,-0.392809711163643,-1.022273554629209,0.0,0.0,-0.4314535645444515,0
0.0277838112984943,4.33065727107491,0.0,0.0,0.0,-0.1309811565305857,-0.1256132043464057,1.022831460331992,1.0,-0.4301682344237272,6
0.4964891176079979,0.0,1.149512058475987,0.0,0.0,0.8830348775905439,0.4112898545757565,0.9271671564532872,1.0,-0.4301682344237272,1
-0.441477173823162,0.0,0.0,0.0,0.0,-0.4063255065518545,-0.516595772466355,1.022831460331992,1.0,-0.4337041934836435,4
-0.1401326565769694,0.0,1.0,0.0,0.0,0.3552297458445997,0.1145274825220776,0.0,0.0,-0.4327394351752789,3
0.2089531891633629,4.330657260956641,1.2380816024689916,0.0,0.0,1.0043039253410138,0.4986718890691056,1.022831460331992,1.0,-0.4349910125117889,8
0.6059968117271973,0.0,0.0,0.0,0.0,-1.3513954655373794,-1.2436386091883012,0.0,0.0,-0.4340258473562056,13
-0.2348272409326121,0.0,0.7106121022478595,0.0,0.0,-0.0478697933739939,0.0584867836105745,0.0,0.0,-0.4362783749186272,3
-0.2687936121557372,0.0,0.0,0.0,0.0,-0.7816755490237152,-0.7296649225245023,0.0,0.0,-0.4417557516856397,0
-0.5678771687943259,0.0,0.0,0.0,0.0,-0.7176339400963846,-0.7296649225245023,0.0,0.0,-0.4385325697953805,0
0.1110435884586857,0.0,0.0,0.0,0.0,0.0444222045873677,0.2202528561873677,1.07113736856068,1.41081075138084,-0.4404660681630592,4
1.2196980096261945,0.0,0.7106121022478595,0.0,0.0,0.603192862072492,0.1145274825220776,0.0,0.0,-0.4430459841392362,3
-0.9547812657355608,0.0,0.0,0.0,0.0,-1.3513954655373794,-1.2436386091883012,0.0,0.0,-0.4411108413746436,12
-0.1523507279135784,0.0,1.0,0.0,0.0,0.2448441193433259,0.2202528561873677,0.0,0.0,-0.4417557516856397,3
-0.3302202315984756,0.0,0.0,0.0,0.0,-1.3513954655373794,-1.2436386091883012,0.0,0.0,-0.4449823644048549,13
0.1946532774069087,0.0,0.0,0.0,0.0,-0.3321368725700185,-1.022273554629209,0.0,0.0,-0.4462739738712278,0
-1.3179238896940768,0.0,0.0,0.0,0.0,-0.7077869673735322,-1.022273554629209,0.0,0.0,-0.4045735684135866,0
-0.2503299791398419,0.0,0.0,0.0,0.0,-0.3164192619775891,-0.4260189459579204,0.0,0.0,-0.4433686281483049,0
0.0505614789658726,0.0,0.0,0.0,0.0,-0.2482702573161153,0.2202528561873677,0.0,0.0,-0.449505417919694,0
0.5788705170883578,0.0,0.0,0.0,0.0,-0.2427845705081038,-0.516595772466355,1.022831460331992,1.0,-0.4459510197322296,4
-0.7177884599299172,0.0,0.0,0.0,0.0,-1.0525103976331662,-1.022273554629209,0.8663642547672894,1.0,-0.4501521227366035,4
0.6860737624547721,0.0,0.0,0.0,0.0,-0.2443691909221884,0.1145274825220776,0.0,0.0,-0.455006848516901,0
-0.4369770839138923,0.0,0.7106121022478595,0.0,0.0,-0.0864429089809211,-0.1256132043464057,0.0,0.0,-0.4524166850123162,3
-1.034515377553492,0.0,0.0,0.0,0.0,-0.516705794168881,-0.4260189459579204,0.9750538018491568,1.218213644014002,-0.4595450306467014,4
-0.7346899176768681,0.0,0.0,0.0,0.0,-1.3513954655373794,-1.2436386091883012,0.0,0.0,-0.4572750790046066,12
-2.05976439705381,0.0,0.0,0.0,0.0,0.0826606684667794,-1.022273554629209,0.0,0.0,-0.458571983092162,0
0.3915361976709963,4.330656479785331,0.0,0.0,0.0,-0.931459594075383,-0.7296649225245023,0.0,0.0,-0.4588962970585076,9
0.8380664932649736,4.330657187817903,0.0,0.0,0.0,-0.2346128228402997,-0.6167169445693365,1.022831460331992,1.0,-0.4653899943804739,6
0.798211522250527,0.0,1.2380816024689916,0.0,0.0,1.0144858840690811,0.0584867836105745,0.0,0.0,-0.4588962970585076,3
0.4770352057265707,0.0,1.149512058475987,0.0,0.0,0.7766757531677312,0.6989246298564699,0.0,0.0,-0.4631155893505155,3
-0.308785516801254,0.0,0.0,0.0,0.0,-1.3513954655373794,-1.2436386091883012,0.0,0.0,-0.463440397890089,13
-0.2791963644420603,0.0,1.0,0.0,0.0,0.5504820260205069,-0.193584983678676,0.0,0.0,-0.4644150363319291,3
-0.3070904990148677,0.0,1.0,0.0,0.0,0.3571224938698504,0.4112898545757565,1.0394896384476304,1.218213644014002,-0.4657150515031871,1
-0.3717674489966795,0.0,0.0,0.0,0.0,-0.7497933515674177,-0.7296649225245023,0.998116281742044,1.218213644014002,-0.4676661421039441,4
-0.2367161823427845,0.0,1.0,0.0,0.0,0.2547823190746988,0.1145274825220776,0.0,0.0,-0.4705951882898526,3
-0.0854606876318621,0.0,1.149512058475987,0.0,0.0,0.52525854747603,0.1145274825220776,0.0,0.0,-0.4660401442087974,3
-0.9510667647279516,0.0,0.7106121022478595,0.0,0.0,0.2467085856026547,0.3187811813373079,0.0,0.0,-0.4679914486813432,3
1.065634140074026,0.0,1.149512058475987,0.0,0.0,0.7628182771217443,0.2202528561873677,1.0269662977944063,1.0,-0.4722236901384383,1
-0.3427312469808756,0.0,0.0,0.0,0.0,-0.4127278888064853,0.0,0.0,0.0,-0.4686421689775989,0
-0.5469000022728049,0.0,0.0,0.0,0.0,-0.9208823982699548,-0.8610819189340483,0.0,0.0,-0.4767882828536195,0
-1.100202127087061,0.0,0.0,0.0,0.0,-0.5627380187757388,-0.8610819189340483,1.049929575826221,1.218213644014002,-0.4735271384648148,4
0.6349298011050798,0.0,1.149512058475987,0.0,0.0,0.7986356179643016,0.4986718890691056,1.022831460331992,1.0,-0.4722236901384383,1
0.458698022176399,0.0,1.0,0.0,0.0,0.681242230633948,0.1683778618987765,1.022831460331992,1.0,-0.4774409455121715,1
-0.4327758406833589,0.0,1.0,0.0,0.0,0.3349994844313029,0.4986718890691056,0.0,0.0,-0.4758095602990351,3
-0.9018207054497176,0.0,0.0,0.0,0.0,-0.2136753377677934,0.2202528561873677,0.0,0.0,-0.4777673311831566,0
-0.0326532664928536,0.0,0.0,0.0,0.0,-0.5346936063715247,-0.7296649225245023,0.0,0.0,-0.479073236574382,0
2.1178144552858225,4.330657261496813,0.0,0.0,0.0,0.2664228878091491,0.7363445937263972,1.1051884328999209,1.4288581958896645,-0.4813599702739065,6
0.2240795811532552,0.0,1.149512058475987,0.0,0.0,0.7147092173255263,0.4555743605292723,1.071083660422793,1.344436979171577,-0.4820136505823381,1
-0.272046230387807,0.0,0.0,0.0,0.0,-0.329026905750605,-0.4260189459579204,1.0771266041496674,1.3837532157583627,-0.4882309149734168,4
-0.6152351945815193,0.0,0.0,0.0,0.0,-0.3660428442029294,-0.3428838574068739,0.0,0.0,-0.4859388030599451,0
0.0876803091197189,0.0,0.0,0.0,0.0,-0.1567355266753786,0.4986718890691056,0.0,0.0,-0.4624660785768469,0
-0.9547181029820692,0.0,0.0,0.0,0.0,0.3414712189816694,-0.516595772466355,0.0,0.0,-0.4862661373158896,0
0.5427483971032658,0.0,0.7106121022478595,0.0,0.0,0.2363107514532162,0.0,0.0,0.0,-0.4843026821660053,3
0.3000911823135103,0.0,0.7106121022478595,0.0,0.0,-0.0443114748922351,-0.516595772466355,0.0,0.0,-0.4888861354543004,3
0.7186824662768618,0.0,1.0,0.0,0.0,0.4986649021218508,0.1145274825220776,0.0,0.0,-0.4849570205215754,3
0.2262832097875598,0.0,1.2380816024689916,0.0,0.0,0.9192383614514322,0.4986718890691056,0.0,0.0,-0.5138952601050012,3
-0.4468029309638446,0.0,0.0,0.0,0.0,-0.4749934942886534,-0.7296649225245023,0.9565747954222968,1.0,-0.499718690010255,4
-0.0299318188754025,0.0,1.0,0.0,0.0,0.2559932339151149,0.4112898545757565,0.0,0.0,-0.4872483605767534,3
-0.4036270566284961,0.0,0.7106121022478595,0.0,0.0,-0.0502947503380028,0.1145274825220776,0.0,0.0,-0.490524832520315,3
-0.6861320058651678,0.0,0.0,0.0,0.0,-0.4097900255070059,-0.2657509156119179,0.0,0.0,-0.490524832520315,0
0.8518119925139434,0.0,1.149512058475987,0.0,0.0,0.805783574121682,0.1145274825220776,0.0,0.0,-0.5092719188998173,3
-0.7288319923038381,0.0,0.0,0.0,0.0,-0.1178661937223562,0.1145274825220776,1.006052142399291,1.0,-0.4918364557458602,4
-0.3102832940005607,4.330657156031751,0.0,0.0,0.0,0.2832565291872941,0.4112898545757565,1.0809430027512488,1.4229121222943435,-0.4954464806748049,6
1.3724232503991023,4.330657282892414,0.0,0.0,0.0,0.3940317747049353,0.2703350774754977,1.0819903531651198,1.394034397226019,-0.4980747844484875,6
0.2090414035323536,0.0,1.149512058475987,3.816391647148976e-17,0.0,0.943195576009744,0.1145274825220776,0.0,0.0,-0.5046560449979639,5
0.3645204487519877,0.0,0.0,0.0,0.0,-0.098922872999549,0.4555743605292723,0.0,0.0,-0.4984034906315758,0
0.2824490693778616,0.0,0.0,0.0,0.0,-0.1582972210882682,0.2202528561873677,1.084745124852529,1.4165481093681518,-0.4964318145288638,4
0.3349976741946822,0.0,1.0,0.0,0.0,0.4164974486009482,0.0,0.9565747954222968,1.0,-0.4974174843398006,1
-1.5058618472988414,0.0,0.0,0.0,0.0,-1.3513954655373794,-1.2436386091883012,0.0,0.0,-0.5010344897608225,13
-1.474184202314914,0.0,0.0,0.0,0.0,-1.3513954655373794,-1.2436386091883012,0.0,0.0,-0.5020217343220638,13
-0.5652375168254248,0.0,0.0,0.0,0.0,-1.3513954655373794,-1.2436386091883012,0.0,0.0,-0.5010344897608225,13
-0.3069791314924848,0.0,0.0,0.0,0.0,-0.4879956411652101,-0.6167169445693365,0.0,0.0,-0.5033385877440053,0
0.4335800855590398,0.0,0.0,0.0,0.0,-0.2195091799865855,-0.6167169445693365,0.0,0.0,-0.5023508911374117,0
-0.8373935728289483,0.0,1.0,0.0,0.0,0.2104923096501369,0.0584867836105745,0.0,0.0,-0.5053150004577167,3
0.585759066338015,0.0,1.0,0.0,0.0,0.3311572227896009,0.1145274825220776,0.0,0.0,-0.5089419666339405,3
0.2406493261898165,0.0,1.149512058475987,0.0,0.0,0.705087011832798,0.1145274825220776,0.0,0.0,-0.5053150004577167,3
0.0354671291302335,0.0,0.7106121022478595,0.0,0.0,-0.0639885242955323,0.0584867836105745,0.0,0.0,-0.5072927760748647,3
0.0241720853705141,0.0,0.7106121022478595,0.0,0.0,0.1014969690480509,0.2202528561873677,0.0,0.0,-0.5079523382246117,3
0.5452501139740276,0.0,0.0,0.0,0.0,-1.3513954655373794,-1.2436386091883012,0.0,0.0,-0.5119129102525742,13
0.213231173506451,0.0,1.0,0.0,0.0,0.2768527080003892,0.2703350774754977,0.0,0.0,-0.5165405433643132,3
0.3794422864869182,0.0,1.0,0.0,0.0,0.4832109718117477,0.0584867836105745,0.0,0.0,-0.5105921091462732,3
-1.4169765370924772,0.0,0.7106121022478595,0.0,0.0,0.0857619355301849,-0.0612410630353533,1.0515961795290998,1.3025175370208548,-0.5138952601050012,1
-0.9404991124478124,0.0,0.0,0.0,0.0,-0.7077869673735322,-0.6167169445693365,0.0,0.0,-0.5158789916895457,0
0.5838553987976813,0.0,1.2380816024689916,0.0,0.0,0.936981729440392,0.3187811813373079,0.0,0.0,-0.5162097482647258,3
-0.9824249516118744,0.0,0.0,0.0,0.0,-0.7097254979728119,-0.7296649225245023,0.0,0.0,-0.4637652418883851,0
-1.4911086806005986,0.0,0.0,0.0,0.0,-1.3513954655373794,-1.2436386091883012,0.0,0.0,-0.5181950974468357,13
1.116366842987563,0.0,0.0,0.0,0.0,0.6159594792450146,1.0429915279268975,1.1066399007830807,1.4281668800002032,-0.5195194362492451,4
0.3866741184426256,0.0,1.0,0.0,0.0,0.2094622542944724,0.0584867836105745,0.0,0.0,-0.5254866486819003,3
0.9667643099413208,0.0,0.0,0.0,0.0,-0.1711556849235423,-0.2657509156119179,1.0796077603741503,1.394034397226019,-0.5298041749979823,4
-0.1236609978427448,0.0,0.7106121022478595,0.0,0.0,0.1242283302257286,0.1683778618987765,1.0629354125627657,1.3025175370208548,-0.5324644193483782,1
0.0434830710714193,0.0,0.7106121022478595,0.0,0.0,0.1125843457804241,0.1145274825220776,0.0,0.0,-0.5298041749979823,3
0.1531245319999239,0.0,1.0,0.0,0.0,0.402048883998507,0.4555743605292723,0.0,0.0,-0.5284749986626378,3
-0.3112686934247536,0.0,0.0,0.0,0.0,-0.7299922951717066,-0.7296649225245023,0.0,0.0,-0.5288072337487604,0
-0.1263256794599044,0.0,0.0,0.0,0.0,-0.7897024780157988,-0.8610819189340483,0.0,0.0,-0.5304689993694316,0
0.3518963566867453,0.0,0.0,0.0,0.0,-0.3057851738885732,0.1145274825220776,1.022831460331992,1.0,-0.5304689993694316,4
0.4163274692321754,0.0,0.0,0.0,0.0,-0.2177746886778147,-0.6167169445693365,0.9271671564532872,1.0,-0.5351271950781122,4
-0.0553409201695997,0.0,0.0,0.0,0.0,-0.6402442786887096,-0.7296649225245023,0.9750538018491568,1.218213644014002,-0.536792720278158,4
0.2352819602614716,0.0,0.0,0.0,0.0,-1.3513954655373794,-1.2436386091883012,0.0,0.0,-0.5327971276541573,13
-0.6375111544556988,0.0,0.0,0.0,0.0,-0.3766299742847432,-0.193584983678676,0.0,0.0,-0.5471413097825272,0
1.6861940631150985,4.330656905792317,1.149512058475987,0.0,0.0,1.078180965331892,1.308707513613585,1.103556962824875,1.4296674257788191,-0.541461497441999,8
-0.4414499727935503,0.0,0.0,0.0,0.0,-0.4307676278668076,-0.516595772466355,0.0,0.0,-0.5518275900433629,0
0.5126302789619519,0.0,1.149512058475987,0.0,0.0,0.6119892170018175,0.4555743605292723,0.0,0.0,-0.5401267609382547,3
-0.8388361482937929,0.0,0.0,0.0,0.0,-0.6171192503318722,-0.4260189459579204,0.988153482273682,1.0,-0.5444670049463217,4
-0.497764333255957,0.0,0.0,0.0,0.0,-0.6119648368425131,-0.6167169445693365,1.0368224148220306,1.3025175370208548,-0.5421291064482503,4
-0.1664185831704298,0.0,0.0,0.0,0.0,-0.4411609000234259,-0.516595772466355,0.9271671564532872,1.0,-0.5381258573156621,4
0.627901304431544,0.0,1.2380816024689916,0.0,0.0,1.0892762004345324,1.1050458926679774,1.0736033659228592,1.3685309911523162,-0.5421291064482503,1
-0.2537856882990397,0.0,0.0,0.0,0.0,-0.4312127889689709,0.0584867836105745,0.0,0.0,-0.5394596330885688,0
0.3929138179509034,0.0,1.0,0.0,0.0,0.4160769344109011,0.1145274825220776,0.0,0.0,-0.5474757799852664,3
-0.1679502629495877,0.0,0.0,0.0,0.0,0.1493439440615862,-0.6167169445693365,0.0,0.0,-0.5461381421956414,0
0.1819954325627655,0.0,0.0,0.0,0.0,-0.5627380187757388,-1.022273554629209,0.0,0.0,-0.5448011516274978,0
0.9807779296945942,0.0,0.0,0.0,0.0,0.5567883615892267,0.0,0.0,0.0,-0.5424629712171828,0
0.2066340067230755,0.0,0.0,0.0,0.0,-0.2331530982493414,-0.6167169445693365,0.0,0.0,-0.5461381421956414,0
1.1319298446001012,0.0,0.7106121022478595,0.0,0.0,0.1677041209043905,0.0,0.0,0.0,-0.553167994589812,3
0.1764052911836577,0.0,1.0,0.0,0.0,0.3283484490886866,0.2703350774754977,0.0,0.0,-0.5488140664302597,3
1.3587986354967867,0.0,0.0,0.0,0.0,-0.5627380187757388,-1.022273554629209,0.0,0.0,-0.5518275900433629,0
-0.4925676879050792,0.0,1.0,0.0,0.0,0.5130951610769091,0.4986718890691056,0.0,0.0,-0.5498182078098587,3
-1.0889514993601348,0.0,0.0,0.0,0.0,0.0865444458574233,0.6606974057623132,0.0,0.0,-0.5555152790703889,0
0.0227393777672359,0.0,1.0,0.0,0.0,0.5079183636582345,0.1683778618987765,1.049929575826221,1.218213644014002,-0.5521626298710992,1
0.7422358981705454,0.0,1.149512058475987,0.0,0.0,0.8949978214930475,0.4555743605292723,0.0,0.0,-0.550822715477151,3
-0.1716104342571568,0.0,1.149512058475987,0.0,0.0,0.7997512837477242,0.2703350774754977,0.9271671564532872,1.0,-0.5521626298710992,1
0.1482044596048978,4.330656124655711,1.149512058475987,0.0,0.0,0.6622487493502506,0.2202528561873677,0.0,0.0,-0.5568574878789095,9
0.925885864657268,0.0,1.2380816024689916,0.0,0.0,0.942977387556067,0.1683778618987765,0.0,0.0,-0.5588720369035827,3
0.6280671042614195,0.0,0.0,0.0,0.0,-0.034443075271142,-0.1256132043464057,1.0875893590301542,1.4013322872298857,-0.5723406201737621,4
-0.9603038271336952,0.0,0.0,0.0,0.0,-1.3513954655373794,-1.2436386091883012,0.0,0.0,-0.5588720369035827,13
-0.5596643553390482,0.0,0.0,0.0,0.0,-1.3513954655373794,-1.2436386091883012,0.0,0.0,-0.5605519637690325,13
-0.0484840806225738,0.0,0.0,0.0,0.0,-0.2198404256376354,-0.2657509156119179,0.0,0.0,-0.5605519637690325,0
0.0160169084197842,0.0,1.0,0.0,0.0,0.5107389360705125,0.0584867836105745,0.0,0.0,-0.5649246286588714,3
0.3445151032771407,0.0,1.0,0.0,0.0,0.3667577209053642,0.4112898545757565,0.0,0.0,-0.5605519637690325,3
-1.2839591072550105,0.0,0.0,0.0,0.0,0.1447938289733326,0.2703350774754977,0.0,0.0,-0.563242002518503,0
0.3303528760109459,0.0,1.0,0.0,0.0,0.4664354513483278,0.2703350774754977,0.0,0.0,-0.5625692435744812,3
0.3534897321650827,0.0,1.149512058475987,0.0,0.0,0.868807153911627,1.1050458926679774,0.0,0.0,-0.563242002518503,3
-0.0018430641594076,0.0,0.0,3.816391647148976e-17,0.0,0.0342006699191245,0.1145274825220776,0.0,0.0,-0.5659347050217755,5
-0.3637063063161724,0.0,1.0,0.0,0.0,0.3702931352153977,0.1683778618987765,0.9565747954222968,1.0,-0.5686300833724147,1
0.1088257331229652,0.0,1.149512058475987,0.0,0.0,0.750980452651244,0.2202528561873677,0.0,0.0,-0.5703160590833954,3
-0.7040549496465308,0.0,0.0,0.0,0.0,-1.3513954655373794,-1.2436386091883012,0.0,0.0,-0.5720030878038126,13
-0.8101476489906063,0.0,0.0,0.0,0.0,-0.392809711163643,-0.193584983678676,0.0,0.0,-0.5706533804905796,0
-0.131476614049685,0.0,0.0,0.0,0.0,-1.3513954655373794,-1.2436386091883012,0.0,0.0,-0.5605519637690325,13
0.5321776477063933,0.0,0.0,0.0,0.0,0.0908054295282977,0.0,1.0960830808917512,1.4013322872298857,-0.574366702804889,4
0.1140281641765797,0.0,0.0,0.0,0.0,0.3792137402239207,-0.193584983678676,0.0,0.0,-0.5747045315383262,0
-0.3659129205273728,0.0,0.0,0.0,0.0,-0.7407914395343616,-0.6167169445693365,0.0,0.0,-0.5753803163339481,0
-0.1560392379979677,0.0,1.0,0.0,0.0,0.2587298191772455,0.1683778618987765,0.0,0.0,-0.577070522212709,3
1.1990964313870591,0.0,0.0,0.0,0.0,0.0839035617135926,0.3657267131137707,1.1023520895790684,1.4248002454769926,-0.5791001755324475,4
0.2150387265948561,0.0,1.0,0.0,0.0,0.7849076094729611,0.0,0.0,0.0,-0.5801155790317212,3
0.4222707755540154,0.0,1.0,0.0,0.0,0.4745511728876129,0.4112898545757565,0.0,0.0,-0.5774086911080636,3
1.300362839093488,0.0,0.0,0.0,0.0,-0.6402442786887096,-0.7296649225245023,0.9750538018491568,1.218213644014002,-0.581470050066535,4
-2.0317409138499443,0.0,0.0,0.0,0.0,-0.8522737322181162,-1.022273554629209,0.0,0.0,-0.586216117950255,0
0.3705796448100705,0.0,0.0,0.0,0.0,-0.5738063081455239,-0.6167169445693365,0.0,0.0,-0.5865554465625031,0
0.0159034078887615,0.0,1.0,0.0,0.0,0.4650516694684459,0.1145274825220776,1.022831460331992,1.0,-0.5689671944178895,1
0.7272017002286851,0.0,0.0,0.0,0.0,-0.2659585978819059,-0.6167169445693365,1.0269662977944063,1.218213644014002,-0.5868948184773213,4
0.5958342981587462,0.0,0.0,0.0,0.0,-0.194333054699664,0.0,0.0,0.0,-0.5841810542196086,0
1.3729822296150602,0.0,0.0,0.0,0.0,-0.074604048554615,0.2202528561873677,0.998116281742044,1.3025175370208548,-0.5875736923157234,4
-0.2451987165084609,0.0,1.149512058475987,0.0,0.0,0.5962187158391455,-0.0612410630353533,0.0,0.0,-0.5909706682756934,3
-0.5407864299038008,4.330657180948137,0.0,0.0,0.0,-0.3349364372857387,0.0584867836105745,0.0,0.0,-0.5909706682756934,9
0.102297873902417,4.330657184871124,0.0,0.0,0.0,-0.4504732070810026,-0.7296649225245023,1.022831460331992,1.0,-0.5936913894030553,6
0.7236837965581958,0.0,0.0,0.0,0.0,0.4810130722976569,1.1050458926679774,1.0746043208466112,1.3685309911523162,-0.5940316765470519,4
0.356062001405708,0.0,1.0,0.0,0.0,0.3597666066770332,0.1683778618987765,0.0,0.0,-0.5889319607364596,3
0.3180940829378504,0.0,1.149512058475987,0.0,0.0,0.7677732973706182,0.3657267131137707,0.0,0.0,-0.58961135572481,3
0.553876252065811,0.0,1.0,0.0,0.0,0.3632729561252263,0.3657267131137707,0.8663642547672894,1.0,-0.5923306789547427,1
0.3977914287162659,0.0,0.0,0.0,0.0,-0.2413814385894495,-0.1256132043464057,0.0,0.0,-0.5919906107458348,0
-0.2533115704235673,0.0,0.0,0.0,0.0,-0.7497933515674177,-0.7296649225245023,0.0,0.0,-0.5981185511060995,0
-0.3978200498952305,0.0,0.0,0.0,0.0,-1.3513954655373794,-1.2436386091883012,0.0,0.0,-0.596074321468116,13
0.0866733733891041,0.0,1.149512058475987,0.0,0.0,0.6597030470919337,0.0584867836105745,0.0,0.0,-0.596074321468116,3
0.8373234614199659,0.0,0.0,0.0,0.0,0.2849086448795433,-0.6167169445693365,0.0,0.0,-0.6011878792381703,0
-0.8652173373413425,0.0,0.7106121022478595,0.0,0.0,0.0873256945356109,-0.0612410630353533,0.0,0.0,-0.6035776205939506,3
0.3388668011992793,0.0,1.0,0.0,0.0,0.4983565801772149,0.0584867836105745,0.0,0.0,-0.5981185511060995,3
1.0383328449435654,0.0,1.149512058475987,0.0,0.0,0.8921213599895641,1.390425738756177,1.090230615367134,1.4281668800002032,-0.5902909248365319,1
0.237528998965557,0.0,0.0,0.0,0.0,-0.7077869673735322,-1.022273554629209,0.0,0.0,-0.6028946147557832,0
-0.0226784087906251,0.0,1.0,0.0,0.0,0.5430009753359312,-0.6167169445693365,0.0,0.0,-0.608363668445841,3
-0.5911806454507896,0.0,0.0,0.0,0.0,-0.0536786754725481,0.0584867836105745,0.0,0.0,-0.6059695472765554,0
0.629240058933233,0.0,1.0,0.0,0.0,0.26086813223235,-0.0612410630353533,0.0,0.0,-0.6059695472765554,3
1.0137089855167376,0.0,1.149512058475987,0.0,0.0,0.7593963787408191,0.0,0.0,0.0,-0.6056277093228079,3
-1.7630606091534862,0.0,0.0,0.0,0.0,-1.3513954655373794,-1.2436386091883012,0.0,0.0,-0.610075103667846,13
-0.0990987825925444,0.0,0.0,0.0,0.0,-0.3321368725700185,0.0584867836105745,0.0,0.0,-0.6124730083229908,0
0.7875867353816061,0.0,1.0,0.0,0.0,0.6694597092324522,0.7363445937263972,1.0180943570563885,1.218213644014002,-0.6046024639057735,1
-0.0603568171766232,0.0,1.0,0.0,0.0,0.3865774614042753,0.1145274825220776,0.0,0.0,-0.6090481074243395,3
-0.4317296871832176,0.0,1.0,0.0,0.0,0.2388456188829473,0.0,1.0125842817931043,1.0,-0.6176188620167549,1
-0.4805050066986298,0.0,0.0,0.0,0.0,-1.3513954655373794,-1.2436386091883012,0.0,0.0,-0.6138442355507425,13
-0.2600412351042579,0.0,0.0,0.0,0.0,-0.9108696839149778,-0.7296649225245023,0.0,0.0,-0.6138442355507425,0
0.8575329980617233,0.0,0.0,0.0,0.0,-0.3157788498943603,-0.7296649225245023,1.033883362385476,1.218213644014002,-0.616245632525514,4
0.7354871238570015,0.0,0.0,0.0,0.0,0.3689729376732797,1.1050458926679774,1.090973163741649,1.4300951880729784,-0.616245632525514,4
-1.8980126916241409,0.0,0.0,0.0,0.0,-1.3513954655373794,-1.2436386091883012,0.0,0.0,-0.616245632525514,13
-0.4929206871971305,0.0,1.0,0.0,0.0,0.564522009733942,0.1145274825220776,0.0,0.0,-0.6183057509322877,3
1.0962021651191616,0.0,1.0,0.0,0.0,0.2088174336218172,0.3187811813373079,0.0,0.0,-0.6196800782164675,3
-1.168623671424763,4.330657254355797,0.0,0.0,0.0,-1.3513954655373794,-1.2436386091883012,0.0,0.0,-0.6210551395948316,9
-0.0804318068040793,0.0,1.0,0.0,0.0,0.1771901112805209,0.2202528561873677,0.0,0.0,-0.6244960165008031,3
-0.235791169204527,0.0,0.7106121022478595,0.0,0.0,-0.0079793007716049,0.1683778618987765,0.0,0.0,-0.6251847462827619,3
-0.0717697658795826,0.0,0.0,0.0,0.0,-0.4504732070810026,-0.6167169445693365,1.0306204699037194,1.3025175370208548,-0.6220869184573353,4
0.2828007297645774,0.0,1.0,0.0,0.0,0.4645013345623975,0.2202528561873677,0.9750538018491568,1.0,-0.6251847462827619,1
-0.9520088035983998,0.0,0.0,0.0,0.0,-1.3513954655373794,-1.2436386091883012,0.0,0.0,-0.6244960165008031,13
0.0677870524407345,0.0,0.0,0.0,0.0,-0.6571524083379119,-0.6167169445693365,1.0180943570563885,1.0,-0.6282863270583106,4
0.4550467237255514,0.0,0.0,0.0,0.0,-1.3513954655373794,-1.2436386091883012,0.0,0.0,-0.627941520994388,13
-0.1756031328381428,0.0,0.0,0.0,0.0,-0.5109376799694366,-0.7296649225245023,0.0,0.0,-0.627941520994388,0
0.4696367609900081,0.0,1.149512058475987,0.0,0.0,1.05218945262773,1.0429915279268975,1.0878493834652363,1.4067157636187435,-0.6300110568048373,1
0.5948217437812154,0.0,0.0,0.0,0.0,-0.1937894977859246,-0.8610819189340483,0.0,0.0,-0.6282863270583106,0
0.2216419352796302,0.0,0.7106121022478595,0.0,0.0,0.3465202313142862,-0.2657509156119179,0.0,0.0,-0.6272520485217936,3
-0.5881008550811619,0.0,0.0,0.0,0.0,-0.3052666337569913,0.1683778618987765,0.0,0.0,-0.6317369549092829,0
0.4382733197476985,0.0,1.149512058475987,0.0,0.0,0.6790300000768494,0.4986718890691056,0.9750538018491568,1.0,-0.6307012756411315,1
-0.5184880250192279,0.0,0.0,0.0,0.0,-0.7077869673735322,-1.022273554629209,0.0,0.0,-0.6331185170456471,0
0.3791837753541687,0.0,1.0,0.0,0.0,0.3727334126979666,0.0,0.0,0.0,-0.6307012756411315,3
-0.3959632759029431,0.0,0.0,0.0,0.0,-0.3028906827322496,-0.1256132043464057,0.0,0.0,-0.6348465273420077,0
0.1038782386372157,0.0,1.0,0.0,0.0,0.1800291702469372,0.1683778618987765,0.0,0.0,-0.6327730560907814,3
0.0017806759417827,0.0,0.0,0.0,0.0,-0.1237175971001199,0.4112898545757565,0.9271671564532872,1.0,-0.6393448789587981,4
-0.0268896406053228,0.0,0.0,0.0,0.0,-1.3513954655373794,-1.2436386091883012,0.0,0.0,-0.6414237463283703,13
-0.6523126561776187,0.0,0.7106121022478595,0.0,0.0,-0.0352438292320156,0.3187811813373079,1.0462299458179467,1.3685309911523162,-0.6389985675818002,1
-0.1765817244517666,0.0,0.0,0.0,0.0,-1.3513954655373794,-1.2436386091883012,0.0,0.0,-0.6396912378626034,13
-0.3967511389205607,0.0,1.149512058475987,0.0,0.0,0.7433016048239486,0.6989246298564699,0.0,0.0,-0.6389985675818002,3
-0.1685346274115501,0.0,1.0,0.0,0.0,0.1786971162557684,0.0584867836105745,0.0,0.0,-0.6414237463283703,3
-0.9772062552388552,0.0,0.0,0.0,0.0,-0.0853641141645845,-0.2657509156119179,1.076850654943709,1.3685309911523162,-0.6445452695869609,4
0.0552886506306237,0.0,0.0,0.0,0.0,-1.3513954655373794,-1.2436386091883012,0.0,0.0,-0.6428106116333892,13
0.6461529693346408,0.0,1.149512058475987,0.0,0.0,0.633403637545471,0.2202528561873677,0.0,0.0,-0.6490610031341572,3
0.6100826104404634,0.0,1.2380816024689916,0.0,0.0,0.8792986346585653,0.0584867836105745,0.0,0.0,-0.6490610031341572,3
0.6001192502554432,0.0,1.149512058475987,0.0,0.0,0.9319745759193356,0.6606974057623132,1.0441638598214986,1.3685309911523162,-0.6462811269804933,1
1.006125841098351,4.330657067447467,1.0,0.0,0.0,0.3705807710263231,0.6216146055503267,1.0819903531651198,1.394034397226019,-0.6469758066312217,8
0.9553386274322628,0.0,0.0,0.0,0.0,0.1029712889394036,-0.516595772466355,0.0,0.0,-0.6469758066312217,0
0.5069327232451466,0.0,0.7106121022478595,0.0,0.0,0.0990565836725832,0.6606974057623132,1.0394896384476304,1.218213644014002,-0.6539332455904436,1
-0.0287706991633681,0.0,0.0,0.0,0.0,-1.3513954655373794,-1.2436386091883012,0.0,0.0,-0.6535849120296227,13
-1.2521631507425577,0.0,0.0,0.0,0.0,-1.2927180254678938,-0.6167169445693365,0.0,0.0,-0.6490610031341572,0
0.0680783494721094,0.0,0.0,0.0,0.0,-1.3513954655373794,-1.2436386091883012,0.0,0.0,-0.6518439752582016,13
-0.4770786244801086,0.0,0.0,0.0,0.0,-0.8673452578999283,-1.022273554629209,0.9750538018491568,1.0,-0.6539332455904436,4
-1.2375778194731757,0.0,0.7106121022478595,0.0,0.0,0.0495177735528754,0.0,0.0,0.0,-0.652540203884813,3
-0.0783976863212056,0.0,0.0,0.0,0.0,-0.3611691579503857,-0.516595772466355,0.0,0.0,-0.6542816279595518,0
0.31400790146446,0.0,1.2380816024689916,0.0,0.0,1.2082374995458072,0.5816230273987638,1.0180943570563885,1.218213644014002,-0.6570704477695268,1
-0.3359123339039916,0.0,1.0,0.0,0.0,0.3857613419876441,0.4112898545757565,0.0,0.0,-0.6549785392477081,3
-0.5481810482418564,0.0,0.0,0.0,0.0,-0.5627380187757388,-1.022273554629209,0.0,0.0,-0.6595132418330594,0
-0.0186842047115228,0.0,0.0,0.0,0.0,-0.3798059899413203,-0.7296649225245023,0.0,0.0,-0.6598624094105913,0
-0.9103405771343852,0.0,0.0,0.0,0.0,-0.7077869673735322,-1.022273554629209,1.022831460331992,1.0,-0.6588150545845017,4
-0.1083297372656323,0.0,0.0,0.0,0.0,-0.1867892412397896,-0.1256132043464057,1.0819234922412388,1.4067157636187435,-0.6623079658899107,4
-0.0886909528006859,0.0,0.0,0.0,0.0,-1.3513954655373794,-1.2436386091883012,0.0,0.0,-0.6640562783629701,13
-0.6063173255947019,0.0,0.0,0.0,0.0,0.2849086448795433,-1.022273554629209,0.0,0.0,-0.661958452229461,0
1.208376170432604,0.0,1.149512058475987,0.0,0.0,0.8221904459612788,0.2703350774754977,0.0,0.0,-0.661259573485732,3
-0.8891898854799699,0.0,0.0,0.0,0.0,1.7672599197215595,-0.516595772466355,1.0320999408234257,1.3025175370208548,-0.6693086914457396,4
-1.7630606091534862,0.0,0.0,0.0,0.0,-0.5627380187757388,-1.022273554629209,0.0,0.0,-0.6640562783629701,0
0.4415692834154845,0.0,1.0,0.0,0.0,0.4609424819052798,0.3657267131137707,0.0,0.0,-0.661958452229461,3
0.2815340270191324,0.0,0.0,0.0,0.0,-0.5015572677006328,0.0584867836105745,0.0,0.0,-0.6623079658899107,0
0.2800738222848307,0.0,1.0,0.0,0.0,0.4584550387135017,0.0584867836105745,0.0,0.0,-0.6623079658899107,3
0.9787292217665968,0.0,0.0,0.0,0.0,0.188654506396777,0.3187811813373079,1.0723842613166006,1.3685309911523162,-0.6710620012709458,4
-0.1461802339398947,0.0,1.0,0.0,0.0,0.2028472666900938,0.1145274825220776,0.0,0.0,-0.6665060053754885,3
-0.2770179625849182,0.0,0.7106121022478595,0.0,0.0,0.0220105150321479,0.2202528561873677,0.0,0.0,-0.664755951233287,3
-0.5575787949239784,0.0,0.0,0.0,0.0,-1.3513954655373794,-1.2436386091883012,0.0,0.0,-0.6668561659435658,13
-0.0514304302425948,0.0,1.149512058475987,0.0,0.0,0.6315526185462319,0.1145274825220776,0.0,0.0,-0.6693086914457396,3
-0.917686925274588,0.0,0.0,0.0,0.0,0.3690209986668703,-0.516595772466355,0.0,0.0,-0.6710620012709458,0
-0.597836215971136,0.0,0.0,0.0,0.0,-0.6477978285484794,-0.7296649225245023,0.0,0.0,-0.673167636070868,0
-0.5208800139114064,4.330657259234816,0.7106121022478595,0.0,0.0,0.0037420801704881,0.1145274825220776,0.0,0.0,-0.668257308433778,9
0.2802854656829084,0.0,1.149512058475987,0.0,2.740863092043355e-16,1.1910934095225283,0.4986718890691056,0.0,0.0,-0.6689581802672446,3
0.125716642208905,0.0,1.149512058475987,0.0,0.0,0.8563282603751864,0.3657267131137707,0.9271671564532872,1.218213644014002,-0.673167636070868,1
0.1087755377750056,0.0,0.0,0.0,0.0,-0.7077869673735322,-0.6167169445693365,0.0,0.0,-0.6749237224448472,0
0.1692562522116682,0.0,1.0,0.0,0.0,0.5581539340865085,0.4112898545757565,1.0125842817931043,1.344436979171577,-0.679495495164171,1
-0.506569071895116,0.0,0.0,0.0,0.0,-0.4465608616397132,-0.4260189459579204,0.0,0.0,-0.7368568222634163,0
-0.1860866622663935,0.0,0.0,0.0,0.0,-1.3513954655373794,-1.2436386091883012,0.0,0.0,-0.6809039313956694,13
-0.1451893831326679,0.0,0.0,0.0,0.0,-0.7321140232600921,-0.8610819189340483,0.0,0.0,-0.6756265120043727,0
-0.2532497527697195,0.0,0.0,0.0,0.0,-0.9813131246092198,-0.8610819189340483,0.0,0.0,-0.6759779829916519,0
-0.2459731388581793,0.0,0.7106121022478595,0.0,0.0,0.0495622296113196,0.4112898545757565,0.0,0.0,-0.6756265120043727,3
-0.6050536242060813,0.0,0.7106121022478595,0.0,0.0,0.0354848529951458,-0.2657509156119179,0.0,0.0,-0.6763295048287133,3
-0.2857515063761048,0.0,0.0,0.0,0.0,-1.3513954655373794,-1.2436386091883012,0.0,0.0,-0.6787915843117862,13
0.3992890943205734,0.0,1.0,0.0,0.0,0.267982982490375,0.4555743605292723,0.9565747954222968,1.0,-0.6258736613947905,1
0.437193902194567,0.0,1.0,0.0,0.0,0.2795419418057522,0.3187811813373079,1.0710432834981385,1.3025175370208548,-0.6837232696148586,1
-0.4756443160614555,0.0,0.7106121022478595,0.0,0.0,0.1447206909728051,0.6989246298564699,0.0,0.0,-0.6819607973542648,3
-0.7547126330591675,0.0,0.0,0.0,0.0,-1.3513954655373794,-1.2436386091883012,0.0,0.0,-0.6816084573201878,13
-0.4870039162481867,0.0,0.0,0.0,0.0,-0.1861034639724407,0.3657267131137707,0.0,0.0,-0.684075918725767,0
0.0030809176271274,0.0,1.0,0.0,0.0,0.1917645493464411,0.1145274825220776,0.0,0.0,-0.7228319188399377,3
0.1083989676908216,0.0,0.0,0.0,0.0,-0.1227367284726898,-0.7296649225245023,0.0,0.0,-0.6978698533135229,0
0.740796967208523,0.0,0.7106121022478595,0.0,0.0,0.1697616948176652,-0.0612410630353533,0.0,0.0,-0.6865459101745544,3
0.0029943054143463,0.0,0.0,0.0,0.0,-0.2136753377677934,-0.6167169445693365,0.988153482273682,1.218213644014002,-0.6932630207296379,4
-0.1620604055776744,0.0,0.0,0.0,0.0,-0.8008686164877915,-0.7296649225245023,0.0,0.0,-0.6904324656744062,0
-0.792628388800869,0.0,0.0,0.0,0.0,-1.3513954655373794,-1.2436386091883012,0.0,0.0,-0.6907861017687504,13
-1.017493714596475,0.0,0.0,0.0,0.0,-0.3895125309810663,-0.2657509156119179,0.0,0.0,-0.6886650684242899,0
0.0566876099063131,0.0,0.0,0.0,0.0,-1.3513954655373794,-1.2436386091883012,0.0,0.0,-0.6893718708208717,13
-0.5861240289816485,0.0,0.0,0.0,0.0,-0.2925336452859802,0.2202528561873677,0.0,0.0,-0.6907861017687504,0
0.9324286379436212,0.0,0.0,0.0,0.0,0.0063337897748238,-0.516595772466355,1.0419259054467114,1.3025175370208548,-0.6914935308839821,4
1.265067804977711,0.0,0.0,0.0,0.0,-0.7077869673735322,-1.022273554629209,0.0,0.0,-0.6929090178119636,0
-0.3064448190448238,0.0,1.0,0.0,0.0,0.4764530911266532,0.3187811813373079,0.0,0.0,-0.6936170761927364,3
0.6525329719726058,0.0,0.0,0.0,0.0,-0.1785608587248869,-0.2657509156119179,1.0306204699037194,1.3685309911523162,-0.7010644424341628,4
0.8812219630473165,0.0,1.2380816024689916,0.0,0.0,0.9247500551279528,0.2703350774754977,0.0,0.0,-0.6953881429389136,3
-0.4165728958047272,0.0,0.0,0.0,0.0,-0.3463579279866599,0.0,0.0,0.0,-0.6960969387064893,0
0.3185265432530085,0.0,0.0,0.0,0.0,-0.2815802731740628,0.1683778618987765,0.9565747954222968,1.218213644014002,-0.6960969387064893,4
-0.0505142459302291,0.0,1.0,0.0,0.0,0.321643006031942,-0.0612410630353533,0.0,0.0,-0.7028410793621104,3
-0.2541569625477354,0.0,0.0,0.0,0.0,-1.3513954655373794,-1.2436386091883012,0.0,0.0,-0.7010644424341628,13
0.6284914070604235,0.0,1.0,0.0,0.0,0.3059154873325338,0.5406638713926494,0.0,0.0,-0.7003541612984664,3
0.3916415752496059,0.0,1.0,0.0,0.0,0.6663220567023687,0.9789536507197586,1.0772144219539548,1.4140046247801077,-0.7031965671707616,1
-0.424903364832063,0.0,1.0,0.0,0.0,0.7488568558446614,0.0584867836105745,0.9565747954222968,1.0,-0.7131721071320148,1
-0.1041086360544826,0.0,0.7106121022478595,0.0,0.0,0.1110212729728351,0.4986718890691056,0.0,0.0,-0.703552108539627,3
0.9417084478444951,4.33065729830926,0.0,0.0,0.0,0.1430722599506345,-0.516595772466355,0.8663642547672894,1.0,-0.7060424009119526,6
0.8513379066932241,0.0,1.149512058475987,0.0,0.0,1.010581763476235,0.8441827789462959,1.0180943570563885,1.344436979171577,-0.7131721071320148,1
-0.543644899189884,0.0,0.0,0.0,0.0,-0.7077869673735322,-1.022273554629209,0.0,0.0,-0.7106742407020701,0
-0.5377829268615726,0.0,0.0,0.0,0.0,-1.3513954655373794,-1.2436386091883012,0.0,0.0,-0.7113876445337997,13
0.0144121135892762,0.0,1.2380816024689916,0.0,0.0,0.940314253816526,0.3657267131137707,0.0,0.0,-0.7138862741777798,3
0.824974465063183,0.0,0.0,0.0,0.0,-1.3513954655373794,-1.2436386091883012,0.0,0.0,-0.716030089026654,13
-0.3590500860690205,0.0,1.0,0.0,0.0,0.3218260109228951,0.2703350774754977,1.022831460331992,1.0,-0.7135291633305817,1
-0.4544153051604698,0.0,0.0,0.0,0.0,-0.6119648368425131,-0.6167169445693365,1.0419259054467114,1.344436979171577,-0.7163875834874897,4
0.2441476739322036,0.0,1.2380816024689916,0.0,0.0,0.8686203642910834,-0.1256132043464057,0.0,0.0,-0.7156726494830896,3
-0.5497216993760177,0.0,0.0,0.0,0.0,-0.7497933515674177,-0.8610819189340483,0.0,0.0,-0.7181758809023444,0
-0.1559135873806039,0.0,0.0,0.0,0.0,-0.4504732070810026,-0.7296649225245023,0.0,0.0,-0.7213982939396042,0
-0.0906556922526078,0.0,1.0,0.0,0.0,0.4733267494547994,0.3187811813373079,0.0,0.0,-0.7181758809023444,3
-1.3673473058390728,0.0,0.0,0.0,0.0,-0.2900385441066555,0.7730013276593265,1.0804390304517482,1.4296674257788191,-0.7228319188399377,4
0.5575126091803877,0.0,0.7106121022478595,0.0,0.0,-0.0736706824651337,0.0,0.0,0.0,-0.7203236581619712,3
-0.1834698812732196,0.0,1.149512058475987,0.0,0.0,0.5967781571264669,0.4112898545757565,1.022831460331992,1.0,-0.7228319188399377,1
-0.5157999766934082,0.0,0.0,3.816391647148976e-17,0.0,-0.1120943859848341,-0.1256132043464057,0.0,0.0,-0.7217566168149943,5
0.0966323360526556,0.0,0.0,0.0,0.0,-0.465454838657598,-0.3428838574068739,1.022831460331992,1.0,-0.7239077217910007,4
-0.1792659118051569,0.0,0.0,0.0,0.0,-0.5604839370074273,-0.6167169445693365,1.022831460331992,1.218213644014002,-0.7260608347471035,4
-0.7167791274413212,0.0,0.0,0.0,0.0,-0.5627380187757388,-1.022273554629209,0.0,0.0,-0.7235490650830196,0
0.4263300088157249,0.0,0.0,0.0,0.0,-0.0757735662682815,0.3187811813373079,0.0,0.0,-0.7253429067904785,0
-1.0340778518269915,0.0,0.0,0.0,0.0,-0.8451301658145488,-0.7296649225245023,0.0,0.0,-0.7285753491925459,0
-0.5294471473599056,0.0,0.0,0.0,0.0,-1.3513954655373794,-1.2436386091883012,0.0,0.0,-0.7289347904062966,13
-0.1772471975612021,0.0,1.0,0.0,0.0,0.3381812709572038,0.0584867836105745,0.0,0.0,-0.7314524585970541,3
0.2165254685709,4.330657266338822,1.0,0.0,0.0,0.4998389427147852,0.1145274825220776,1.0641902904976348,1.0,-0.7296538418845773,8
0.1691170084939496,0.0,0.7106121022478595,0.0,0.0,-0.0297210677009057,0.1683778618987765,0.0,0.0,-0.735774923725831,3
0.4160973672954295,0.0,0.0,0.0,0.0,0.6719385785448057,0.2703350774754977,0.0,0.0,-0.7354144051603569,0
0.1158332405717198,0.0,0.0,0.0,0.0,-0.2688625272221324,0.3657267131137707,0.0,0.0,-0.7336126675783347,0
0.5305293162645116,0.0,1.149512058475987,0.0,0.0,0.5869994473948867,0.2703350774754977,0.9565747954222968,1.0,-0.7336126675783347,1
-0.105563141723552,0.0,0.0,0.0,0.0,-0.9674664273370568,-1.022273554629209,0.9271671564532872,1.0,-0.7364961322359752,4
-0.3604941793567952,0.0,1.0,0.0,0.0,0.1884196552383772,0.0584867836105745,0.0,0.0,-0.735774923725831,3
-0.144570796377751,0.0,0.0,0.0,0.0,-0.2378088958896783,0.1145274825220776,0.988153482273682,1.0,-0.7383001551571332,4
-0.4625099484843613,0.0,0.0,0.0,0.0,-0.1612235317405645,-0.2657509156119179,0.0,0.0,-0.7343331917268184,0
0.0471530867799064,0.0,0.0,0.0,0.0,-0.0178450905408092,-0.0612410630353533,0.0,0.0,-0.7375783740703652,0
0.4837404250462132,0.0,1.0,0.0,0.0,0.5057895650268197,0.4555743605292723,0.0,0.0,-0.7361354994039175,3
0.9572098315147012,0.0,1.2380816024689916,0.0,0.0,1.044237916215192,0.5816230273987638,1.0306204699037194,1.218213644014002,-0.7383001551571332,1
-0.5354216367496327,0.0,0.0,0.0,0.0,-1.0314882205498326,-0.8610819189340483,0.0,0.0,-0.7433590706999494,0
0.3365776112581771,0.0,1.149512058475987,0.0,0.0,0.5870161499456669,0.2202528561873677,0.0,0.0,-0.7415510163403682,3
-0.9013031874305976,0.0,0.0,0.0,0.0,-0.4666110923155345,-0.8610819189340483,1.022831460331992,1.0,-0.741189578979962,4
0.127935229803231,0.0,1.0,0.0,0.0,0.1781496280250184,-0.0612410630353533,0.0,0.0,-0.7404668774329695,3
-0.3505684128450598,0.0,0.7106121022478595,0.0,0.0,0.1279487165485557,0.1683778618987765,0.0,0.0,-0.7228319188399377,3
1.0005569017300726,0.0,0.0,0.0,0.0,-0.0064725457789243,-0.4260189459579204,0.0,0.0,-0.2734455910740678,0
0.3726313533787117,0.0,1.149512058475987,0.0,0.0,0.6305081068559876,0.2202528561873677,0.0,0.0,-0.3079098710270697,3
-0.7446399889422054,0.0,0.7106121022478595,0.0,0.0,0.0854733232868021,0.1145274825220776,0.0,0.0,-0.2365930488130388,3
0.7640844169699568,0.0,1.2380816024689916,0.0,0.0,0.97151264209,-0.193584983678676,0.0,0.0,-0.4023440350924216,3
0.7197877004406197,0.0,0.7106121022478595,0.0,0.0,0.0699671527538499,0.0,0.0,0.0,-0.3405427891861228,3
-0.6014868720247835,0.0,0.0,0.0,0.0,-0.9208823982699548,-0.7296649225245023,0.0,0.0,-0.3277623299511629,0
0.0019108022878649,0.0,0.0,0.0,0.0,-0.1227367284726898,-1.022273554629209,0.0,0.0,-0.4382104396614802,0
1.4513208698723232,0.0,1.149512058475987,0.0,0.0,0.9864332855971342,0.7363445937263972,1.0665838155427505,1.4067157636187435,-0.3568239333875104,1
-0.2804595626186516,0.0,0.0,0.0,0.0,-1.3513954655373794,-1.2436386091883012,0.0,0.0,-0.3839312837962025,13
0.1598595169828482,0.0,0.0,0.0,0.0,-1.3513954655373794,-1.2436386091883012,0.0,0.0,-0.1438613222648357,11
0.1432648655108707,0.0,1.0,0.0,0.0,0.5094911660127925,0.0584867836105745,0.0,0.0,-0.1699494254246312,3
0.2032311899381037,0.0,1.0,0.0,0.0,0.3846168173762291,0.1683778618987765,0.0,0.0,-0.1645984625598171,3
0.0059622464817833,0.0,0.0,0.0,0.0,-0.1326495898303731,-0.4260189459579204,1.006052142399291,1.218213644014002,-0.2250983180565263,4
-0.1652901658229515,0.0,0.0,0.0,0.0,-0.2255987188037387,-0.1256132043464057,0.0,0.0,-0.2393209209331014,0
-0.983354911927978,0.0,0.0,0.0,0.0,-0.5306032272246237,-0.7296649225245023,0.9565747954222968,1.218213644014002,-0.2040195209465932,4
-0.4614996523865815,0.0,0.0,0.0,0.0,-0.7077869673735322,-1.022273554629209,1.022831460331992,1.0,-0.2214760551506924,4
0.4054512120874035,0.0,0.0,0.0,0.0,-0.0291408751980455,0.0584867836105745,1.083411375551137,1.4067157636187435,-0.2755894994511372,4
-0.2506583563015176,0.0,0.0,0.0,0.0,-0.1119670087258767,0.2202528561873677,0.0,0.0,-0.2202694447619224,0
-0.8247695185471844,0.0,0.0,0.0,0.0,-0.0050707078421628,-0.2657509156119179,0.9271671564532872,1.0,-0.2511660269967516,4
-0.4932444383889334,0.0,0.0,0.0,0.0,-0.1861034639724407,-0.2657509156119179,1.0306204699037194,1.3685309911523162,-0.2469093691246156,4
0.1563872848558782,0.0,0.0,0.0,0.0,-0.6983125193749229,-0.7296649225245023,1.0125842817931043,1.218213644014002,-0.2356842228310161,4
0.9073905987261244,0.0,0.0,0.0,0.0,-0.229654870747968,0.1145274825220776,0.0,0.0,-0.202218456538354,0
-0.4810826394527741,0.0,0.0,0.0,0.0,-0.5975583707850219,-0.7296649225245023,0.0,0.0,-0.2590849401490832,0
1.2424334695904784,0.0,0.0,0.0,0.0,-0.2754070170247765,-0.7296649225245023,1.0269662977944063,1.218213644014002,-0.2584751578983538,4
0.2283193211983038,0.0,0.0,0.0,2.740863092043355e-16,0.8401693411226366,0.1145274825220776,0.0,0.0,-0.2172546860569219,0
0.1421722192160197,4.330657175176395,1.0,0.0,0.0,0.5771518878529696,0.4112898545757565,0.0,0.0,-0.2850999895296052,9
-0.365403060737078,0.0,0.0,0.0,0.0,-0.6387586173995393,-0.516595772466355,0.8663642547672894,1.0,-0.2308410610633102,4
-0.1467647704843075,0.0,0.0,0.0,0.0,-0.9158098119891932,-0.7296649225245023,0.0,0.0,-0.3218563283596785,0
0.2748252880878112,0.0,1.0,0.0,0.0,0.181527852530926,0.2703350774754977,0.0,0.0,-0.2148446917682502,3
0.2931503429048291,0.0,1.0,0.0,0.0,0.3702931352153977,0.1683778618987765,0.0,0.0,-0.2841784704121353,3
0.0846554962549266,0.0,0.0,0.0,0.0,0.4603883338751685,0.2202528561873677,0.0,0.0,-0.2299336993008982,0
0.5457685534045676,0.0,1.149512058475987,0.0,0.0,0.7837801458848199,0.5816230273987638,0.0,0.0,-0.2169533487779533,3
-0.0964167048320139,0.0,0.0,0.0,0.0,-0.146794895054609,0.2202528561873677,1.0560115612601553,1.3025175370208548,-0.2184602869648868,4
0.0907060011120566,0.0,1.0,0.0,0.0,0.2445427853294971,0.3187811813373079,0.0,0.0,-0.2441756538103196,3
-0.1057472529080104,0.0,0.0,0.0,0.0,-0.7278888609680588,-0.8610819189340483,1.006052142399291,1.0,-0.224796323228446,4
0.4105898777292203,0.0,1.0,0.0,0.0,0.3218782869302693,0.2202528561873677,0.0,0.0,-0.2804948616657177,3
-0.9090573701437226,0.0,0.0,3.816391647148976e-17,0.0,0.0876953206865742,0.2202528561873677,0.0,0.0,-0.2299336993008982,5
-0.0423502530016172,0.0,0.0,0.0,0.0,0.2222570405239251,0.8441827789462959,0.0,0.0,-0.2526875091459938,0
-0.1828917546288454,4.330657298277224,0.0,0.0,0.0,-0.4947934827501607,-0.4260189459579204,0.9918226979370126,1.0,-0.2244943538121291,6
-0.8565379105146493,0.0,0.0,0.0,0.0,-1.3513954655373794,-1.2436386091883012,0.0,0.0,-0.2456941235529534,12
0.1475961920157553,0.0,0.0,0.0,0.0,-0.4132903914446227,-0.2657509156119179,0.0,0.0,-0.2190632386287904,0
-0.0645051121117927,0.0,0.0,0.0,0.0,-0.3184546644554274,-0.0612410630353533,1.022831460331992,1.0,-0.2100295161704122,4
-1.1497375307427131,0.0,0.0,0.0,0.0,-1.3513954655373794,-1.2436386091883012,0.0,0.0,-0.2353813323860772,-1
0.1757151998139627,0.0,0.0,0.0,0.0,-0.0619412414153022,-0.7296649225245023,0.0,0.0,-0.2396241471435563,0
0.4686293294861097,0.0,1.0,0.0,0.0,0.3559925253356432,0.3657267131137707,0.0,0.0,-0.2414440486316638,3
0.4411311293341874,0.0,0.0,0.0,0.0,-0.0700725760873952,-0.0612410630353533,1.089360258649379,1.41081075138084,-0.2765087242372083,4
-0.2693416849870367,0.0,0.0,0.0,0.0,-0.0418645534575247,0.5816230273987638,0.0,0.0,-0.2399273992526457,0
-0.3778958234547452,0.0,0.0,3.816391647148976e-17,0.0,0.5367331747014311,0.6989246298564699,1.0681963516467785,1.3837532157583627,-0.2353813323860772,5
-0.0696958793500108,0.0,1.0,0.0,0.0,0.2419442278533873,0.0584867836105745,0.0,0.0,-0.2399273992526457,3
-0.9105741982043488,0.0,0.0,0.0,0.0,-1.3513954655373794,-1.2436386091883012,0.0,0.0,-0.3782386669069832,12
-0.710799714193202,0.0,0.0,0.0,0.0,-0.786995233344903,-1.022273554629209,1.002291082817889,1.0,-0.2566464477437138,4
0.4850201333721672,0.0,1.0,0.0,0.0,0.4170060857602435,0.1683778618987765,0.0,0.0,-0.2949449803302674,3
1.018344938731904,4.3306572912908,0.0,0.0,0.0,0.1767783379745641,-0.7296649225245023,1.022831460331992,1.0,-0.2393209209331014,6
1.4945893561981825,0.0,0.0,0.0,0.0,0.3948591965852331,0.1145274825220776,0.0,0.0,-0.2887885428135756,0
0.7712064855120128,0.0,1.149512058475987,0.0,0.0,0.6701206778963466,0.1683778618987765,0.0,0.0,-0.292788964709419,3
-0.6856127277580845,0.0,0.0,0.0,0.0,-0.7077869673735322,-1.022273554629209,0.0,0.0,-0.2505576182242082,0
0.6580212783868271,0.0,0.0,0.0,0.0,0.2561997015196864,-0.3428838574068739,1.022831460331992,1.0,-0.2636616992951242,4
0.3311950736596257,0.0,1.0,0.0,0.0,0.182309513814783,-0.0612410630353533,0.0,0.0,-0.2722210962496674,3
0.5191487647984018,0.0,0.0,0.0,0.0,-0.1378304453403211,-0.4260189459579204,0.0,0.0,-0.2758958805565359,0
0.3272224334224692,0.0,1.2380816024689916,0.0,0.0,1.1436893618376955,1.1652729620405098,0.0,0.0,-0.3296295629542163,3
-0.5608731911702987,0.0,0.0,0.0,0.0,-1.3513954655373794,-1.2436386091883012,0.0,0.0,-0.2670218081993313,12
0.2159245513163096,0.0,1.0,0.0,0.0,0.3600108069799026,0.6989246298564699,0.0,0.0,-0.3144110094914046,3
0.0674426478262546,4.3306572722892485,1.0,0.0,0.0,0.8834117420365244,-0.0612410630353533,1.033883362385476,1.3025175370208548,-0.2808016785426279,8
0.8529652543185408,0.0,1.149512058475987,0.0,0.0,0.6402481673946222,0.1145274825220776,0.0,0.0,-0.352746034170235,3
-0.5965894190139082,0.0,1.0,0.0,0.0,0.3625928659675576,0.3657267131137707,0.998116281742044,1.0,-0.2826431541211804,1
-3.1848121876757016,0.0,0.0,0.0,0.0,-0.0918167952106451,0.3187811813373079,1.0725845583435507,1.3685309911523162,-0.2627458676660317,4
0.1299765522700982,0.0,0.0,0.0,0.0,-0.4504732070810026,-0.4260189459579204,0.9271671564532872,1.0,-0.3193727151787377,4
-0.0966976924304431,0.0,0.7106121022478595,0.0,0.0,0.4467840807927281,0.2202528561873677,0.0,0.0,-0.2758958805565359,3
0.823901859316514,4.330656905792317,0.0,3.816391647148976e-17,0.0,0.494721989351285,1.3362843900460843,1.0906644137474482,1.4281668800002032,-0.2621354467017048,5
-0.4404443221295144,0.0,0.0,0.0,0.0,-0.3321368725700185,-1.022273554629209,0.0,0.0,-0.4758095602990351,0
-0.2360725654149115,0.0,1.2380816024689916,0.0,0.0,0.8734720308225037,0.1145274825220776,0.0,0.0,-0.3258961452205411,3
0.2674966158454479,0.0,1.149512058475987,0.0,0.0,0.6743935452505558,0.3187811813373079,1.0619187631672482,1.344436979171577,-0.2900189435073108,1
-1.9471655776781247,0.0,0.0,0.0,0.0,-0.637281061059662,-0.7296649225245023,0.0,0.0,-0.3091472161542472,0
-0.2050647377118295,0.0,0.0,0.0,0.0,-0.7039543056257523,-0.7296649225245023,0.0,0.0,-0.2654940842679139,0
-2.158788502116746,0.0,0.0,0.0,0.0,-0.3439290332926352,-0.7296649225245023,1.0121033430029212,1.0,-0.3125522595846899,4
-0.3855794690942806,0.0,0.0,0.0,0.0,0.1113342850957123,0.1145274825220776,1.022831460331992,1.0,-0.2700792702200263,4
-0.3526372051411305,0.0,0.0,0.0,0.0,0.0899480477657672,-0.4260189459579204,0.0,0.0,-0.4272782125294227,0
-0.2920861694061272,0.0,0.0,0.0,0.0,-1.3513954655373794,-1.2436386091883012,0.0,0.0,-0.2940208067645196,13
0.3354305829141571,0.0,0.7106121022478595,0.0,0.0,0.0245491568116941,0.2703350774754977,0.0,0.0,-0.5211757313415162,3
-0.3394300068327638,0.0,0.0,0.0,0.0,-0.1224102772625904,0.1145274825220776,0.0,0.0,-0.286329066547982,0
0.2466010137606952,0.0,1.0,0.0,0.0,0.4178675427597197,0.1145274825220776,0.9271671564532872,1.0,-0.3144110094914046,1
-0.3687118681797353,0.0,0.0,0.0,0.0,-1.3513954655373794,-1.2436386091883012,0.0,0.0,-0.3902683912001783,13
-0.6165910267580512,0.0,0.0,0.0,0.0,-0.2346128228402997,-0.8610819189340483,0.0,0.0,-0.2795745749031149,0
0.3534989333471317,0.0,1.149512058475987,0.0,0.0,0.8146521837580385,1.1652729620405098,0.9750538018491568,1.0,-0.333055555010561,1
0.0036292279646492,0.0,1.149512058475987,0.0,0.0,1.048827428905157,0.6216146055503267,0.9750538018491568,1.0,-0.3665688873710833,1
0.5444389611244548,0.0,1.2380816024689916,0.0,0.0,1.0040206494448,0.2703350774754977,0.0,0.0,-0.36530982263644,3
-0.4346846351219216,0.0,0.0,0.0,0.0,-0.948561167964092,-0.516595772466355,0.0,0.0,-0.3088378373197398,0
0.5045677532824766,4.330657240765414,0.0,0.0,0.0,0.4195866425789536,-0.2657509156119179,1.0689577040329925,1.3025175370208548,-0.3804512545420658,6
-0.1905763307308197,0.0,0.0,0.0,0.0,-0.931459594075383,-0.8610819189340483,0.0,0.0,-0.3700338539995024,0
-0.2327032597943157,0.0,1.149512058475987,0.0,0.0,0.5610328299745376,0.1683778618987765,0.0,0.0,-0.3193727151787377,3
-0.4364639636267372,0.0,1.0,0.0,0.0,0.8058796670162591,0.4555743605292723,1.0779301497170606,1.344436979171577,-0.8087127055889618,1
-0.5278922747756843,0.0,0.0,0.0,0.0,-0.1279945544768276,-0.0612410630353533,0.0,0.0,-0.5629056022477342,0
-0.3357729341053258,0.0,0.0,0.0,0.0,-0.0782397982964751,-0.2657509156119179,1.0886920913964402,1.3685309911523162,-0.7328923708922019,4
0.1260234583279849,0.0,1.0,0.0,0.0,0.4885239376345964,0.1683778618987765,1.0306204699037194,1.218213644014002,-0.3190623931959364,1
0.0708532900389246,0.0,0.0,0.0,0.0,-1.3513954655373794,-1.2436386091883012,0.0,0.0,-0.3605926952572736,13
-0.6702351712941825,0.0,0.0,0.0,0.0,-1.3513954655373794,-1.2436386091883012,0.0,0.0,-0.8592892606923916,13
0.7542845218563756,4.330656441712371,0.0,0.0,0.0,-0.0010393944403653,-0.516595772466355,1.033883362385476,1.218213644014002,-0.3091472161542472,6
-0.5120311677803265,0.0,0.7106121022478595,0.0,0.0,0.107840746935276,0.0584867836105745,0.0,0.0,-0.302656203916589,3
0.1276291758396247,0.0,0.0,0.0,0.0,-0.5749838452465329,-0.6167169445693365,0.0,0.0,-0.5264824126277304,0
0.1052914754478144,0.0,1.149512058475987,0.0,0.0,0.5935132849227428,0.1683778618987765,0.0,0.0,-0.3318093299545284,3
-0.1030905489409877,0.0,0.0,0.0,0.0,0.0194579537106358,0.2703350774754977,1.093810674644941,1.4217198523711672,-0.3615355706234131,4
0.3008379563248172,0.0,1.2380816024689916,0.0,0.0,1.0476027873098257,0.4555743605292723,0.0,0.0,-0.3813999763966695,3
-0.1302287111409768,0.0,0.0,0.0,0.0,-0.3078666561080928,-0.516595772466355,0.0,0.0,-0.3243417901057914,0
-0.4404171636388122,0.0,0.0,0.0,0.0,-0.9813131246092198,-0.7296649225245023,0.0,0.0,-0.3618499234359432,0
0.995294195805898,0.0,0.0,0.0,0.0,-0.0912703243518949,-0.6167169445693365,1.022831460331992,1.0,-0.3956649287585477,4
-0.4301234429061703,0.0,1.0,0.0,0.0,0.2448441193433259,0.1145274825220776,0.0,0.0,-0.3994798215287302,3
1.3169519987728648,0.0,0.7106121022478595,0.0,0.0,-0.009541521094289,0.2703350774754977,0.0,0.0,-0.3587077671306555,3
0.0393276461031226,4.33065726191446,0.0,0.0,0.0,-0.0824409060771867,-0.0612410630353533,0.0,0.0,-0.8482352383571696,9
-0.0944857928611365,0.0,0.0,0.0,0.0,-0.9674664273370568,-1.022273554629209,0.9271671564532872,1.0,-0.3153407702728258,4
1.7786715641088462,4.330656999268432,0.0,0.0,0.0,-0.1393904873206797,-0.193584983678676,1.0830672935472692,1.4013322872298857,-0.303582729049435,6
0.0271551108088959,0.0,0.0,0.0,0.0,-1.3513954655373794,-1.2436386091883012,0.0,0.0,-0.3461694081237427,13
0.0344988930674774,0.0,1.2380816024689916,0.0,0.0,0.9312391943513336,0.2202528561873677,0.0,0.0,-0.3371090317883587,3
-0.2919118386453807,0.0,0.0,0.0,0.0,0.0240331465643238,0.1145274825220776,0.0,0.0,-0.4272782125294227,0
-0.439711434820213,0.0,0.0,0.0,0.0,-0.1227367284726898,-1.022273554629209,0.0,0.0,-0.3215457757474922,0
-0.9526377080428342,0.0,0.0,0.0,0.0,-1.3513954655373794,-1.2436386091883012,0.0,0.0,-0.3125522595846899,12
-0.627981131968562,0.0,0.0,0.0,0.0,-0.5778296330470937,-0.6167169445693365,0.9565747954222968,1.218213644014002,-0.4029808825818569,4
0.5904340078612366,0.0,0.0,0.0,0.0,-0.1653990647056638,-0.7296649225245023,1.0894579696881836,1.3025175370208548,-0.5720030878038126,4
0.2252685781014475,0.0,0.7106121022478595,0.0,0.0,0.0615456701097294,0.2703350774754977,0.0,0.0,-0.6148731326752682,3
-0.9628613117043464,0.0,0.7106121022478595,0.0,0.0,0.1463272699561662,0.2202528561873677,0.0,0.0,-0.3277623299511629,3
-0.6933676322761039,0.0,0.0,0.0,0.0,-1.3513954655373794,-1.2436386091883012,0.0,0.0,-0.3277623299511629,12
0.6111923340522952,0.0,1.149512058475987,0.0,0.0,0.5427141895736791,0.0584867836105745,0.0,0.0,-0.458571983092162,3
-0.1877927648130291,4.330657260564776,0.0,0.0,0.0,-0.4204021478622716,-0.7296649225245023,0.998116281742044,1.218213644014002,-0.5608880733496452,6
-0.1279119713458865,0.0,0.7106121022478595,0.0,0.0,-0.0445296297975779,0.1145274825220776,0.9565747954222968,1.0,-0.3540002284085857,1
-0.3706658421151564,0.0,0.0,0.0,0.0,-0.8008686164877915,-0.7296649225245023,0.998116281742044,1.3025175370208548,-0.5538384423265535,4
0.6260222304341077,0.0,1.0,0.0,0.0,0.4396607728223061,0.2202528561873677,0.0,0.0,-0.3290070353123439,3
0.5883393412053923,0.0,0.0,0.0,0.0,-0.1937894977859246,-0.3428838574068739,1.0870558172628189,1.3837532157583627,-0.4119104068091761,4
0.0350799844498882,0.0,1.0,0.0,0.0,0.4776512005450049,0.2703350774754977,0.0,0.0,-0.3367970492592405,3
0.3749020077693673,0.0,1.0,0.0,0.0,0.2458673784178759,0.2703350774754977,0.0,0.0,-0.3199934455142342,3
-0.5070199833809882,0.0,0.0,0.0,0.0,-1.3513954655373794,-1.2436386091883012,0.0,0.0,-0.6469758066312217,13
1.0415282043340643,0.0,0.0,0.0,0.0,-0.2723578279892679,-0.7296649225245023,0.0,0.0,-0.3829818075904903,0
-0.0948979498000182,0.0,1.0,0.0,0.0,0.5232634381807739,0.2202528561873677,0.0,0.0,-0.3265180904885876,3
-0.2780635928556885,0.0,1.149512058475987,0.0,0.0,0.8348306115163623,0.1683778618987765,0.998116281742044,1.0,-0.3252743161289657,1
0.4813721289908189,4.330657293161313,0.7106121022478595,0.0,0.0,0.5776436999773134,0.7730013276593265,0.0,0.0,-0.4266363551479715,9
0.3414017382434114,0.0,0.0,0.0,0.0,-0.806667994294748,-0.7296649225245023,0.0,0.0,-0.400434268808652,0
-0.3687362579064551,0.0,0.0,0.0,0.0,-1.3513954655373794,-1.2436386091883012,0.0,0.0,-0.5341283568343905,13
-0.310395199835054,0.0,0.0,0.0,0.0,-1.3513954655373794,-1.2436386091883012,0.0,0.0,-0.7982999675913283,13
0.2465694739633563,0.0,1.0,0.0,0.0,0.3855979784710862,0.0584867836105745,0.988153482273682,1.0,-0.3128619798663982,1
-1.5818265083401637,0.0,0.0,0.0,0.0,-0.5672988789182561,-0.7296649225245023,0.0,0.0,-0.4007524824242184,0
0.6018300014010833,0.0,1.149512058475987,0.0,0.0,0.6159754386260823,0.2202528561873677,1.022831460331992,1.0,-0.3605926952572736,1
1.1123856749473429,4.330657198199464,0.7106121022478595,0.0,0.0,0.1696572729371935,0.4112898545757565,0.9565747954222968,1.0,-0.3823489808120266,8
-0.0423809488058783,0.0,0.0,0.0,0.0,-0.2826515681823547,0.0584867836105745,1.0394896384476304,1.218213644014002,-0.3631076401664011,4
-1.1097623239317018,0.0,0.0,0.0,0.0,-1.3513954655373794,-1.2436386091883012,0.0,0.0,-0.3280734625823307,-1
-0.9453853080029008,0.0,1.149512058475987,0.0,0.0,0.5883509261740689,0.2703350774754977,0.0,0.0,-0.3474210795078164,3
0.0022865951970612,0.0,0.0,0.0,0.0,-0.311432407334501,-0.7296649225245023,1.0394896384476304,1.0,-0.3681434100185635,4
-0.3876333565156069,0.0,0.0,0.0,0.0,-0.5421992691273133,-0.7296649225245023,0.0,0.0,-0.3389815468358867,0
0.50554822375482,0.0,1.149512058475987,0.0,0.0,0.8465343672401204,0.3657267131137707,1.006052142399291,1.0,-0.3343022493739325,1
0.7385260502541219,0.0,0.0,0.0,0.0,-0.3251766287799498,0.1145274825220776,0.0,0.0,-0.3514923222678839,0
-0.7144305236795487,0.0,0.0,0.0,0.0,-0.5924968748311923,-0.3428838574068739,0.0,0.0,-0.5618966509265877,0
0.8260351968079636,0.0,1.149512058475987,0.0,0.0,0.7565380904840441,0.5406638713926494,0.0,0.0,-0.3874151257626614,3
-0.2464422863274385,0.0,0.7106121022478595,0.0,0.0,0.1845121379444819,-0.0612410630353533,0.0,0.0,-0.3318093299545284,3
0.4243914923310396,0.0,0.0,0.0,0.0,-0.6402442786887096,-0.7296649225245023,1.0368224148220306,1.3025175370208548,-0.3119329045684885,4
0.1510723652620844,0.0,0.0,0.0,0.0,0.4354564432398982,0.6989246298564699,1.0907623976533591,1.426794993710273,-0.3483601471846412,4
-1.0417856686567608,0.0,0.0,0.0,0.0,-0.392809711163643,-0.193584983678676,0.0,0.0,-0.3637366820098659,0
-0.314683754820928,0.0,0.0,0.0,0.0,0.1090997126928076,-0.1256132043464057,1.0796077603741503,1.4013322872298857,-0.3889999558693259,4
-0.5676127098609319,0.0,0.0,0.0,0.0,-1.3513954655373794,-1.2436386091883012,0.0,0.0,-0.960603613244788,13
0.7444334765108176,0.0,0.7106121022478595,0.0,0.0,0.0372677039517882,0.0584867836105745,1.022831460331992,1.0,-0.4777673311831566,1
0.5075897544584538,0.0,0.0,0.0,0.0,0.1603476294245535,-0.4260189459579204,0.0,0.0,-0.3760276107116264,0
0.4516978080882067,0.0,1.0,0.0,0.0,0.5140163242279883,0.2202528561873677,1.022831460331992,1.0,-0.3832982681730241,1
0.040976104748464,0.0,0.0,0.0,0.0,-0.4942514274870987,-0.3428838574068739,0.0,0.0,-0.4208656606138724,0
0.5338301791429012,0.0,0.0,0.0,0.0,-0.2235862589022679,-0.7296649225245023,0.0,0.0,-0.4449823644048549,0
-0.4366799657067631,0.0,0.0,0.0,0.0,-1.3513954655373794,-1.2436386091883012,0.0,0.0,-0.4382104396614802,13
-0.2549827264939127,0.0,1.0,0.0,0.0,0.3411178452700835,0.3657267131137707,1.0515961795290998,1.3837532157583627,-0.4227880237535209,1
-0.3009478220226453,0.0,0.0,0.0,0.0,-0.2016253769930299,0.1683778618987765,1.0870558172628189,1.4217198523711672,-0.5774086911080636,4
0.1058459617570308,0.0,1.0,0.0,0.0,0.3240954706393308,0.2202528561873677,0.0,0.0,-0.4032993549057151,3
-0.1271701173486408,0.0,0.0,0.0,0.0,-0.8887775812178348,-1.022273554629209,0.0,0.0,-0.5464724909101193,0
0.9841661143091192,4.330656905792317,1.0,0.0,0.0,0.6668534195789264,1.0112311364854392,1.1004116097571763,1.4255561880983532,-0.4231085342388068,8
-1.6353731218647292,0.0,0.0,0.0,0.0,-0.996390045348853,-0.8610819189340483,0.0,0.0,-0.425353042738094,0
1.144517151328433,0.0,0.0,0.0,0.0,0.524926479431415,0.5406638713926494,1.076850654943709,1.3685309911523162,-0.4501521227366035,4
-0.0709554626582122,0.0,0.0,0.0,0.0,-0.561834308011075,-0.8610819189340483,1.0500670318320269,1.218213644014002,-0.4780937531064588,4
-0.376413991443666,0.0,0.0,0.0,0.0,-0.4276680827230703,-0.3428838574068739,0.0,0.0,-0.5261504521712524,0
-0.3722821497441221,0.0,0.7106121022478595,0.0,0.0,0.0351641364792647,0.1683778618987765,0.0,0.0,-0.3994798215287302,3
0.5854595017996918,0.0,0.0,0.0,0.0,-0.2682987425518662,-0.7296649225245023,0.0,0.0,-0.5125735402821805,0
-0.362182867022508,0.0,1.149512058475987,0.0,0.0,0.7044600878553691,0.3187811813373079,1.0368224148220306,1.3025175370208548,-0.4282412504328284,1
0.6651924384931078,0.0,0.0,0.0,0.0,0.0847303866057077,0.3187811813373079,1.0816155233031712,1.4217198523711672,-0.5122432061274698,4
0.1943275218242312,0.0,0.0,0.0,0.0,0.170804737467912,0.878778350041491,1.0912918838869377,1.427761196424576,-0.491508494398803,4
0.8965654300137604,0.0,1.0,0.0,0.0,0.4806757461037102,0.6989246298564699,0.0,0.0,-0.3757118702743329,3
-0.1428944610706385,0.0,0.0,0.0,0.0,-0.7816755490237152,-0.516595772466355,0.0,0.0,-0.4546829557453127,0
-0.532787264695928,0.0,0.0,0.0,0.0,-0.0525663455428343,-0.1256132043464057,1.086259696891041,1.3837532157583627,-0.4436913065490997,4
0.0104492995214625,0.0,0.0,0.0,0.0,-0.7077869673735322,-1.022273554629209,0.0,0.0,-0.4147860590010072,0
0.2483967089052084,0.0,1.0,0.0,0.0,0.2963898096123875,-0.0612410630353533,0.0,0.0,-0.4653899943804739,3
-0.4939808369386265,0.0,1.0,0.0,0.0,0.2602538751879061,0.0,0.0,0.0,-0.4385325697953805,3
-0.3688582197852597,0.0,0.7106121022478595,0.0,0.0,0.0320832778604707,-0.2657509156119179,0.0,0.0,-0.4637652418883851,3
0.1112187381799343,0.0,1.149512058475987,0.0,0.0,0.7458490369830338,0.5816230273987638,0.0,0.0,-0.5066333658368959,3
-0.1296747816390767,0.0,1.0,0.0,0.0,0.2548710157250959,0.2703350774754977,0.0,0.0,-0.5023508911374117,3
-0.9569330398843636,0.0,0.0,0.0,0.0,-0.3637194252167166,-0.7296649225245023,0.0,0.0,-0.4353128021307978,0
-0.5691348538087664,0.0,0.0,0.0,0.0,-0.5988379990205733,-0.4260189459579204,1.0441638598214986,1.3837532157583627,-0.455006848516901,4
-1.3838055854930214,0.0,0.0,0.0,0.0,-1.3513954655373794,-1.2436386091883012,0.0,0.0,-0.6307012756411315,13
0.1455890936800823,0.0,1.0,0.0,0.0,0.8131917890896943,0.1683778618987765,1.022831460331992,1.0,-0.6111025058930079,1
-0.2331835968449701,0.0,0.7106121022478595,0.0,0.0,0.4744107923951643,-0.3428838574068739,0.0,0.0,-0.4859388030599451,3
-0.2995583902841843,4.330657259765598,0.0,0.0,0.0,-1.3513954655373794,-1.2436386091883012,0.0,0.0,-0.463440397890089,9
-0.2293500973539136,0.0,0.0,0.0,0.0,-0.3102749942598771,0.0,0.0,0.0,-0.4745051027991931,0
-0.2246666466774732,4.330657298765792,0.0,0.0,0.0,-0.7077869673735322,-1.022273554629209,0.0,0.0,-0.4346692568539307,9
-0.9214257649436084,0.0,0.0,0.0,0.0,-1.3513954655373794,-1.2436386091883012,0.0,0.0,-1.0588969521975504,13
0.3130798411399052,0.0,0.0,0.0,0.0,-0.4666110923155345,-0.7296649225245023,1.0629354125627657,1.3025175370208548,-0.41862441643695,4
-0.0771573995135985,0.0,0.0,0.0,0.0,0.0234695740438943,0.2703350774754977,0.0,0.0,-0.4504755272565134,0
-0.3514950208675934,0.0,0.0,0.0,0.0,-0.0619412414153022,-0.7296649225245023,0.0,0.0,-0.41862441643695,0
0.6359029448664026,0.0,1.2380816024689916,0.0,0.0,1.0036824067422307,0.0584867836105745,0.0,0.0,-0.4349910125117889,3
-0.7731614078375855,0.0,0.0,0.0,0.0,-0.8753198122448439,-1.022273554629209,0.971894253179146,1.0,-0.5374592090423053,4
0.061416776277384,0.0,1.0,0.0,0.0,0.4074447969196945,0.0584867836105745,0.0,0.0,-0.4797264071524212,3
-0.5615275724165151,0.0,0.0,0.0,0.0,-1.3513954655373794,-1.2436386091883012,0.0,0.0,-0.4170245223710018,12
-0.0851189230644288,0.0,0.0,0.0,0.0,-1.3513954655373794,-1.2436386091883012,0.0,0.0,-0.4592206462375294,13
-0.0788653545252365,0.0,0.7106121022478595,0.0,0.0,-0.0501289914422336,0.0,0.0,0.0,-0.4141467948814918,3
-0.0768516787506052,0.0,1.0,0.0,0.0,0.6655094194897158,0.3187811813373079,1.0853368178860443,1.4013322872298857,-0.4366003005462081,1
-0.3046445817683733,0.0,0.0,0.0,0.0,-0.7639698418247773,-0.7296649225245023,0.0,0.0,-0.4637652418883851,0
0.1546866947629095,0.0,0.0,0.0,0.0,-0.1785608587248869,-0.1256132043464057,1.088603998902452,1.41081075138084,-0.4491821175886111,4
0.8072573155044157,0.0,1.149512058475987,0.0,0.0,0.9102180205062178,0.6216146055503267,1.022831460331992,1.3025175370208548,-0.4275991915703439,1
1.4183689978546998,0.0,1.2380816024689916,0.0,0.0,1.4579980587780932,0.878778350041491,1.0306204699037194,1.218213644014002,-0.490524832520315,1
0.5541003659440809,0.0,0.0,0.0,0.0,-0.470774875525567,-0.516595772466355,0.0,0.0,-0.4462739738712278,0
-0.3221117227334971,0.0,0.0,0.0,0.0,-0.6040153332501841,-0.7296649225245023,0.0,0.0,-0.4099947828316525,0
-0.3458128118156718,0.0,0.0,0.0,0.0,-0.5109376799694366,-0.7296649225245023,0.0,0.0,-0.5211757313415162,0
-1.009699533067966,0.0,0.0,0.0,0.0,-0.3766299742847432,-0.2657509156119179,0.0,0.0,-0.4722236901384383,0
-0.6239926275849166,0.0,0.0,0.0,0.0,-1.3513954655373794,-1.2436386091883012,0.0,0.0,-0.541461497441999,13
-0.0996629486795781,0.0,0.0,0.0,0.0,-0.2567390261568691,0.3657267131137707,0.0,0.0,-0.3408551265165232,0
-0.5246392232452989,0.0,0.0,0.0,0.0,-0.4843009455098512,-0.7296649225245023,0.0,0.0,-1.2213451175845893,0
-0.1612100387686164,0.0,0.0,0.0,0.0,-1.3513954655373794,-1.2436386091883012,0.0,0.0,-0.4977461156910492,13
0.4823564543448582,0.0,1.149512058475987,0.0,2.740863092043355e-16,0.7145170255243963,0.3187811813373079,0.0,0.0,-0.4741790786428311,3
0.5116732252215394,0.0,1.149512058475987,0.0,0.0,0.7573246697470485,0.4986718890691056,0.0,0.0,-0.4826674768622504,3
0.4812302907277183,0.0,1.2380816024689916,0.0,0.0,0.9277739990540788,0.0584867836105745,0.0,0.0,-0.5165405433643132,3
-0.7608293580447071,0.0,1.2380816024689916,0.0,0.0,0.904751645334422,0.0584867836105745,0.0,0.0,-0.4449823644048549,3
-0.6078300859646363,0.0,0.0,0.0,0.0,-1.3513954655373794,-1.2436386091883012,0.0,0.0,-0.4414332793843905,12
-0.5141560174522525,0.0,0.0,0.0,0.0,0.2938653716499056,-0.2657509156119179,0.0,0.0,-0.8524208605747835,0
-0.8932559337284656,0.0,0.0,0.0,0.0,-1.3513954655373794,-1.2436386091883012,0.0,0.0,-0.6152161893307948,13
0.1758417623834693,0.0,1.0,0.0,0.0,0.1539969063591761,0.1145274825220776,0.0,0.0,-0.6300110568048373,3
0.5572965936477033,0.0,1.149512058475987,0.0,0.0,0.5719217292852159,0.2202528561873677,0.0,0.0,-0.4540352751456192,3
-0.4048614686822195,0.0,0.0,3.816391647148976e-17,0.0,-0.0253615813918411,-0.1256132043464057,0.0,0.0,-0.4705951882898526,5
-0.7511879783004806,0.0,1.0,0.0,0.0,0.1622232732168634,-0.0612410630353533,0.0,0.0,-0.4327394351752789,3
0.213494348961173,0.0,0.0,0.0,0.0,-0.3551702429432575,-0.4260189459579204,1.074749449374229,1.3837532157583627,-0.4846298330226334,4
0.7541007441416893,0.0,0.0,0.0,0.0,0.5452904925404037,-0.1256132043464057,1.042388436415818,1.3025175370208548,-0.463440397890089,4
-0.5042892676357033,0.0,0.0,0.0,0.0,-0.8382216140887526,-0.8610819189340483,0.0,0.0,-0.4725494982617265,0
0.183580394711764,0.0,0.7106121022478595,0.0,0.0,0.2388760855469066,0.3657267131137707,1.0924703937134743,1.4165481093681518,-0.4699440386380931,1
-0.169430365821619,0.0,0.0,0.0,0.0,-0.2249267526918387,0.1145274825220776,0.0,0.0,-0.4676661421039441,0
0.5856754774674738,0.0,0.0,0.0,0.0,-0.2613210019676533,-0.6167169445693365,0.9750538018491568,1.218213644014002,-0.8135648527443196,4
-0.278768685291602,0.0,0.0,0.0,0.0,-1.3513954655373794,-1.2436386091883012,0.0,0.0,-0.4427233745051538,13
-0.0424269949116383,0.0,0.0,0.0,0.0,-0.4879956411652101,-0.6167169445693365,0.0,0.0,-0.4637652418883851,0
1.0666156566277556,0.0,0.0,0.0,0.0,0.4277164390996391,0.6216146055503267,1.097330245375416,1.4165481093681518,-0.5099319377462151,4
0.2700831084884846,0.0,0.0,0.0,0.0,-1.3513954655373794,-1.2436386091883012,0.0,0.0,-0.4872483605767534,13
-0.5129409620777319,0.0,0.0,0.0,0.0,-1.3513954655373794,-1.2436386091883012,0.0,0.0,-0.6438512626847309,13
-0.2510895864429108,0.0,1.149512058475987,0.0,0.0,0.8988540203330234,0.3187811813373079,0.9565747954222968,1.0,-0.4974174843398006,1
-0.5837125071781057,0.0,0.0,0.0,0.0,-0.2994061265462212,0.0,1.0484031602938677,1.344436979171577,-0.4928205622174187,4
-0.0729049168865217,0.0,0.0,0.0,0.0,-0.4666110923155345,-0.7296649225245023,1.0629354125627657,1.3025175370208548,-0.6015291374102292,4
-0.6015914882808044,0.0,1.0,0.0,0.0,0.2368920952826406,0.1145274825220776,0.0,0.0,-0.4592206462375294,3
0.3491443444985923,0.0,0.7106121022478595,0.0,0.0,0.2227912801724251,1.0112311364854392,1.071083660422793,1.344436979171577,-0.4446595482694622,1
-0.1911607635971249,0.0,1.0,0.0,0.0,0.4517010027273088,0.4555743605292723,0.0,0.0,-0.5794386005791436,3
0.0790916143110461,0.0,0.0,0.0,0.0,-0.5498980223231736,-0.7296649225245023,0.0,0.0,-0.558536175575068,0
1.042048527724464,0.0,0.0,0.0,0.0,-0.0912703243518949,-0.7296649225245023,0.0,0.0,-0.4482124247006641,0
-0.0906392974714763,0.0,0.0,0.0,0.0,-1.3513954655373794,-1.2436386091883012,0.0,0.0,-0.499718690010255,13
0.0027199669625486,0.0,0.0,0.0,0.0,-0.627156881157498,-0.7296649225245023,0.0,0.0,-0.505974107350987,0
-0.776911271398443,0.0,0.0,0.0,0.0,-1.3513954655373794,-1.2436386091883012,0.0,0.0,-0.73253230774508,13
-0.0321535830028251,0.0,0.0,0.0,0.0,-0.4313613087349649,-0.3428838574068739,0.0,0.0,-0.5003765147607786,0
-0.769664335655849,0.0,0.0,0.0,0.0,-0.0940096203638715,0.1683778618987765,0.0,0.0,-0.4938050027370385,0
-0.068549791783112,0.0,0.0,0.0,0.0,-0.1684494671980538,-0.3428838574068739,0.0,0.0,-0.595733770749745,0
-0.2889332528047553,0.0,0.0,0.0,0.0,-0.1461037463806638,-0.0612410630353533,1.090672960199326,1.4140046247801077,-0.668257308433778,4
-0.3195889404256256,4.33065677805932,0.0,0.0,0.0,-0.1520855510364739,-0.2657509156119179,1.0419259054467114,1.3025175370208548,-0.610075103667846,6
-0.8468347361018062,0.0,0.0,0.0,0.0,-0.8673452578999283,-1.022273554629209,0.9750538018491568,1.0,-0.5274785290976778,4
0.2863488502254882,0.0,1.149512058475987,0.0,0.0,0.6710009355878833,0.6989246298564699,1.0723842613166006,1.41081075138084,-0.5125735402821805,1
-0.4684062420176099,0.0,0.0,0.0,0.0,-0.8712932471451291,-0.8610819189340483,0.0,0.0,-0.4702695955471817,0
-0.3210196460268299,0.0,0.0,0.0,0.0,-1.3513954655373794,-1.2436386091883012,0.0,0.0,-0.4745051027991931,13
-0.8315567335424711,0.0,0.0,0.0,0.0,0.1082738806226218,-0.516595772466355,0.0,0.0,-0.6032360953889659,0
-0.4806493669386593,0.0,0.0,0.0,0.0,-0.6891797603680089,-0.7296649225245023,1.0269662977944063,1.3025175370208548,-0.4964318145288638,4
-0.0268295256983159,0.0,0.7106121022478595,0.0,0.0,0.0692852102212656,0.1145274825220776,0.0,0.0,-0.5709907440421342,3
0.1743216511702443,0.0,0.0,3.816391647148976e-17,0.0,0.2038904973189047,0.1145274825220776,0.0,0.0,-0.487903360016837,5
-0.7648208016706575,0.0,0.0,0.0,0.0,-0.948561167964092,-0.8610819189340483,0.0,0.0,-0.5016926151672987,0
-1.2237134085408483,0.0,0.0,0.0,0.0,-0.2094565443302952,-0.2657509156119179,0.0,0.0,-0.5069630519768975,0
-1.1197539615367964,0.0,1.0,0.0,0.0,0.5679057493926846,0.2202528561873677,0.0,0.0,-0.455006848516901,3
-0.0299469103619438,0.0,0.0,0.0,0.0,-0.2135937823759645,0.1683778618987765,0.0,0.0,-0.5251548056068795,0
0.4369612280493024,0.0,0.0,0.0,0.0,-0.3113270371713548,-0.4260189459579204,1.0462299458179467,1.344436979171577,-0.5195194362492451,4
-0.574792037735925,0.0,0.0,0.0,0.0,-0.3321368725700185,-1.022273554629209,0.0,0.0,-0.4961033326081352,0
0.1025003430693771,0.0,0.7106121022478595,0.0,0.0,0.4542583487585416,0.0,0.0,0.0,-0.7916330692517101,3
0.16079846394032,0.0,1.149512058475987,0.0,0.0,0.6263758641096957,0.2703350774754977,1.022831460331992,1.218213644014002,-0.5461381421956414,1
0.5134649144320907,0.0,0.0,0.0,0.0,-0.2567390261568691,0.3657267131137707,0.0,0.0,-0.528142802872897,0
0.6651479603291678,0.0,1.0,0.0,0.0,0.2402148864549785,0.2703350774754977,1.022831460331992,1.0,-0.5046560449979639,1
-0.3275296180891196,0.0,0.0,0.0,0.0,-0.7615470556773098,-0.7296649225245023,0.0,0.0,-0.6303561428413912,0
0.2645934280608856,0.0,0.0,3.816391647148976e-17,0.0,0.2840972164362075,0.0584867836105745,0.0,0.0,-0.6574192708242363,5
-0.3209059884131819,0.0,0.0,0.0,0.0,0.2707453655122144,-0.516595772466355,1.022831460331992,1.0,-0.6059695472765554,4
-0.0273105818774112,0.0,0.0,0.0,0.0,-1.3513954655373794,-1.2436386091883012,0.0,0.0,-0.5155482736182845,13
-1.060742626879302,0.0,0.0,0.0,0.0,-0.8940698301366793,-0.3428838574068739,0.0,0.0,-0.5274785290976778,0
-0.625693690618064,4.330657246679007,0.0,0.0,0.0,-0.4097900255070059,-0.2657509156119179,0.0,0.0,-0.5148869529056589,9
-0.2383883309332901,0.0,0.0,0.0,0.0,-0.7136482940176814,-0.7296649225245023,0.988153482273682,1.0,-0.6028946147557832,4
0.6459386274516791,0.0,1.0,0.0,0.0,0.3331072798758122,0.1145274825220776,0.0,0.0,-0.5889319607364596,3
0.0237790659011376,0.0,0.7106121022478595,0.0,0.0,-0.088910233419775,-0.4260189459579204,0.0,0.0,-0.6255291806582755,3
-0.0619471113864119,0.0,0.0,0.0,0.0,-0.112540506569283,0.3187811813373079,0.0,0.0,-0.5181950974468357,0
0.6655354795297194,0.0,0.7106121022478595,0.0,0.0,-0.0720420689177432,-0.3428838574068739,0.0,0.0,-0.620367517031881,3
0.5392320841512184,0.0,1.0,0.0,0.0,0.3388154586226351,0.1683778618987765,0.0,0.0,-0.5899511185025053,3
-0.1634376152402003,0.0,1.149512058475987,0.0,0.0,0.860097139644728,0.1145274825220776,0.0,0.0,-0.5981185511060995,3
-0.7411299931255897,0.0,0.0,0.0,0.0,-1.3513954655373794,-1.2436386091883012,0.0,0.0,-1.2743181723303865,14
-0.0660251922681167,0.0,0.0,0.0,0.0,-0.2754070170247765,-0.7296649225245023,1.0269662977944063,1.218213644014002,-0.661958452229461,4
0.8263531734724526,0.0,1.149512058475987,0.0,0.0,0.5344843599173248,0.1145274825220776,1.022831460331992,1.0,-0.5377925132294309,1
-1.569132808799371,0.0,1.0,0.0,0.0,0.5540658071571651,0.4112898545757565,0.0,0.0,-0.7300134522298851,3
0.1716774206442226,0.0,1.2380816024689916,0.0,0.0,1.0830355394052058,0.5816230273987638,1.0681963516467785,1.344436979171577,-0.5364595356575815,1
-0.7284463312573769,0.0,0.0,0.0,0.0,-0.6635769177752666,-0.8610819189340483,0.0,0.0,-0.5397931769982084,0
0.0461043872739246,4.330657294044385,0.0,0.0,0.0,-0.3483363505343899,-0.516595772466355,1.0753836285263447,1.3685309911523162,-0.7364961322359752,6
0.4489089885720332,0.0,0.0,0.0,0.0,-0.0291408751980455,-0.6167169445693365,0.0,0.0,-0.5437988325810933,0
0.137967334618695,0.0,0.0,0.0,0.0,0.4354992782490154,-0.0612410630353533,1.0279585440795893,1.218213644014002,-0.971955305421319,4
-0.1482548377911075,0.0,0.0,0.0,0.0,-0.2000458903884235,0.0,0.0,0.0,-0.7063983720942975,0
-0.096780356544168,0.0,0.0,0.0,0.0,-0.1612951655800804,-0.4260189459579204,0.0,0.0,-0.5595438835354225,0
-0.0154509959969913,0.0,0.7106121022478595,0.0,0.0,0.1165478697186088,0.1145274825220776,0.0,0.0,-0.7949639027044096,3
0.3344515022585212,0.0,0.0,0.0,0.0,-1.3513954655373794,-1.2436386091883012,0.0,0.0,-0.5225014663047421,13
-1.3972728562648418,0.0,0.0,0.0,0.0,-0.6119648368425131,-0.6167169445693365,0.8663642547672894,1.0,-0.5023508911374117,4
-0.514308060205573,0.0,0.0,0.0,0.0,-1.3513954655373794,-1.2436386091883012,0.0,0.0,-0.7571480502944193,13
0.324022551651491,0.0,0.0,0.0,0.0,0.1940267418625806,0.0,1.0642277759208396,1.4013322872298857,-0.620367517031881,4
0.1857416911247111,0.0,0.0,0.0,0.0,-0.5109376799694366,-0.7296649225245023,0.0,0.0,-0.538792665272784,0
-2.114779214181927,0.0,0.0,0.0,0.0,-1.3513954655373794,-1.2436386091883012,0.0,0.0,-0.6623079658899107,13
-0.1536735376076651,0.0,0.0,0.0,0.0,-1.3513954655373794,-1.2436386091883012,0.0,0.0,-0.73253230774508,13
-0.5572535416126518,0.0,0.0,0.0,0.0,0.0901114753173319,-0.516595772466355,0.0,0.0,-0.616245632525514,0
1.385048500255166,0.0,0.0,0.0,0.0,0.5335934498433884,1.6192923042113898,1.1076211266836429,1.432254662172603,-0.5605519637690325,4
0.1611033770191317,0.0,1.0,0.0,0.0,0.4756530191515978,0.3657267131137707,1.0546270911177729,1.3685309911523162,-0.6584660348499087,1
-0.6188094959297767,0.0,1.0,0.0,0.0,0.4349421793008748,0.0,0.0,0.0,-0.7088916814901078,3
-0.7833078934339132,0.0,0.0,0.0,0.0,-0.9813131246092198,-0.7296649225245023,0.0,0.0,-0.577070522212709,0
-0.367615243165611,0.0,0.0,0.0,0.0,-0.4276680827230703,-0.3428838574068739,0.0,0.0,-0.5437988325810933,0
-0.5183962023909385,0.0,0.0,0.0,0.0,-0.9770406156448388,-1.022273554629209,0.0,0.0,-0.649408705015818,0
-1.430318080359749,0.0,0.0,0.0,0.0,-0.3529170451253439,-0.4260189459579204,1.022831460331992,1.0,-0.6063114300156313,4
0.022430002741467,0.0,0.0,0.0,0.0,-0.5932503704488702,-0.8610819189340483,0.0,0.0,-0.8131912086833364,0
-0.386455358703139,0.0,0.0,0.0,0.0,-0.9108696839149778,-1.022273554629209,0.9565747954222968,1.0,-0.577070522212709,4
0.5856545789755953,0.0,0.0,0.0,0.0,-0.7077869673735322,-1.022273554629209,1.022831460331992,1.0,-0.6320822750517409,4
0.3528914316427144,0.0,0.7106121022478595,0.0,0.0,0.0932873750176285,0.0584867836105745,0.0,0.0,-0.5913106054319521,3
-0.3946944822423164,0.0,0.0,0.0,0.0,-1.3513954655373794,-1.2436386091883012,0.0,0.0,-0.5981185511060995,13
1.2425833764178371,0.0,0.0,0.0,0.0,-0.1146499662893353,0.3187811813373079,0.0,0.0,-0.6018704400215551,0
-0.3329909202845421,0.0,0.0,0.0,0.0,-0.6718344272042854,-0.8610819189340483,0.0,0.0,-0.6131585312276644,0
0.115124165779316,0.0,1.149512058475987,0.0,0.0,0.9182028371231856,1.7832167899648053,1.0819011464798831,1.4013322872298857,-0.6148731326752682,1
-0.874632185615809,0.0,1.0,0.0,0.0,0.2091077017517215,0.1683778618987765,0.0,0.0,-0.6816084573201878,3
0.22908285256276,0.0,1.0,0.0,0.0,0.3714428059969564,0.3187811813373079,0.0,0.0,-0.6630071419484612,3
0.7246106069876853,0.0,0.0,0.0,0.0,-0.1638823286617628,-0.3428838574068739,1.0629354125627657,1.3685309911523162,-0.6351922707106975,4
0.1046987387879338,0.0,0.0,0.0,0.0,-1.3513954655373794,-1.2436386091883012,0.0,0.0,-0.7339729011992687,13
-0.4605469104813239,0.0,0.0,0.0,0.0,-1.3513954655373794,-1.2436386091883012,0.0,0.0,-0.5933511460976026,13
-0.1786911979784425,0.0,0.7106121022478595,0.0,0.0,0.4915529477774849,0.7730013276593265,1.0730034399359627,1.4165481093681518,-0.5655979711224149,1
0.7139652024395416,0.0,0.0,0.0,0.0,0.1789706408512331,-0.516595772466355,1.0512388950722915,1.218213644014002,-0.5818087750802393,4
0.248050488142104,0.0,0.0,0.0,0.0,-0.1785608587248869,-0.6167169445693365,1.0368224148220306,1.218213644014002,-0.6327730560907814,4
-0.8309457054783325,0.0,0.0,0.0,0.0,-0.2393732851141637,-0.0612410630353533,0.0,0.0,-0.6052859161275981,0
-0.5534603494590403,0.0,0.0,0.0,0.0,-0.2609524174659086,-0.2657509156119179,0.0,0.0,-0.6121303148340747,0
1.063729557464288,0.0,0.0,0.0,0.0,0.2051591067648231,0.8089350854960184,1.0791768467992444,1.4217198523711672,-0.73253230774508,4
0.8480227003996502,0.0,1.2380816024689916,0.0,0.0,0.9684138018282372,1.3362843900460843,1.05207527942744,1.0,-0.5582003555405379,1
0.2032089732374682,0.0,0.0,0.0,0.0,-0.3551702429432575,-0.4260189459579204,1.0368224148220306,1.3025175370208548,-0.6996440932297507,4
-0.2880010172579392,0.0,1.0,0.0,0.0,0.4539263096050128,0.1145274825220776,0.0,0.0,-0.7017749369292444,3
-1.3656764101410346,0.0,0.0,0.0,0.0,-0.7039543056257523,-1.022273554629209,0.0,0.0,-0.6080215164305963,0
-0.6431508919124003,0.0,0.0,0.0,0.0,-0.7077869673735322,-1.022273554629209,0.0,0.0,-0.6131585312276644,0
-0.6267455988104428,0.0,0.0,0.0,0.0,-0.2367694546294544,0.4555743605292723,0.0,0.0,-0.7975581658137517,0
-0.4047585137000591,0.0,0.0,0.0,0.0,-0.0837509338161852,-0.0612410630353533,0.0,0.0,-0.636921695717405,0
-0.8750712906452572,0.0,0.0,0.0,0.0,-0.6718344272042854,-0.516595772466355,0.0,0.0,-0.6424638236427109,0
0.0712752475127488,0.0,0.7106121022478595,0.0,0.0,0.0802486400590067,0.1145274825220776,0.0,0.0,-0.6117876666176416,3
-0.7660508096249589,0.0,1.0,0.0,0.0,0.1409395861428103,0.1683778618987765,0.0,0.0,-0.5797770684039963,3
-0.2745488773773121,4.33065726789921,0.0,0.0,0.0,-1.3513954655373794,-1.2436386091883012,0.0,0.0,-0.7513318056844007,9
0.2817754586915064,0.0,0.0,0.0,0.0,-1.3513954655373794,-1.2436386091883012,0.0,0.0,-0.6563729489013232,13
0.3897779067791238,0.0,0.7106121022478595,0.0,0.0,0.858761359015016,0.1145274825220776,0.0,0.0,-0.629321024905587,3
0.7006733382743167,0.0,0.0,0.0,0.0,-0.392809711163643,-1.022273554629209,0.0,0.0,-0.7383001551571332,0
0.3833900080705907,0.0,0.0,0.0,0.0,-0.126015185882093,0.0584867836105745,0.0,0.0,-0.5659347050217755,0
-0.4710186635392162,0.0,0.0,0.0,0.0,-1.3513954655373794,-1.2436386091883012,0.0,0.0,-0.5407940489974234,13
0.1064503977690444,0.0,0.0,0.0,0.0,-1.3513954655373794,-1.2436386091883012,0.0,0.0,-0.5649246286588714,13
0.5722445431891422,0.0,1.149512058475987,0.0,0.0,0.660299421827376,0.4986718890691056,1.022831460331992,1.0,-0.5541737276407269,1
-0.5278612156345471,4.33065723967277,0.0,0.0,0.0,-0.7077869673735322,-1.022273554629209,0.0,0.0,-0.6501042540253061,9
-0.7342139973375645,0.0,0.0,0.0,0.0,-0.7077869673735322,-1.022273554629209,1.022831460331992,1.0,-0.6809039313956694,4
-0.2455858201868059,0.0,0.0,0.0,0.0,-0.4666110923155345,-0.7296649225245023,1.0629354125627657,1.3025175370208548,-0.5659347050217755,4
0.6372884451352303,0.0,0.0,0.0,0.0,0.3519454065054764,0.5816230273987638,1.0995076769667729,1.427761196424576,-0.5605519637690325,4
0.2718469132887574,0.0,0.0,0.0,0.0,-0.2706533879479112,-0.1256132043464057,1.071083660422793,1.4013322872298857,-0.7274973631692635,4
0.306455732504634,0.0,0.0,0.0,0.0,0.3588866106202961,-0.1256132043464057,0.0,0.0,-0.6511479411175073,0
0.2756669725829054,0.0,0.0,0.0,0.0,-1.3513954655373794,-1.2436386091883012,0.0,0.0,-0.7960753412086523,13
-0.5446643267326774,0.0,0.0,0.0,0.0,-0.6173932036806756,-0.7296649225245023,0.0,0.0,-0.6148731326752682,0
-0.2798597907458007,0.0,0.0,0.0,0.0,-0.3766299742847432,-0.1256132043464057,0.0,0.0,-0.6331185170456471,0
-0.3074692839696545,0.0,0.0,0.0,0.0,-0.6891797603680089,-0.7296649225245023,1.0269662977944063,1.3025175370208548,-0.7106742407020701,4
0.7710768849060339,0.0,0.0,0.0,0.0,-0.8008686164877915,-0.7296649225245023,0.9750538018491568,1.218213644014002,-0.7535111195241682,4
-0.3474415730134261,4.330655928545408,1.0,0.0,0.0,0.5929840475222378,-0.193584983678676,0.0,0.0,-1.0148194515061204,9
0.5079028098439753,0.0,0.0,0.0,0.0,-0.3648180781714587,-0.6167169445693365,1.0738381757558118,1.344436979171577,-0.6868989733223242,4
-0.6236674198434493,0.0,0.0,0.0,0.0,-1.0525103976331662,-0.8610819189340483,0.0,0.0,-0.7567840895382599,0
0.92362632171479,0.0,1.2380816024689916,0.0,0.0,1.0152066668725246,0.1683778618987765,0.0,0.0,-0.6717636776518183,3
-1.1519136421844272,0.0,0.7106121022478595,0.0,0.0,0.2394546193339903,0.2703350774754977,0.0,0.0,-0.7060424009119526,3
-0.4158921075492338,4.3306572815722255,0.0,0.0,0.0,-0.392809711163643,-0.193584983678676,0.0,0.0,-0.6570704477695268,9
0.0914124095862817,0.0,0.0,0.0,0.0,-1.3513954655373794,-1.2436386091883012,0.0,0.0,-0.5994822540430594,13
0.7861416920663518,0.0,0.0,0.0,0.0,-0.2219170426968008,-0.516595772466355,1.0515961795290998,1.3025175370208548,-0.6651058623435971,4
0.7850716330789981,0.0,1.0,0.0,0.0,0.4897373669027928,0.4986718890691056,1.0468972346458243,1.218213644014002,-0.553167994589812,1
0.8152908773569133,0.0,0.0,0.0,0.0,-1.3513954655373794,-1.2436386091883012,0.0,0.0,-0.7274973631692635,13
-0.9985868426811804,0.0,0.0,0.0,0.0,-1.3513954655373794,-1.2436386091883012,0.0,0.0,-0.5723406201737621,13
0.2328145772626305,0.0,0.0,0.0,0.0,-1.3513954655373794,-1.2436386091883012,0.0,0.0,-0.5444670049463217,13
0.4324527475238132,0.0,0.0,0.0,0.0,0.3176541888944232,0.0584867836105745,0.988153482273682,1.0,-0.652540203884813,4
-0.5408815069944531,0.0,0.0,0.0,0.0,-1.3513954655373794,-1.2436386091883012,0.0,0.0,-0.5828252079311476,13
0.456119432960622,0.0,1.149512058475987,0.0,0.0,0.6650657376290918,0.4986718890691056,1.0306204699037194,1.218213644014002,-0.6376137967467777,1
-0.3926441308316507,0.0,0.0,0.0,0.0,-0.3463579279866599,0.0,0.0,0.0,-0.7039077035055938,0
0.6042466183407933,0.0,0.0,0.0,0.0,-0.1607224436443123,-0.516595772466355,1.0703160881412606,1.344436979171577,-0.5404603849306667,4
0.2837143228619864,0.0,1.0,0.0,0.0,0.4822813104573263,0.1145274825220776,0.0,0.0,-0.8064770531053163,3
0.7625552979388631,0.0,0.0,0.0,0.0,-0.4666110923155345,-0.8610819189340483,1.022831460331992,1.0,-0.6539332455904436,4
-0.1829103965229987,0.0,0.0,0.0,0.0,-0.2346128228402997,-0.7296649225245023,1.049929575826221,1.218213644014002,-0.6469758066312217,4
-0.4363829810474664,0.0,0.0,0.0,0.0,-0.0774749500632214,0.1683778618987765,1.022831460331992,1.0,-0.6640562783629701,4
0.069625641168601,0.0,1.2380816024689916,0.0,0.0,0.969362038341938,0.3187811813373079,0.0,0.0,-0.5981185511060995,3
-0.5607097008609752,0.0,0.0,0.0,0.0,-0.0659308511544924,0.1683778618987765,0.0,0.0,-0.616245632525514,0
-0.5876231235929403,0.0,0.0,0.0,0.0,-0.8604260800000854,-0.7296649225245023,0.930195915634508,1.0,-0.7383001551571332,4
-0.5140040104822722,0.0,1.149512058475987,0.0,0.0,0.6782764374772565,0.1145274825220776,0.0,0.0,-0.6138442355507425,3
1.419574072655618,0.0,1.2380816024689916,0.0,0.0,1.0540062128870862,0.6989246298564699,0.9565747954222968,1.3025175370208548,-0.6372677225577791,1
0.2786109413878949,0.0,0.0,0.0,0.0,-0.1393904873206797,-0.4260189459579204,1.0546270911177729,1.3025175370208548,-0.6943253448978567,4
-0.2510279657848707,0.0,0.0,0.0,0.0,-1.3513954655373794,-1.2436386091883012,0.0,0.0,-0.6816084573201878,13
0.4140662775037512,0.0,1.0,0.0,0.0,0.4840997285186644,0.1683778618987765,0.0,0.0,-0.6052859161275981,3
-0.7153940298274419,0.0,0.0,0.0,0.0,-0.5516362430260852,-0.193584983678676,1.0515961795290998,1.4067157636187435,-0.6393448789587981,4
-0.0848098456638166,0.0,0.0,0.0,0.0,-0.2056016386297439,-0.6167169445693365,0.988153482273682,1.0,-0.7982999675913283,4
0.5497376213626174,0.0,1.0,0.0,0.0,0.7300431052431282,-0.0612410630353533,1.022831460331992,1.0,-0.661958452229461,1
1.1821247462445434,0.0,0.0,0.0,0.0,0.0277729951224399,0.878778350041491,1.0394896384476304,1.3025175370208548,-0.6183057509322877,4
-0.4544153051604698,0.0,0.0,0.0,0.0,-0.3352738503085139,0.1683778618987765,0.0,0.0,-0.58961135572481,0
-0.6617655984705264,0.0,0.0,0.0,0.0,-1.3513954655373794,-1.2436386091883012,0.0,0.0,-0.6424638236427109,13
0.0501006856675902,4.330655285737183,1.0,0.0,0.0,0.4610860656816474,0.4986718890691056,0.0,0.0,-0.6462811269804933,9
0.6937821938017085,0.0,1.0,0.0,0.0,0.4616600545184326,0.2703350774754977,1.049929575826221,1.218213644014002,-0.6549785392477081,1
-0.4993076997191611,0.0,0.0,0.0,0.0,-0.3463579279866599,0.0,0.0,0.0,-0.6424638236427109,0
-0.2958230882261602,0.0,0.0,0.0,0.0,-1.3513954655373794,-1.2436386091883012,0.0,0.0,-0.5652612790093401,13
0.8287450058721447,0.0,1.2380816024689916,0.0,0.0,0.9537401241917014,0.6989246298564699,0.0,0.0,-0.5720030878038126,3
-0.7797509112883186,0.0,0.0,0.0,0.0,-0.5627380187757388,-0.2657509156119179,0.0,0.0,-0.6152161893307948,0
-0.6398053991536563,0.0,1.0,0.0,0.0,0.4250626669374849,0.2202528561873677,0.0,0.0,-0.6714128142532843,3
-0.1165236563761178,4.330657300352582,0.0,0.0,0.0,-0.6718344272042854,-0.7296649225245023,1.022831460331992,1.218213644014002,-0.73902216585695,6
0.1517847161491241,0.0,0.0,0.0,0.0,-0.4465608616397132,-0.4260189459579204,0.0,0.0,-0.7210400265651304,0
-0.4980608495542862,0.0,0.0,0.0,0.0,-1.3513954655373794,-1.2436386091883012,0.0,0.0,-0.7429973440126683,13
0.0647615397063119,0.0,0.7106121022478595,0.0,0.0,0.4756330036602823,-0.0612410630353533,1.0125842817931043,1.0,-0.6985793899893845,1
0.1087378891034953,4.330657294320342,1.0,0.0,0.0,0.2283526895255457,0.0584867836105745,0.0,0.0,-0.7210400265651304,9
-0.1797482887648902,0.0,1.0,0.0,0.0,0.1424848424346549,-0.4260189459579204,0.0,0.0,-0.6784397055824452,3
0.4413130327224414,0.0,0.0,0.0,2.740863092043355e-16,1.1706614550669112,-0.3428838574068739,0.0,0.0,-1.0110642996282169,0
0.0289978062491122,0.0,0.0,0.0,0.0,-0.392809711163643,-1.022273554629209,0.0,0.0,-0.9041497315979282,0
-0.5034214532342683,0.0,0.0,0.0,0.0,-0.0919991058758607,-0.7296649225245023,0.0,0.0,-0.6968059458015037,0
-0.0530326144955396,0.0,0.7106121022478595,0.0,0.0,0.4881711939311909,0.3187811813373079,0.0,0.0,-0.7375783740703652,3
0.0519556958743672,0.0,0.0,0.0,0.0,-0.9369838393770168,-1.022273554629209,0.0,0.0,-0.6964514158200728,0
-0.0216032206275851,0.0,1.0,0.0,0.0,0.3323126862105064,0.0,0.0,0.0,-0.7178181112756498,3
-0.4269758184607026,0.0,0.0,0.0,0.0,-0.9108696839149778,-0.7296649225245023,0.0,0.0,-0.6816084573201878,0
-0.1021904834187606,4.330657187817903,0.0,0.0,0.0,-0.6053246853614266,-0.7296649225245023,1.038187229015736,1.218213644014002,-0.7931127962159195,6
0.676316744991866,0.0,1.2380816024689916,0.0,0.0,1.0621290179164102,1.417011751987217,0.0,0.0,-0.7466172256593461,3
-0.9286765366361552,0.0,0.0,0.0,0.0,-0.4182527754378836,-0.516595772466355,0.0,0.0,-0.7067543971704809,0
-0.0449023701548454,0.0,0.0,0.0,0.0,-1.3513954655373794,-1.2436386091883012,0.0,0.0,-0.7231904641125156,13
0.0387635935788291,0.0,0.0,0.0,0.0,0.050627925436217,0.1683778618987765,0.945562562253352,1.0,-0.7224734292257843,4
-1.9863872419669648,0.0,0.0,0.0,0.0,-1.3513954655373794,-1.2436386091883012,0.0,0.0,-1.3196175658816596,14
0.0071834471671443,0.0,0.0,0.0,0.0,-0.1656886033748901,0.1145274825220776,0.0,0.0,-0.7003541612984664,0
-0.2338846799494546,0.0,1.149512058475987,0.0,0.0,0.6216318807031037,0.878778350041491,1.0703997564388674,1.3837532157583627,-0.876181229231801,1
0.2486903533522205,0.0,1.0,0.0,0.0,0.4218489935501869,0.2703350774754977,0.0,0.0,-0.9973713874827216,3
-0.4628751604561001,0.0,0.7106121022478595,0.0,0.0,-0.1093641273759218,-0.0612410630353533,0.0,0.0,-0.7853556369206238,3
-0.7691598741431809,0.0,0.0,0.0,0.0,-1.3513954655373794,-1.2436386091883012,0.0,0.0,-0.7060424009119526,13
-0.4555814724174313,0.0,1.149512058475987,0.0,0.0,0.6965239609977222,0.1683778618987765,0.0,0.0,-0.8214269990973178,3
0.2611946450091849,0.0,0.7106121022478595,0.0,0.0,0.0947462095735065,0.1145274825220776,0.0,0.0,-0.6996440932297507,3
-0.3353781231035789,0.0,0.0,0.0,0.0,-0.828262722629982,-0.7296649225245023,0.0,0.0,-0.679495495164171,0
-0.4424026767373248,0.0,0.0,3.816391647148976e-17,0.0,-0.0090369946163754,0.0584867836105745,0.0,0.0,-0.6689581802672446,5
-0.3354013409370585,0.0,0.0,0.0,0.0,-0.3798059899413203,-0.1256132043464057,0.0,0.0,-0.6651058623435971,0
0.3314882173814321,0.0,0.0,0.0,0.0,-0.3753676423915803,-0.6167169445693365,0.0,0.0,-0.7081790371602533,0
0.3482187552969257,0.0,1.0,0.0,0.0,0.4318686475355858,0.6606974057623132,1.0858957758966792,1.4013322872298857,-0.7531477527978035,1
0.2283731152250389,0.0,0.0,0.0,0.0,-0.0591134727487236,-0.6167169445693365,0.8663642547672894,1.0,-0.7404668774329695,4
-0.4002697160385161,0.0,0.0,0.0,0.0,-0.4097900255070059,-0.2657509156119179,0.0,0.0,-0.827813673434698,0
-0.5568309601985131,0.0,0.0,0.0,0.0,0.3165469227299783,-0.516595772466355,0.0,0.0,-0.7857243890778556,0
0.232258083814337,0.0,0.0,0.0,0.0,0.8513243633693007,1.390425738756177,0.0,0.0,-0.775423084363775,0
-0.3682730039983489,0.0,0.0,3.816391647148976e-17,0.0,0.1444280322974194,0.0584867836105745,0.9565747954222968,1.0,-0.7433590706999494,5
-0.3016546430608698,0.0,0.0,0.0,0.0,-1.3513954655373794,-1.2436386091883012,0.0,0.0,-0.92026687730643,13
-1.0793568573556738,0.0,0.7106121022478595,0.0,0.0,0.1806087264200341,0.1683778618987765,0.0,0.0,-0.8161822473369209,3
-1.7630606091534862,0.0,0.0,0.0,0.0,-1.3513954655373794,-1.2436386091883012,0.0,0.0,-0.7982999675913283,13
-0.6405472872840358,0.0,0.0,0.0,0.0,-1.3513954655373794,-1.2436386091883012,0.0,0.0,-0.7213982939396042,13
-1.4867738653927582,0.0,0.0,0.0,0.0,-1.3513954655373794,-1.2436386091883012,0.0,0.0,-0.7706569118595218,13
-0.5016296564874233,0.0,0.0,0.0,0.0,-1.3513954655373794,-1.2436386091883012,0.0,0.0,-0.7666320979709399,13
-1.146670093366372,0.0,0.0,0.0,0.0,-1.3513954655373794,-1.2436386091883012,0.0,0.0,-0.918688165578416,13
-0.1380638800212322,0.0,1.0,0.0,0.0,0.2774199745578279,0.0584867836105745,0.0,0.0,-0.8255572771323018,3
-0.1359137696087894,0.0,0.0,0.0,0.0,-0.3084934004875502,0.0,0.0,0.0,-0.888948511876598,0
-0.3556446432031447,0.0,0.0,0.0,0.0,-0.1937894977859246,-0.7296649225245023,1.022831460331992,1.0,-0.768460642679599,4
-0.729689898524006,0.0,0.0,0.0,0.0,-1.3513954655373794,-1.2436386091883012,0.0,0.0,-0.7986709660308214,13
-0.7559220260266267,0.0,0.0,0.0,0.0,-0.2056016386297439,0.1145274825220776,0.0,0.0,-0.7957047970362544,0
-0.698239377432489,0.0,0.0,0.0,0.0,-0.7739208145133659,-0.7296649225245023,0.0,0.0,-0.7735887076559358,0
-0.6734757645636272,0.0,0.0,0.0,0.0,-0.4666110923155345,-0.7296649225245023,1.0629354125627657,1.3025175370208548,-0.6693086914457396,4
-0.0465675485924702,0.0,1.0,0.0,0.0,0.7455737451608009,-0.0612410630353533,0.0,0.0,-0.8087127055889618,3
-0.2493867562620981,0.0,0.0,0.0,0.0,-0.1810344396598664,0.1683778618987765,0.0,0.0,-0.8881722827105686,0
0.2991370516654021,0.0,1.0,0.0,0.0,0.3069100448201959,0.2703350774754977,0.0,0.0,-0.9143538003738132,3
-0.3968783006145739,0.0,0.0,0.0,0.0,-0.9674664273370568,-1.022273554629209,0.0,0.0,-0.7596974482226445,0
-1.5395040163714098,0.0,0.0,0.0,0.0,-0.5351057093112938,-0.2657509156119179,0.0,0.0,-0.730732842335168,0
-0.0400364065301838,0.0,0.7106121022478595,0.0,0.0,0.1074072306889664,0.0,0.0,0.0,-1.0709928393228147,3
-0.4336354604675166,0.0,0.0,0.0,0.0,-0.1242416593170906,0.0584867836105745,0.0,0.0,-0.7920029046780914,0
0.2813730320057817,0.0,0.0,0.0,0.0,-0.3321368725700185,-0.4260189459579204,1.0125842817931043,1.344436979171577,-0.7274973631692635,4
-0.4893114977458133,0.0,0.0,0.0,0.0,-0.1392546002083886,-0.0612410630353533,0.0,0.0,-1.0473281394335243,0
0.18291943534079,4.330657175548331,0.0,0.0,0.0,-0.3798059899413203,-0.516595772466355,1.0723842613166006,1.3685309911523162,-0.8573789640117909,6
-0.3054441039439116,0.0,0.0,0.0,0.0,0.031667884249648,-0.7296649225245023,0.0,0.0,-0.8016413016625702,0
-0.0089825421156724,0.0,1.0,0.0,0.0,0.5048367974645538,0.2202528561873677,0.0,0.0,-1.177090785345407,3
0.2391968287976531,0.0,0.0,0.0,0.0,-0.2157197018925783,-0.0612410630353533,1.0778175216248964,1.4067157636187435,-0.8210519310106279,4
-1.1898801994390436,0.0,0.0,0.0,0.0,-1.3513954655373794,-1.2436386091883012,0.0,0.0,-0.8038718038973185,13
-0.3236390068477374,0.0,1.149512058475987,0.0,0.0,0.5280922576613719,-0.193584983678676,0.0,0.0,-0.7292942879568528,3
0.5319476680304221,4.330657233311414,1.2380816024689916,0.0,0.0,0.930260901280418,0.1145274825220776,0.0,0.0,-0.8835215978149752,9
-0.7376838287514026,0.0,0.0,0.0,0.0,-0.2532027245941166,0.4986718890691056,0.0,0.0,-0.9687041394092804,0
0.1439364953114805,0.0,0.0,0.0,0.0,-0.1067141179301324,0.4986718890691056,1.057319856752445,1.41081075138084,-0.7571480502944193,4
-1.0845326465165508,0.0,0.0,0.0,0.0,-0.3492711855151557,0.0,0.0,0.0,-0.9234284587554888,0
-0.3739269265173058,0.0,0.0,0.0,0.0,-0.1976882881811628,-0.2657509156119179,1.0180943570563885,1.3837532157583627,-0.8562336776497117,4
-1.0910531660378364,0.0,0.0,0.0,0.0,-0.7739208145133659,-0.7296649225245023,0.0,0.0,-0.755692564708498,0
-0.0913117868324627,0.0,0.0,0.0,0.0,-0.2389381006452756,-0.516595772466355,1.0481458543966122,1.344436979171577,-0.8955594481979133,4
-0.039776361839881,0.0,0.0,0.0,0.0,-0.2522111631274852,-0.2657509156119179,1.0665838155427505,1.3685309911523162,-0.741189578979962,4
-0.8229092043511412,0.0,0.0,0.0,0.0,-0.1636661086875199,-0.0612410630353533,0.0,0.0,-0.8124441220969737,0
-0.2313640609131093,0.0,0.0,0.0,0.0,0.312467838726902,-0.7296649225245023,0.0,0.0,-0.8038718038973185,0
-0.092592876981287,0.0,0.0,0.0,0.0,-0.1748414523446156,0.0584867836105745,0.0,0.0,-0.7206818146523207,0
-0.4119780356312274,0.0,0.0,0.0,0.0,-0.1930142607076333,0.6606974057623132,0.0,0.0,-0.8312029572820456,0
-0.3993755675885203,0.0,0.0,0.0,0.0,-0.0770049399544641,0.2202528561873677,0.0,0.0,-0.772122317519161,0
-0.6338652096436124,0.0,0.0,0.0,0.0,-0.9013567642394932,-0.7296649225245023,0.0,0.0,-0.7651703574048326,0
0.6031483771883634,0.0,1.2380816024689916,0.0,0.0,1.073270813765537,0.0584867836105745,0.0,0.0,-0.7586044902406855,3
-0.3842053784893918,0.0,0.0,0.0,0.0,-1.3513954655373794,-1.2436386091883012,0.0,0.0,-0.7264198827290791,13
-0.1197079524720302,0.0,0.0,0.0,0.0,0.2873078467878546,-0.4260189459579204,0.0,0.0,-0.8425417331097484,0
-0.4018309569277392,0.0,0.0,0.0,0.0,-0.7077869673735322,-1.022273554629209,1.022831460331992,1.0,-0.9920092818481724,4
0.0988476619733476,0.0,0.0,0.0,0.0,-0.3052666337569913,-0.2657509156119179,0.0,0.0,-0.752784445231247,0
-0.2498787131912342,0.0,0.0,0.0,0.0,-0.3463579279866599,0.0,0.0,0.0,-0.7487919540100195,0
1.230186782505733,4.330656972915491,1.149512058475987,0.0,0.0,0.7158612113656541,0.7363445937263972,1.0639070610274646,1.4140046247801077,-1.081006588347033,8
-0.4370311197644986,0.0,0.0,0.0,0.0,-0.2346128228402997,0.4112898545757565,0.0,0.0,-0.8615840789489477,0
0.5441976580365514,0.0,0.0,0.0,0.0,0.5360992585101879,-0.2657509156119179,0.0,0.0,-0.7945935524419127,0
-0.2346466521892169,4.33065724766347,0.0,0.0,0.0,0.0219162250230465,-0.516595772466355,0.0,0.0,-0.7860932045563452,9
0.8102776364697415,0.0,0.0,0.0,0.0,0.2707453655122144,-0.4260189459579204,0.0,0.0,-0.8612014221507159,0
0.2974917083695383,0.0,0.0,0.0,0.0,-0.5015572677006328,-0.193584983678676,1.058558970906916,1.4067157636187435,-0.7824078932860414,4
-0.4079833960782681,0.0,0.0,0.0,0.0,-0.1199374435334118,0.0584867836105745,1.049929575826221,1.218213644014002,-1.0048255898079337,4
-0.0969457130172268,0.0,1.149512058475987,0.0,0.0,0.7777648584011333,0.3657267131137707,1.049964009707982,1.0,-1.027402663845447,1
0.8737794791487304,0.0,1.149512058475987,0.0,0.0,0.7426434964506883,0.1683778618987765,0.9876996282570348,1.0,-1.0031660830304414,1
-0.5272403475206486,0.0,0.0,0.0,0.0,-0.4276680827230703,-0.3428838574068739,0.0,0.0,-0.9453178626507522,0
0.0271690876601013,0.0,0.0,0.0,0.0,-0.4836020646326284,-0.4260189459579204,0.998116281742044,1.344436979171577,-1.0657963528625705,4
-1.2039500600737216,0.0,0.0,0.0,0.0,-0.3492711855151557,-0.6167169445693365,1.0394896384476304,1.218213644014002,-0.9990248714265966,4
0.7737776991710832,0.0,1.2380816024689916,0.0,0.0,1.171155753799792,1.2238098830387245,1.0982267605759477,1.427306700443864,-0.8236788466806289,1
-0.0146966340446024,0.0,0.0,0.0,0.0,-0.4159751736156634,-0.6167169445693365,0.0,0.0,-0.8248056981643451,0
0.3558693634032637,0.0,1.0,0.0,0.0,0.3062651316753754,0.1145274825220776,0.0,0.0,-0.8293193251310781,3
0.6982415804692186,4.330657284746768,0.0,0.0,0.0,0.1412342885386698,-0.193584983678676,1.0394896384476304,1.218213644014002,-0.8334656246630625,6
-0.6334981166438308,0.0,0.0,0.0,0.0,-0.02630344071302,0.2703350774754977,0.0,0.0,-0.8395118127003536,0
-0.9976310056840756,0.0,0.0,0.0,0.0,-0.4436184380343208,-0.0612410630353533,0.0,0.0,-0.9131734952880426,0
-0.8710222645338338,0.0,0.0,0.0,0.0,-0.4666110923155345,-0.516595772466355,0.0,0.0,-0.878110168229034,0
-0.0656765616310623,0.0,0.7106121022478595,0.0,0.0,0.0832825143898154,0.0,0.0,0.0,-0.8221773406224122,3
-1.0946287446700695,0.0,0.0,0.0,0.0,-1.3513954655373794,-1.2436386091883012,0.0,0.0,-1.038392551924765,13
0.3769607728343943,0.0,1.0,0.0,0.0,0.7299760203466867,0.5816230273987638,1.083688281380742,1.0,-0.9541509155119238,1
-0.2107815142225064,0.0,0.0,0.0,0.0,-0.148388911360651,-0.193584983678676,0.0,0.0,-0.9214518191433174,0
-0.9901104404039436,0.0,0.0,0.0,0.0,-1.3513954655373794,-1.2436386091883012,0.0,0.0,-1.1155226561102878,14
0.2905879018125386,0.0,0.7106121022478595,0.0,0.0,0.0666334797861062,-0.2657509156119179,0.0,0.0,-0.9108151771795304,3
-0.5945168906935137,0.0,0.0,0.0,0.0,-0.4879956411652101,-0.6167169445693365,0.0,0.0,-1.20091764012693,0
-1.0750159435437696,0.0,0.0,0.0,0.0,-0.7497933515674177,-0.6167169445693365,1.0125842817931043,1.344436979171577,-1.005655994924164,4
0.416191120282722,0.0,1.149512058475987,0.0,0.0,0.8647527569709649,1.1652729620405098,0.0,0.0,-0.9210567518776778,3
0.0330996633236767,0.0,1.0,0.0,0.0,0.2206195091567424,0.1683778618987765,0.0,0.0,-0.9029759803800372,3
-0.0558409692071545,0.0,0.0,0.0,0.0,0.3802513319715687,-0.3428838574068739,0.0,0.0,-0.8885603573093381,0
0.3117148086126751,0.0,1.149512058475987,0.0,0.0,0.8104766142612506,0.4112898545757565,1.074185055291269,1.3025175370208548,-1.096827175045453,1
-0.3065338422101751,0.0,0.0,0.0,0.0,-1.3513954655373794,-1.2436386091883012,0.0,0.0,-1.0354258624932549,13
-1.2754427879587555,0.0,0.0,0.0,0.0,-1.3513954655373794,-1.2436386091883012,0.0,0.0,-0.8846831975347407,13
-1.2278016206089657,0.0,0.0,0.0,0.0,0.4741901279680103,-0.0612410630353533,1.077340525634657,1.394034397226019,-0.9776601451812502,4
-0.2144756751301363,0.0,0.0,0.0,0.0,-0.4321049061265122,-0.2657509156119179,0.0,0.0,-0.9850239826002531,0
-0.3314425625339324,0.0,0.0,0.0,0.0,-1.3513954655373794,-1.2436386091883012,0.0,0.0,-1.0473281394335243,13
-0.7022059779822953,0.0,0.0,0.0,0.0,-1.3513954655373794,-1.2436386091883012,0.0,0.0,-1.1827630552371098,14
-1.51323078831032,0.0,0.0,0.0,0.0,-1.3513954655373794,-1.2436386091883012,0.0,0.0,-0.8425417331097484,13
-1.3776387309817488,0.0,0.0,0.0,0.0,-1.3513954655373794,-1.2436386091883012,0.0,0.0,-0.8823607090998937,13
0.2458437116303003,0.0,1.0,0.0,0.0,0.3287874495193832,0.2202528561873677,0.9565747954222968,1.0,-0.8924455140370645,1
-0.4596235114723043,0.0,0.0,0.0,0.0,-0.3766299742847432,-0.1256132043464057,0.0,0.0,-0.8589070524399458,0
-0.7402993670922271,0.0,0.0,0.0,0.0,-1.3513954655373794,-1.2436386091883012,0.0,0.0,-0.985434054706395,13
-0.2828208651557778,0.0,0.0,0.0,0.0,-0.6257406946473614,-0.4260189459579204,0.0,0.0,-0.9119939549761767,0
-1.631126308095987,0.0,0.0,0.0,0.0,-0.7077869673735322,-1.022273554629209,0.0,0.0,-0.9797023546397978,0
-0.5658964032264725,0.0,0.0,0.0,0.0,-0.2156377242131833,-0.3428838574068739,0.998116281742044,1.344436979171577,-1.0766439910813714,4
-0.7181252774858333,0.0,1.149512058475987,0.0,0.0,0.5538369217867436,0.2703350774754977,0.9271671564532872,1.0,-0.9123870502449236,1
0.6905724066868947,0.0,0.0,0.0,0.0,0.4013225795620074,0.5406638713926494,1.1101273905018476,1.423927592080586,-1.0164913116881562,4
0.2852079540410103,0.0,0.0,0.0,0.0,-0.1553209125611607,-0.516595772466355,1.0630938089087498,1.0,-0.8951699225350412,4
-1.1968670763718936,0.0,0.0,0.0,0.0,-0.392809711163643,-0.193584983678676,0.0,0.0,-0.8901134561433554,0
-0.9806358364376327,0.0,0.0,0.0,0.0,-1.3513954655373794,-1.2436386091883012,0.0,0.0,-1.0098145796245372,13
-0.1644177776555398,0.0,0.0,0.0,0.0,-0.7077869673735322,-1.022273554629209,0.0,0.0,-1.0950602411786898,0
-1.015094551376264,0.0,0.0,0.0,0.0,-0.8008686164877915,-0.7296649225245023,0.998116281742044,1.3025175370208548,-0.9850239826002531,4
-0.3276443845482292,0.0,0.0,0.0,0.0,-0.8218712255566567,-0.7296649225245023,0.0,0.0,-0.9577775553350684,0
-0.808283995649111,0.0,0.0,0.0,0.0,-0.1638823286617628,0.0,1.0804390304517482,1.4067157636187435,-1.0202595896491014,4
-0.432319621655003,0.0,0.0,0.0,0.0,0.3239652932717525,-0.4260189459579204,0.0,0.0,-0.940518727737636,0
-0.735729593804478,0.0,0.0,0.0,0.0,-0.5627380187757388,-1.022273554629209,0.0,0.0,-0.9682981869119814,0
-0.1908779132482461,0.0,0.0,0.0,0.0,0.0091534002095195,-0.8610819189340483,0.0,0.0,-1.0244573729886433,0
-0.7179147446049506,0.0,0.0,0.0,0.0,-0.4496869818219774,-0.6167169445693365,0.0,0.0,-0.8684847904417037,0
0.0179862346482996,0.0,0.0,0.0,0.0,-0.3321368725700185,-1.022273554629209,0.0,0.0,-1.4798725309201834,0
-0.1182928677217867,0.0,0.0,0.0,0.0,-0.7739208145133659,-0.7296649225245023,0.0,0.0,-0.9776601451812502,0
-0.0703812061434468,0.0,0.0,0.0,0.0,0.1430722599506345,-0.7296649225245023,1.0269662977944063,1.218213644014002,-0.8046158308063556,4
-1.3198178489556822,0.0,0.0,0.0,0.0,-1.3513954655373794,-1.2436386091883012,0.0,0.0,-1.5042505301472056,14
-0.1961765223942757,4.330656905792317,0.0,0.0,0.0,-0.5306032272246237,-0.3428838574068739,1.033883362385476,1.3837532157583627,-0.8315798933064091,6
0.5129111122385551,0.0,0.0,0.0,0.0,0.1398698329785938,0.2703350774754977,1.0819903531651198,1.394034397226019,-0.819927136770315,4
-0.4508463841653009,0.0,0.0,0.0,0.0,-1.3513954655373794,-1.2436386091883012,0.0,0.0,-0.9108151771795304,13
-0.0799954459224633,0.0,0.7106121022478595,0.0,0.0,0.0908870060597026,0.3187811813373079,0.0,0.0,-0.9393210009954572,3
0.2721625585708589,0.0,0.7106121022478595,0.0,0.0,0.1902954713136555,-0.516595772466355,0.0,0.0,-0.9833847206906482,3
0.2119359431443418,0.0,0.0,0.0,0.0,0.1224723531172452,-0.6167169445693365,0.0,0.0,-1.0511742520399237,0
-0.7161911243091684,4.330656793008039,1.149512058475987,0.0,0.0,0.945887857460066,0.6216146055503267,1.0817213124709235,1.4067157636187435,-1.0447696257031165,8
-0.4541102220058253,0.0,0.0,0.0,0.0,-0.2341829247923932,0.0584867836105745,0.0,0.0,-0.9353344695553492,0
-0.073144963369441,0.0,0.0,3.816391647148976e-17,0.0,0.2095911226645893,0.0584867836105745,0.988153482273682,1.218213644014002,-1.2487278523817609,5
0.2978072453841752,0.0,1.149512058475987,0.0,0.0,0.5818002441163433,0.2202528561873677,0.0,0.0,-0.9281813099386046,3
0.5887489665411489,4.330657300082957,0.0,0.0,0.0,-0.2389381006452756,-0.7296649225245023,1.0481458543966122,1.218213644014002,-0.8827475931270686,6
1.0428620073644803,4.330657287183581,1.149512058475987,0.0,0.0,0.9123000274900528,0.6989246298564699,0.9271671564532872,1.0,-1.243190162589466,8
-1.3213382899595318,0.0,0.0,0.0,0.0,-1.3513954655373794,-1.2436386091883012,0.0,0.0,-0.8723291640635547,13
-0.1573868831591215,0.0,0.0,0.0,0.0,-1.3513954655373794,-1.2436386091883012,0.0,0.0,-0.8707904955560152,13
0.662379498947557,0.0,0.0,0.0,0.0,-1.3513954655373794,-1.2436386091883012,0.0,0.0,-0.9772520058112636,13
0.2157933810158472,0.0,1.0,0.0,0.0,0.4538017469601421,0.3657267131137707,0.8663642547672894,1.0,-1.1132830530389446,1
-0.309746400327701,0.0,0.0,0.0,0.0,-1.3513954655373794,-1.2436386091883012,0.0,0.0,-0.9593918709535012,13
0.1249552092753988,0.0,1.0,0.0,0.0,0.2692220525797005,0.0584867836105745,0.0,0.0,-1.0498910963348422,3
0.8691765120616286,0.0,1.2380816024689916,0.0,0.0,0.9786652205158224,0.0584867836105745,0.0,0.0,-0.946119005990852,3
-1.7769195520119143,0.0,0.0,0.0,0.0,-0.0619412414153022,-1.022273554629209,0.0,0.0,-0.926595621473326,0
-0.5385403792291915,0.0,0.0,0.0,0.0,-1.3513954655373794,-1.2436386091883012,0.0,0.0,-0.9473214148643224,13
-0.1372590199896489,0.0,0.0,0.0,0.0,-0.4086775197037461,-0.2657509156119179,0.0,0.0,-1.101698237020944,0
0.9943016518107954,0.0,1.2380816024689916,0.0,0.0,1.1176901422484435,0.1683778618987765,0.0,0.0,-0.9309596667006024,3
-0.6759469351282004,0.0,0.0,0.0,0.0,-0.6891797603680089,-0.6167169445693365,1.0269662977944063,1.344436979171577,-1.393472909777899,4
-0.6243541681555007,0.0,0.0,0.0,0.0,-0.7077869673735322,-1.022273554629209,0.0,0.0,-1.2267620421725427,0
-0.6629189638666422,0.0,0.0,0.0,0.0,-1.3513954655373794,-1.2436386091883012,0.0,0.0,-1.391642198910496,14
-0.8532502287385625,0.0,0.0,0.0,0.0,-0.7790614466577835,-0.7296649225245023,0.0,0.0,-0.8474751638009098,0
-0.3770310244862021,0.0,0.0,0.0,0.0,-1.3513954655373794,-1.2436386091883012,0.0,0.0,-1.1331265714091605,13
-0.3907764459019576,0.0,1.0,0.0,0.0,0.3655259828175352,0.946135927825118,0.9715659534528156,1.0,-0.8342204088952142,1
-0.8441736759635459,0.0,0.0,0.0,0.0,-0.1789346767495076,-0.516595772466355,1.0365415012757428,1.218213644014002,-0.8312029572820456,4
-0.2949252503382286,0.0,0.0,0.0,0.0,0.0335572579149336,1.0742563978161943,0.0,0.0,-0.8608188402772021,0
-1.2754427879587555,0.0,0.0,0.0,0.0,-0.392809711163643,-0.193584983678676,0.0,0.0,-0.8608188402772021,0
-0.5655009894823979,0.0,0.0,0.0,0.0,-0.098922872999549,0.7363445937263972,0.0,0.0,-0.8700216213889737,0
-0.0391648537370497,0.0,0.0,0.0,0.0,-0.0323146863863293,0.7363445937263972,0.0,0.0,-0.8696372990830075,0
-1.7630606091534862,0.0,0.0,0.0,0.0,-0.7615470556773098,-0.7296649225245023,0.0,0.0,-0.8796547226570026,0
-1.1596021076988476,0.0,0.0,0.0,0.0,-0.4097900255070059,-0.2657509156119179,0.0,0.0,-0.8665654661452076,0
0.3554013380678614,0.0,1.0,0.0,0.0,0.487779014272273,0.3187811813373079,0.0,0.0,-0.8631154567323365,3
-1.6856657115787737,0.0,0.0,0.0,0.0,-0.6635769177752666,-0.516595772466355,0.0,0.0,-1.0039956195227964,0
0.2124520960184737,0.0,1.149512058475987,0.0,0.0,0.8096408845287006,0.878778350041491,1.022831460331992,1.218213644014002,-1.181342325654512,1
-0.7113408727523797,0.0,0.0,0.0,0.0,-0.1309811565305857,0.878778350041491,0.0,0.0,-0.8936126317771442,0
-0.906731639312136,0.0,0.0,0.0,0.0,-0.2802212051885875,0.2703350774754977,0.0,0.0,-1.0701254368015145,0
-0.5811075450367353,0.0,0.0,0.0,0.0,-0.0148730449452758,0.9127530921308108,0.0,0.0,-1.1827630552371098,0
-0.8488254256102213,0.0,0.0,0.0,0.0,-0.2567390261568691,0.3187811813373079,0.0,0.0,-0.8742542308057529,0
-0.8384236199630208,0.0,0.0,0.0,0.0,-0.2682987425518662,0.3187811813373079,0.0,0.0,-0.8669491789823149,0
-1.2611885097811688,0.0,0.0,0.0,0.0,-0.4666110923155345,-0.516595772466355,0.0,0.0,-0.8738690632057233,0
-0.7071904526223681,0.0,0.0,0.0,0.0,-0.1842046073722011,0.6606974057623132,0.0,0.0,-0.9061076463844712,0
-0.6566781193671264,0.0,0.0,0.0,0.0,-0.3184546644554274,0.1145274825220776,0.0,0.0,-0.8998496163607013,0
-0.7738540491190152,0.0,0.0,0.0,0.0,-0.2455176867890694,0.3657267131137707,0.0,0.0,-1.0910930435826602,0
-1.6856657115787737,0.0,0.0,0.0,0.0,-0.5109376799694366,-0.7296649225245023,0.0,0.0,-1.1766193698594636,0
-0.5329124662139207,0.0,0.0,0.0,0.0,-0.4276680827230703,-0.3428838574068739,0.0,0.0,-0.8638815969216089,0
-0.5452384690575801,0.0,0.0,0.0,0.0,-0.1748414523446156,0.6989246298564699,0.0,0.0,-0.8608188402772021,0
-1.4900211315901684,0.0,0.0,0.0,0.0,-0.5924968748311923,-0.3428838574068739,0.0,0.0,-0.8742542308057529,0
-0.8554222542910888,0.0,0.0,0.0,0.0,-0.1937894977859246,0.6216146055503267,0.0,0.0,-0.8619668107389816,0
-0.3557164120876954,0.0,0.0,0.0,0.0,-0.2455176867890694,0.3657267131137707,0.0,0.0,-0.8711750475564224,0
-0.4865666904029325,0.0,0.0,0.0,0.0,-0.0085330252632306,1.2524829530295192,0.0,0.0,-1.0185836683443843,0
-1.0459415234676053,0.0,0.0,0.0,0.0,-0.3052666337569913,-0.2657509156119179,0.0,0.0,-1.475486335462047,0
-1.1930175006204935,0.0,0.0,0.0,0.0,-0.6257406946473614,-0.4260189459579204,0.0,0.0,-0.8846831975347407,0
-0.8034076060969614,0.0,0.0,0.0,0.0,-0.2240046722531349,0.1683778618987765,0.0,0.0,-0.8696372990830075,0
0.0829828145362827,0.0,0.7106121022478595,0.0,0.0,0.2237013767003599,1.0742563978161943,0.0,0.0,-0.8638815969216089,3
-0.8449029530894837,0.0,0.0,0.0,0.0,-0.2567390261568691,0.3657267131137707,0.0,0.0,-0.8688688836787007,0
-0.8652173373413425,0.0,0.0,0.0,0.0,-0.5109376799694366,-0.7296649225245023,0.0,0.0,-0.8661818291818206,0
-0.6448677931177184,0.0,0.0,0.0,0.0,-0.4465608616397132,-0.4260189459579204,0.0,0.0,-0.8657982680236589,0
-1.115412438122149,0.0,0.0,0.0,0.0,-0.4097900255070059,-0.2657509156119179,0.0,0.0,-0.8657982680236589,0
-1.0946287446700695,0.0,0.0,0.0,0.0,-0.2925336452859802,-0.193584983678676,0.0,0.0,-0.8619668107389816,0
-0.2360725654149115,0.0,0.0,0.0,0.0,-0.2331530982493414,0.3187811813373079,1.0333846025882336,1.218213644014002,-0.8711750475564224,4
-0.9583297752204616,0.0,0.0,0.0,0.0,-0.3211502284975905,0.1145274825220776,0.0,0.0,-0.8750247978780469,0
-1.197858798560388,0.0,0.0,0.0,0.0,-0.3798059899413203,-0.1256132043464057,0.0,0.0,-0.8692530532027112,0
-0.9927411821752647,0.0,0.0,0.0,0.0,-0.1479724911364366,0.8089350854960184,0.0,0.0,-1.2238037976951237,0
-1.0553342270504442,0.0,0.0,0.0,0.0,-0.3611691579503857,-0.6167169445693365,0.0,0.0,-1.1607044795605943,0
-0.7249438089251607,0.0,0.0,0.0,0.0,-0.1937894977859246,0.1683778618987765,1.022831460331992,1.0,-0.9561647659588038,4
-0.7276329646363989,0.0,0.0,0.0,0.0,-0.3321368725700185,0.0584867836105745,0.0,0.0,-0.8738690632057233,0
-0.8132010623615391,0.0,0.0,0.0,0.0,-0.2455176867890694,0.3657267131137707,0.0,0.0,-0.8657982680236589,0
-1.1049192103648982,0.0,0.0,0.0,0.0,-0.4879956411652101,-0.0612410630353533,0.0,0.0,-0.8742542308057529,0
-1.1831795494150954,0.0,0.0,0.0,0.0,-0.4666110923155345,-0.516595772466355,0.0,0.0,-1.0198404390985416,0
-1.2181063819717053,0.0,0.0,0.0,0.0,-0.7615470556773098,-0.7296649225245023,0.0,0.0,-0.8634984891625576,0
-0.8580821140759464,0.0,0.0,0.0,0.0,-0.6257406946473614,-0.4260189459579204,0.0,0.0,-0.961816220582742,0
-0.6690680557008265,0.0,0.0,0.0,0.0,-0.2346128228402997,0.4555743605292723,0.0,0.0,-0.8727140233014444,0
-0.5555648934256802,0.0,0.0,0.0,0.0,-0.7077869673735322,-0.6167169445693365,0.0,0.0,-0.8738690632057233,0
-0.7937739570845158,0.0,0.0,0.0,0.0,-0.4147007671244653,-0.1256132043464057,0.0,0.0,-0.8738690632057233,0
-1.2611885097811688,0.0,0.0,0.0,0.0,-0.4276680827230703,-0.3428838574068739,0.0,0.0,-0.9601996031706044,0
-0.879812918479951,0.0,0.0,0.0,0.0,-0.0852444135090059,0.1145274825220776,0.0,0.0,-0.8627324995633241,0
-0.95909309983527,0.0,0.0,0.0,0.0,-0.1970619303544635,0.1683778618987765,0.9565747954222968,1.0,-1.2926751847337292,4
-0.5492398468654056,0.0,0.0,0.0,0.0,-0.4666110923155345,-0.516595772466355,0.0,0.0,-0.9238240479468448,0
-0.7282321813419739,0.0,0.0,0.0,0.0,-0.1585106382002809,0.7730013276593265,0.0,0.0,-1.079696375195209,0
0.2414539418543068,0.0,0.0,0.0,0.0,-0.3052666337569913,0.1683778618987765,0.0,0.0,-0.86426478007722,0
-1.4900211315901684,0.0,0.0,0.0,0.0,-0.6635769177752666,-0.516595772466355,0.0,0.0,-0.9321517227817812,0
-0.7271625675598004,0.0,0.0,0.0,0.0,-0.2240046722531349,0.4986718890691056,0.0,0.0,-0.8696372990830075,0
-0.959921209541318,0.0,0.0,0.0,0.0,-0.3052666337569913,0.0584867836105745,0.0,0.0,-1.1602396524099792,0
0.146629134805326,0.0,1.0,0.0,0.0,0.289862768480738,0.2703350774754977,0.0,0.0,-0.8738690632057233,3
0.0872673684032783,0.0,1.149512058475987,0.0,0.0,0.6493439967871572,0.5406638713926494,0.0,0.0,-0.9293715028314312,3
0.0758882487790538,0.0,1.0,0.0,0.0,0.3698374138203583,1.0429915279268975,0.0,0.0,-0.8963387436340096,3
-1.2373632796485297,0.0,0.0,0.0,0.0,-0.7615470556773098,-0.7296649225245023,0.0,0.0,-0.897118365069007,0
-1.0367082810644186,0.0,0.0,0.0,0.0,-0.3611691579503857,-0.0612410630353533,0.0,0.0,-0.8862331066159695,0
-0.7402556816399297,0.0,0.0,0.0,0.0,-0.0003462033111809,0.4986718890691056,0.0,0.0,-0.9662698943325552,0
-0.7218426679176828,0.0,0.0,0.0,0.0,-0.0837509338161852,0.946135927825118,0.0,0.0,-1.094618868265541,0
-1.620324549308703,0.0,0.0,0.0,0.0,-0.7077869673735322,-0.6167169445693365,0.0,0.0,-1.079696375195209,0
-1.0648925549912465,0.0,0.0,0.0,0.0,-0.3766299742847432,-0.1256132043464057,0.0,0.0,-1.0350025269463612,0
-0.6671665080133934,0.0,0.0,0.0,0.0,-0.2056016386297439,0.5816230273987638,0.0,0.0,-1.0039956195227964,0
-0.803553312959142,0.0,0.0,0.0,0.0,-0.2708423922045582,-0.1256132043464057,0.0,0.0,-1.1560643653660194,0
-1.3208309531856235,0.0,0.0,0.0,0.0,-0.3766299742847432,-0.1256132043464057,0.0,0.0,-0.9850239826002531,0
-0.7061572547122141,0.0,0.0,0.0,0.0,-0.203608555340011,0.5816230273987638,0.0,0.0,-1.0928548123969544,0
-0.9442062720266216,0.0,0.0,0.0,0.0,-0.1656886033748901,0.4555743605292723,0.0,0.0,-0.8754101974921583,0
-0.7271625675598004,0.0,0.0,0.0,0.0,-0.2240046722531349,0.4986718890691056,0.0,0.0,-0.8773383591897786,0
-1.5910251288849944,0.0,0.0,0.0,0.0,-0.5109376799694366,-0.7296649225245023,0.0,0.0,-0.8800410567578788,0
0.912842439277984,4.330655285737183,0.0,0.0,0.0,1.075155324647144,2.2201486980727028,1.1179623615030938,1.432254662172603,-0.8831345560076029,8
-1.1831795494150954,0.0,0.0,0.0,0.0,-0.3611691579503857,-0.0612410630353533,0.0,0.0,-1.1827630552371098,0
-1.4073256385805142,0.0,0.0,0.0,0.0,-0.4879956411652101,-0.6167169445693365,0.0,0.0,-1.0985964268324286,0
-1.1028451728163808,0.0,0.0,0.0,0.0,-0.4097900255070059,-0.2657509156119179,0.0,0.0,-0.9021938939160208,0
-0.244913619638263,0.0,0.0,0.0,0.0,0.1366096057801124,1.2238098830387245,0.0,0.0,-0.9025848957666806,0
-0.6938935329288652,0.0,0.0,0.0,0.0,-0.1309811565305857,0.6216146055503267,0.0,0.0,-0.8765668614998771,0
-1.3708470491530278,0.0,0.0,0.0,0.0,-0.4879956411652101,-0.6167169445693365,0.0,0.0,-0.8800410567578788,0
-1.1831795494150954,0.0,0.0,0.0,0.0,-0.3766299742847432,-0.1256132043464057,0.0,0.0,-0.9230329567706304,0
-1.9863872419669648,0.0,0.0,0.0,0.0,-0.9369838393770168,-1.022273554629209,0.0,0.0,-0.8901134561433554,0
-0.7495442798902774,0.0,0.0,0.0,0.0,-0.2455176867890694,0.4112898545757565,0.0,0.0,-0.885457993334725,0
-0.8234616546402884,0.0,0.0,0.0,0.0,-0.3611691579503857,-0.0612410630353533,0.0,0.0,-1.0473281394335243,0
-0.2682249180542467,0.0,1.149512058475987,0.0,0.0,1.1675411039557109,1.850284745015521,1.1088095198391843,1.4318560467418662,-0.9018029747481008,1
-0.4021385165883134,0.0,0.0,0.0,0.0,-0.2567390261568691,0.3657267131137707,0.0,0.0,-1.0640683920235632,0
-0.0862913558215365,0.0,0.0,0.0,0.0,-0.0968278866408437,-0.6167169445693365,1.0935896750114336,1.344436979171577,-1.301735968318051,4
-1.0326946612396335,0.0,0.0,0.0,0.0,-1.3513954655373794,-1.2436386091883012,0.0,0.0,-1.0206788539169516,13
-0.6518966985721268,0.0,0.0,0.0,0.0,-0.7497933515674177,-0.6167169445693365,1.0125842817931043,1.344436979171577,-1.0354258624932549,4
-0.946317872574602,0.0,0.0,0.0,0.0,-1.3513954655373794,-1.2436386091883012,0.0,0.0,-1.065364166896791,13
-0.788636248353026,0.0,0.0,0.0,0.0,-1.3513954655373794,-1.2436386091883012,0.0,0.0,-1.3689172974373145,14
0.353682935104055,0.0,1.0,0.0,0.0,0.4108281851854375,1.0429915279268975,0.0,0.0,-1.055459581884113,3
-0.7350362774104515,0.0,0.0,0.0,0.0,-1.3513954655373794,-1.2436386091883012,0.0,0.0,-1.513086543144165,14
-1.7556351660596632,0.0,0.0,0.0,0.0,-1.3513954655373794,-1.2436386091883012,0.0,0.0,-1.2837104764242904,14
-0.6823076636166417,4.330655285737183,0.0,0.0,0.0,-0.7278888609680588,-0.7296649225245023,1.006052142399291,1.218213644014002,-1.0580368452770763,6
-2.169987577281677,0.0,0.0,0.0,0.0,-0.0619412414153022,-1.022273554629209,0.0,0.0,-1.028666670826628,0
-0.5336641883130346,0.0,0.0,0.0,0.0,-0.3339260892869277,-0.4260189459579204,1.0766910778085783,1.3837532157583627,-1.0670936963126916,4
-0.2230466412922133,0.0,0.0,0.0,0.0,0.3165469227299783,-0.7296649225245023,0.0,0.0,-1.1141784326489,0
-0.3818136887604105,0.0,0.0,0.0,0.0,-0.533460665540139,-0.193584983678676,0.0,0.0,-1.084068571286949,0
-0.1616441419958399,0.0,0.7106121022478595,0.0,0.0,0.507576737212274,-0.193584983678676,1.022831460331992,1.0,-1.1556013450571678,1
-1.0605895357396813,0.0,0.0,0.0,0.0,-1.3513954655373794,-1.2436386091883012,0.0,0.0,-1.0845065510731375,14
-0.0891980022659663,0.0,0.0,3.816391647148976e-17,0.0,0.4882691989957577,0.3657267131137707,0.0,0.0,-1.178034200456347,5
-0.3560274986328756,0.0,1.0,0.0,0.0,0.2830882353145539,0.1145274825220776,0.0,0.0,-1.090652957148032,3
0.0135159064115715,0.0,0.7106121022478595,0.0,0.0,0.4450797876091701,-0.0612410630353533,0.0,0.0,-1.0888940282060746,3
-0.2002340151187887,0.0,0.0,0.0,0.0,-1.3513954655373794,-1.2436386091883012,0.0,0.0,-0.9797023546397978,13
0.2649222355442076,0.0,1.0,0.0,0.0,0.7010084281510605,-0.0612410630353533,0.0,0.0,-1.028666670826628,3
-0.7185465625320265,0.0,0.0,0.0,0.0,-0.7077869673735322,-1.022273554629209,1.022831460331992,1.0,-1.0409401096791475,4
0.818717358322879,0.0,1.149512058475987,0.0,0.0,0.7675321094411284,0.1683778618987765,1.049929575826221,1.218213644014002,-0.9760281907022452,1
-0.329207130069093,0.0,0.0,0.0,0.0,-0.4584416709535648,-0.6167169445693365,0.0,0.0,-1.0244573729886433,0
0.0437702223830815,0.0,1.0,0.0,0.0,0.314643571695625,0.878778350041491,0.0,0.0,-0.9797023546397978,3
0.7062628098925895,0.0,0.0,0.0,0.0,-0.2346128228402997,-0.7296649225245023,1.049929575826221,1.218213644014002,-1.1980311184020829,4
-0.2592302267409427,0.0,0.0,0.0,0.0,-0.9674664273370568,-0.8610819189340483,0.0,0.0,-0.9658645290429834,0
-0.7351228984109646,0.0,0.0,0.0,0.0,-1.3513954655373794,-1.2436386091883012,0.0,0.0,-1.3396076481746917,14
-0.1025570418678898,0.0,0.0,0.0,0.0,-0.7077869673735322,-1.022273554629209,1.022831460331992,1.0,-1.0223570509877034,4
-0.1557700137238859,0.0,1.0,0.0,0.0,0.6255430793335561,-0.2657509156119179,0.0,0.0,-1.1918030509095408,3
-0.8412138630148026,0.0,0.0,0.0,0.0,-1.3513954655373794,-1.2436386091883012,0.0,0.0,-1.1822892801341014,14
0.0802910301135505,4.330657260127807,1.0,0.0,0.0,0.3626900717529112,0.0,0.0,0.0,-1.0316201083435366,9
0.296504853784465,0.0,1.0,0.0,0.0,0.3259406999465187,0.1145274825220776,1.022831460331992,1.218213644014002,-1.189416986435308,1
-1.7630606091534862,0.0,0.0,0.0,0.0,-0.5627380187757388,-1.022273554629209,0.0,0.0,-1.4725904690334246,0
-1.5358845442689888,0.0,0.0,0.0,0.0,-1.3513954655373794,-1.2436386091883012,0.0,0.0,-1.5725470114935938,14
-0.3974126440896409,0.0,0.0,0.0,0.0,-0.5157368958180905,-0.7296649225245023,0.0,0.0,-1.1889403888446044,0
-1.2201758829771956,0.0,0.0,0.0,0.0,-0.9674664273370568,-1.022273554629209,0.0,0.0,-1.1794507890016117,0
-1.296469793563395,0.0,0.0,0.0,0.0,-0.5627380187757388,-1.022273554629209,0.0,0.0,-1.0888940282060746,0
0.204762623009167,4.33065729420011,0.0,0.0,0.0,-0.1364111211263651,-0.7296649225245023,1.05584959495228,1.0,-1.185609900055043,6
-1.3693040298500618,0.0,0.0,0.0,0.0,-0.7077869673735322,-1.022273554629209,0.0,0.0,-1.235689131850004,0
-1.2308629989693094,0.0,0.0,0.0,0.0,-1.3513954655373794,-1.2436386091883012,0.0,0.0,-1.3475307678356645,14
0.0338342376733284,0.0,0.0,0.0,0.0,0.0578468260023265,-0.6167169445693365,0.0,0.0,-1.1395061625819165,0
-0.1902183682781038,0.0,0.0,0.0,0.0,-0.0394848984210925,0.2202528561873677,0.9750538018491568,1.0,-1.15699094403175,4
-1.1749476338255411,0.0,0.0,0.0,0.0,-0.5627380187757388,-1.022273554629209,0.0,0.0,-1.405204002007595,0
-0.4419397629861653,0.0,0.0,0.0,0.0,-0.1152912671002749,-0.8610819189340483,0.0,0.0,-1.1354012550881798,0
-1.4679296121682552,0.0,0.0,0.0,0.0,-0.4276680827230703,-0.3428838574068739,0.0,0.0,-1.1132830530389446,0
-0.316194507236868,0.0,0.0,0.0,0.0,-1.0525103976331662,-1.022273554629209,0.8663642547672894,1.0,-1.1574545030245302,4
-1.3981644967845168,0.0,0.0,0.0,0.0,0.0159848275475287,-0.6167169445693365,1.022831460331992,1.0,-1.3736334216037274,4
0.0634040961346483,4.330657275201158,0.0,0.0,0.0,-0.9674664273370568,-1.022273554629209,0.9271671564532872,1.0,-1.1390493917199818,6
-1.2105212568553745,0.0,0.0,0.0,0.0,-1.3513954655373794,-1.2436386091883012,0.0,0.0,-1.3532450339419486,14
-1.1953830648703387,0.0,0.0,0.0,0.0,-0.2925336452859802,0.2202528561873677,0.0,0.0,-1.4058282146830023,0
0.3729278842118882,0.0,1.149512058475987,0.0,0.0,0.7182002404002983,0.7730013276593265,1.0534593034869937,1.4013322872298857,-1.121814193967145,1
-0.7884468151582803,0.0,0.0,0.0,0.0,-1.3513954655373794,-1.2436386091883012,0.0,0.0,-1.1048072645809972,14
-1.2518319635658288,0.0,0.0,0.0,0.0,-0.7077869673735322,-1.022273554629209,0.0,0.0,-1.252268538101432,0
-0.0229623996459518,4.330657283817243,0.0,0.0,0.0,-0.2802212051885875,-0.7296649225245023,0.988153482273682,1.0,-1.181342325654512,6
-1.1751375971386675,0.0,0.0,0.0,0.0,-1.3513954655373794,-1.2436386091883012,0.0,0.0,-1.189416986435308,14
-0.4547205299770329,0.0,0.0,0.0,0.0,0.1619759443076118,-0.6167169445693365,0.0,0.0,-1.080132975822194,0
-0.5061485043681533,0.0,0.0,0.0,0.0,0.3304113179517907,-0.4260189459579204,0.0,0.0,-1.263996784321218,0
-0.4303373837227134,0.0,0.0,0.0,0.0,0.3108170515164258,-0.6167169445693365,0.0,0.0,-1.3630698054566062,0
-0.975237214487226,0.0,0.0,0.0,0.0,-1.3513954655373794,-1.2436386091883012,0.0,0.0,-1.3783846886298632,14
-0.5228493225137726,0.0,0.0,0.0,0.0,-0.7077869673735322,-0.7296649225245023,1.0125842817931043,1.218213644014002,-1.20091764012693,4
-0.9818279402364148,0.0,0.0,0.0,0.0,-0.4949743764484695,-0.7296649225245023,1.0594117584119849,1.3025175370208548,-1.3689172974373145,4
-1.09798219816757,0.0,0.7106121022478595,0.0,0.0,0.117244019753349,0.1145274825220776,0.0,0.0,-1.0853829278909028,3
-1.722556892579706,0.0,0.0,0.0,0.0,-1.3513954655373794,-1.2436386091883012,0.0,0.0,-1.0775154205819544,14
-0.865109386974033,0.0,0.0,0.0,0.0,-1.3513954655373794,-1.2436386091883012,0.0,0.0,-0.9903629790790212,13
0.0240036737039648,0.0,0.0,0.0,0.0,-0.3798059899413203,-0.7296649225245023,1.0531584011826194,1.218213644014002,-1.0473281394335243,4
-0.7098434578075035,0.0,0.7106121022478595,0.0,0.0,0.0379971777964423,-0.0612410630353533,0.988153482273682,1.0,-1.0261397022964809,1
-0.3246210079299167,0.0,0.0,0.0,0.0,-0.7077869673735322,-1.022273554629209,1.022831460331992,1.0,-1.294267031460302,4
-0.5446324450342053,0.0,0.0,0.0,0.0,-1.3513954655373794,-1.2436386091883012,0.0,0.0,-1.2732807053660469,14
0.0845389168214893,0.0,1.0,0.0,0.0,0.4249536483627554,-0.0612410630353533,0.0,0.0,-1.097711510330079,3
-0.8563783996714472,0.0,0.7106121022478595,0.0,0.0,0.469193423711313,-0.1256132043464057,1.0571922483491332,1.3025175370208548,-1.0762084796310851,1
0.4612444345299666,0.0,0.0,0.0,0.0,-0.1541222860868182,-0.6167169445693365,0.0,0.0,-1.003580797117243,0
0.131708037197338,0.0,0.7106121022478595,0.0,0.0,0.6099786958292891,0.2202528561873677,0.0,0.0,-0.915534872504117,3
-0.3310963971649553,0.0,0.0,0.0,0.0,0.4089036441073578,-0.516595772466355,0.0,0.0,-1.2169342221481252,0
-0.2362334141094994,0.0,0.0,0.0,0.0,-0.9674664273370568,-1.022273554629209,0.0,0.0,-0.9973713874827216,0
-1.7303446205022783,0.0,0.0,0.0,0.0,-0.540935219026,-0.8610819189340483,0.0,0.0,-1.2969268263976692,0
0.1753353885522507,0.0,1.0,0.0,0.0,0.3037319036101623,0.1145274825220776,1.022831460331992,1.0,-1.0350025269463612,1
-0.907777044777792,0.0,0.0,0.0,0.0,-1.3513954655373794,-1.2436386091883012,0.0,0.0,-1.3996171342331811,14
0.1991885002028418,0.0,0.0,0.0,0.0,-0.1497103371972158,-0.516595772466355,1.0531584011826194,1.3025175370208548,-1.229233846912421,4
-0.3420275100347967,0.0,0.0,0.0,0.0,-0.8315310573768225,-0.8610819189340483,0.988153482273682,1.218213644014002,-1.2042950204275464,4
-0.4456795785115293,0.0,0.0,0.0,0.0,-0.2669864881745636,-0.8610819189340483,1.0822770660541638,1.218213644014002,-1.2140039951042552,4
-0.3383098311418237,0.0,0.0,0.0,0.0,-0.4037159339551258,-0.3428838574068739,0.0,0.0,-1.1519035975867689,0
-0.9306097090223736,0.0,0.0,0.0,0.0,-1.3513954655373794,-1.2436386091883012,0.0,0.0,-1.3837734042626877,14
-0.2386102415498687,0.0,0.0,0.0,0.0,-0.1672120441681847,0.1145274825220776,0.0,0.0,-1.1597750073964177,0
-0.0150219509757501,0.0,0.0,0.0,0.0,-0.7077869673735322,-1.022273554629209,0.0,0.0,-1.2634837723181211,0
-1.946072871766084,0.0,0.0,0.0,0.0,-0.8836236823973103,-0.6167169445693365,0.0,0.0,-1.127684051253903,0
-0.8699872159058593,0.0,0.0,0.0,0.0,-0.2144918167608998,0.1145274825220776,0.0,0.0,-1.0775154205819544,0
-1.1974618804156067,0.0,0.0,0.0,0.0,-0.5627380187757388,-1.022273554629209,0.0,0.0,-1.1639633970224457,0
-1.51323078831032,0.0,0.0,0.0,0.0,-1.3513954655373794,-1.2436386091883012,0.0,0.0,-1.4605167216179795,14
0.182600150829795,0.0,0.0,0.0,0.0,0.036811207259215,-0.4260189459579204,1.0937178707497723,1.3685309911523162,-1.2686268709980897,4
-0.752122893699621,0.0,0.0,0.0,0.0,-1.3513954655373794,-1.2436386091883012,0.0,0.0,-1.494129680659552,14
-1.9087237394033256,0.0,0.0,0.0,0.0,-1.3513954655373794,-1.2436386091883012,0.0,0.0,-1.342427277626294,14
-1.7630606091534862,0.0,0.0,0.0,0.0,-1.3513954655373794,-1.2436386091883012,0.0,0.0,-1.264510082770574,14
-1.11380405076838,0.0,1.0,0.0,0.0,0.4670652292016043,0.0584867836105745,0.0,0.0,-1.2125419527742394,3
-0.0619786372386302,0.0,0.0,0.0,0.0,-0.5206123079983815,-0.8610819189340483,0.9750538018491568,1.0,-1.232704591118734,4
-1.1687174957039383,0.0,0.0,0.0,0.0,-1.3513954655373794,-1.2436386091883012,0.0,0.0,-1.4320719653857648,14
-1.9863872419669648,0.0,0.0,0.0,0.0,-1.3513954655373794,-1.2436386091883012,0.0,0.0,-1.3509537018467386,14
-1.17876017686347,0.0,0.0,0.0,0.0,-0.5627380187757388,-1.022273554629209,0.0,0.0,-1.4114782008468016,0
-0.1876989161849676,0.0,0.0,0.0,0.0,-0.3321368725700185,-1.022273554629209,0.0,0.0,-1.3843750720822716,0
-0.8820872785458737,0.0,0.0,0.0,0.0,-1.3513954655373794,-1.2436386091883012,0.0,0.0,-1.24218670172698,14
-1.4938388952606554,0.0,0.0,0.0,0.0,-1.3513954655373794,-1.2436386091883012,0.0,0.0,-1.2821380986698263,14
-1.813039708014195,0.0,0.0,0.0,0.0,-1.3513954655373794,-1.2436386091883012,0.0,0.0,-1.6020880564805409,14
-1.772711828574492,4.330656878403135,0.0,0.0,0.0,-1.3513954655373794,-1.2436386091883012,0.0,0.0,-1.612909194327478,9
-1.1841452943286284,0.0,0.0,0.0,0.0,-1.3513954655373794,-1.2436386091883012,0.0,0.0,-1.5034602181825307,14
-0.6590827585623309,0.0,0.0,0.0,0.0,-1.3513954655373794,-1.2436386091883012,0.0,0.0,-1.3351188804876262,14
-1.51323078831032,0.0,0.0,0.0,0.0,-1.3513954655373794,-1.2436386091883012,0.0,0.0,-1.2542977233288843,14
-0.8667307615840139,4.330657287122596,0.0,0.0,0.0,-1.3513954655373794,-1.2436386091883012,0.0,0.0,-1.217423395243138,9
-1.5453974530329555,0.0,0.0,0.0,0.0,-0.5627380187757388,-1.022273554629209,0.0,0.0,-1.4242518592469346,0
-1.9863872419669648,0.0,0.0,0.0,0.0,-1.3513954655373794,-1.2436386091883012,0.0,0.0,-1.4918386834058015,14
-1.2243402330007571,0.0,0.0,0.0,0.0,-1.3513954655373794,-1.2436386091883012,0.0,0.0,-1.544314805087331,14
-0.710758106551303,0.0,0.0,0.0,0.0,-1.3513954655373794,-1.2436386091883012,0.0,0.0,-1.3940844160796908,14
0.1547812700445329,0.0,1.0,0.0,0.0,0.6079295049470071,-0.193584983678676,0.0,0.0,-1.2905573705908582,3
-0.5690023486251562,0.0,0.0,0.0,0.0,-1.3513954655373794,-1.2436386091883012,0.0,0.0,-1.437355626071651,14
-1.7630606091534862,0.0,0.0,0.0,0.0,-1.3513954655373794,-1.2436386091883012,0.0,0.0,-1.217423395243138,14
-1.0043568430050736,0.0,0.0,0.0,0.0,-0.6718344272042854,-0.8610819189340483,0.0,0.0,-1.260922983601653,0
-1.0303005670426568,0.0,0.0,0.0,0.0,-1.3513954655373794,-1.2436386091883012,0.0,0.0,-1.3613255935393045,14
-1.338907948026379,0.0,0.0,0.0,0.0,-0.540935219026,-0.8610819189340483,0.0,0.0,-1.3481000979069495,0
-1.353596586892353,0.0,0.0,0.0,0.0,-0.5627380187757388,-1.022273554629209,0.0,0.0,-1.392251804197915,0
-0.366812184031564,0.0,0.0,0.0,0.0,-1.3513954655373794,-1.2436386091883012,0.0,0.0,-1.339045039184058,14
-0.4812560290797022,0.0,0.0,0.0,0.0,-1.3513954655373794,-1.2436386091883012,0.0,0.0,-1.3837734042626877,14
0.5129642323338977,0.0,1.0,0.0,0.0,0.5819181194710156,0.3187811813373079,0.0,0.0,-1.264510082770574,3
-0.8200548080852217,0.0,0.0,0.0,0.0,-0.4361494197769921,-0.7296649225245023,1.0364283669727188,1.218213644014002,-1.3689172974373145,4
-0.5556621940074252,0.0,0.0,0.0,0.0,-1.3513954655373794,-1.2436386091883012,0.0,0.0,-1.3396076481746917,14
-0.8507176469834029,0.0,0.0,0.0,0.0,-0.1339891249716267,0.1683778618987765,0.0,0.0,-1.304419889526566,0
-1.166470367838757,0.0,0.0,0.0,0.0,-1.3513954655373794,-1.2436386091883012,0.0,0.0,-1.4776729409555371,14
-1.1702209899684404,0.0,0.0,0.0,0.0,-1.3513954655373794,-1.2436386091883012,0.0,0.0,-1.5608541911183895,14
-1.344863420142694,0.0,0.0,0.0,0.0,-1.3513954655373794,-1.2436386091883012,0.0,0.0,-1.519691738960509,14
-1.3233728958517017,0.0,0.0,0.0,0.0,-1.3513954655373794,-1.2436386091883012,0.0,0.0,-1.5990111878763076,14
-0.8834227947872121,0.0,0.0,0.0,0.0,-1.3513954655373794,-1.2436386091883012,0.0,0.0,-1.4556471514992886,14
-1.620324549308703,0.0,0.0,0.0,0.0,-1.3513954655373794,-1.2436386091883012,0.0,0.0,-1.543386357603952,14
-1.407022455915907,0.0,0.0,0.0,0.0,-1.3513954655373794,-1.2436386091883012,0.0,0.0,-1.5793967782308729,14
-1.6930757304604735,0.0,0.0,0.0,0.0,-1.3513954655373794,-1.2436386091883012,0.0,0.0,-1.3928620401564074,14
-0.6968551011261316,0.0,0.0,0.0,0.0,-0.0833336782607914,-0.516595772466355,1.022831460331992,1.0,-1.465444193863989,4
-1.7556351660596632,0.0,0.0,0.0,0.0,-1.3513954655373794,-1.2436386091883012,0.0,0.0,-1.3879976468518316,14
-1.2569342360273772,0.0,0.0,0.0,0.0,-1.3513954655373794,-1.2436386091883012,0.0,0.0,-1.5424621656176585,14
-1.6336193657589613,0.0,0.0,0.0,0.0,-1.3513954655373794,-1.2436386091883012,0.0,0.0,-1.5098421858406057,14
-0.4272153653104721,0.0,0.0,0.0,0.0,-0.5627380187757388,-1.022273554629209,0.0,0.0,-1.3578507176181025,0
-1.0987211489996551,0.0,0.0,0.0,0.0,-0.9369838393770168,-0.7296649225245023,0.0,0.0,-1.1728550075334132,0
-0.3091875831491449,0.0,0.0,0.0,0.0,-0.4782373529047531,-0.7296649225245023,1.0474342844156186,1.218213644014002,-1.1999546124120632,4
-0.9954524169036468,0.0,0.0,0.0,0.0,-0.6215353819574615,-0.7296649225245023,0.0,0.0,-1.216445278991903,0
-0.5417060999923404,0.0,0.0,0.0,0.0,0.2840692145001211,-0.8610819189340483,0.0,0.0,-1.2242962427726252,0
-0.4399013645211517,0.0,0.0,0.0,0.0,-1.3513954655373794,-1.2436386091883012,0.0,0.0,-1.2436922812990183,14
-1.620324549308703,0.0,0.0,0.0,0.0,-1.3513954655373794,-1.2436386091883012,0.0,0.0,-1.2748373580381125,14
-0.2652835921706206,0.0,0.0,0.0,0.0,0.0011850048438407,-0.516595772466355,0.0,0.0,-1.2650236683983591,0
-1.9863872419669648,0.0,0.0,0.0,0.0,-0.7077869673735322,-1.022273554629209,0.0,0.0,-1.268111254337201,0
-0.324461050944804,0.0,1.0,0.0,0.0,0.6408779890080875,0.2703350774754977,1.0841375110064937,1.3837532157583627,-1.2717267541100234,1
-1.1595099098593071,0.0,0.0,0.0,0.0,-1.3513954655373794,-1.2436386091883012,0.0,0.0,-1.3543935554505844,14
-1.106667665404787,0.0,0.0,0.0,0.0,-1.3513954655373794,-1.2436386091883012,0.0,0.0,-1.571441953627192,14
-1.620324549308703,0.0,0.0,0.0,0.0,-0.4666110923155345,-1.022273554629209,0.0,0.0,-1.414008296853038,0
-1.0289991020507854,0.0,0.0,0.0,0.0,-0.1227367284726898,-1.022273554629209,0.0,0.0,-1.450149013417083,0
-1.9087237394033256,0.0,0.0,0.0,0.0,-0.6581062004018385,-0.7296649225245023,0.0,0.0,-1.4570327281048885,0
-0.9517574387883596,0.0,0.0,0.0,0.0,-1.3513954655373794,-1.2436386091883012,0.0,0.0,-1.5090368205310836,14
-1.054198482505396,4.330657294438462,0.0,0.0,0.0,-1.3513954655373794,-1.2436386091883012,0.0,0.0,-1.5736617904894263,9
-0.2709885099325431,0.0,1.0,0.0,0.0,0.4915334544139778,0.4555743605292723,0.0,0.0,-0.5602158956220039,3
-0.0469844328226934,0.0,0.0,0.0,0.0,-1.3513954655373794,-1.2436386091883012,0.0,0.0,-0.2621354467017048,13
-0.1180885065324473,0.0,0.7106121022478595,0.0,0.0,0.5507829395547326,0.4555743605292723,0.0,0.0,-0.2163507496904126,3
0.1609274802617563,0.0,1.0,0.0,0.0,0.3592778892223397,0.3187811813373079,1.086293923480789,1.3025175370208548,-0.1539194021585267,1
-0.5827978574776174,0.0,0.0,0.0,0.0,-0.121106985524351,-0.4260189459579204,1.022831460331992,1.0,-0.2341700280847445,4
0.3168434472247634,0.0,1.2380816024689916,0.0,0.0,0.9830200003749974,0.0,1.058558970906916,1.3837532157583627,-0.2317486533022769,1
1.170057583588325,0.0,0.0,0.0,0.0,0.1338141021899458,-0.516595772466355,0.9750538018491568,1.3025175370208548,-0.1574757186186928,4
0.3886594299798226,0.0,0.0,0.0,0.0,-0.4883497833646747,-0.1256132043464057,1.033883362385476,1.3837532157583627,-0.0989243210521562,4
1.100886154401693,0.0,0.0,0.0,0.0,0.2561997015196864,0.0584867836105745,1.0875893590301542,1.4013322872298857,-0.1565863245583341,4
0.3023294221162733,0.0,0.7106121022478595,0.0,0.0,-0.0760078460274421,0.0584867836105745,0.0,0.0,-0.3593359547645803,3
-0.3645056731126298,0.0,0.0,0.0,0.0,-0.2261034492420216,-0.2657509156119179,1.0853368178860443,1.4013322872298857,-0.8501366982149491,4
-0.3436001953144395,0.0,0.0,0.0,0.0,-0.2950455559032495,0.1683778618987765,0.0,0.0,-0.1878417819982305,0
-0.4655502111329558,0.0,0.0,0.0,0.0,-0.1738799450219136,0.3187811813373079,0.0,0.0,-0.1471124831326893,0
0.390886069689898,0.0,1.0,0.0,0.0,0.3909876657177927,0.0584867836105745,0.0,0.0,-0.2940208067645196,3
0.3577021606608498,0.0,0.0,3.816391647148976e-17,0.0,0.1562537714791909,0.2703350774754977,1.0394896384476304,1.3025175370208548,-0.186646262525608,5
0.434072292223514,0.0,1.0,0.0,0.0,0.463848426959326,-0.2657509156119179,1.033883362385476,1.218213644014002,-0.1962213186127934,1
-0.4183829919316715,0.0,0.7106121022478595,0.0,0.0,0.0294925986091971,0.0,0.0,0.0,-0.2100295161704122,3
-0.5097924685134531,0.0,0.0,0.0,0.0,-0.4666110923155345,-0.516595772466355,0.0,0.0,-0.2214760551506924,0
-1.2338364070662124,0.0,0.0,0.0,0.0,-1.3513954655373794,-1.2436386091883012,0.0,0.0,-0.1875428657644257,-1
0.3587998591231008,0.0,0.7106121022478595,0.0,0.0,0.1555026036675462,0.4986718890691056,0.0,0.0,-0.186646262525608,3
-2.053096408630191,0.0,0.0,0.0,0.0,-0.9013567642394932,-1.022273554629209,0.0,0.0,-0.1854511306181837,0
-0.1147418197995304,0.0,1.149512058475987,0.0,0.0,0.8625174198895735,0.4112898545757565,1.0411692984672498,1.0,-0.1726277868643217,1
-1.51323078831032,0.0,0.0,0.0,0.0,-1.3513954655373794,-1.2436386091883012,0.0,0.0,-0.2676330855587275,-1
0.0718023643219847,0.0,1.0,0.0,0.0,0.621188794342265,-0.193584983678676,1.022831460331992,1.0,-0.3066729793523005,1
2.357139788296914,0.0,1.2380816024689916,0.0,0.0,1.4974972373734865,0.6606974057623132,1.0306204699037194,1.218213644014002,-0.2371990617739946,1
0.8133039819788466,0.0,0.0,0.0,0.0,-0.5580242508308346,-0.7296649225245023,1.022831460331992,1.0,-0.2208726993856596,4
0.0125616160407003,0.0,0.0,0.0,0.0,-0.4681038401166222,-0.0612410630353533,0.0,0.0,-0.5344612632264567,0
-0.7826510588378466,0.0,1.149512058475987,0.0,0.0,0.8109179531112038,0.4112898545757565,0.0,0.0,-0.608363668445841,3
-0.6430018202282346,0.0,0.0,0.0,0.0,-0.7497933515674177,-1.022273554629209,1.0125842817931043,1.0,-0.2040195209465932,4
0.0446173640404532,0.0,1.0,0.0,0.0,0.4227471047579575,0.1145274825220776,0.0,0.0,-0.1773940839200731,3
-0.2662696466195359,0.0,0.0,0.0,0.0,-0.6257406946473614,-0.8610819189340483,1.0394896384476304,1.218213644014002,-0.1762019363173875,4
-0.1133195079463368,0.0,0.0,3.816391647148976e-17,0.0,0.3570979533865456,0.3187811813373079,0.0,0.0,-0.1917299038644851,5
-0.943896409099768,0.0,0.0,0.0,0.0,-0.8522737322181162,-0.7296649225245023,0.0,0.0,-0.2025185721419826,0
-0.1901806985462455,0.0,0.0,0.0,0.0,-0.1161907168461623,0.0,0.0,0.0,-0.1770960111200334,0
-0.920890135949858,0.0,0.0,0.0,0.0,0.0438826188969342,0.0,1.0800283475396415,1.3837532157583627,-0.2399273992526457,4
-0.6137044938507454,0.0,1.0,0.0,0.0,0.4920985066624038,0.6606974057623132,0.998116281742044,1.218213644014002,-0.4237496553194392,1
0.266820493984709,0.0,1.149512058475987,0.0,0.0,0.6233065157993928,0.6606974057623132,1.077340525634657,1.218213644014002,-0.1878417819982305,1
0.3045125551895294,0.0,1.149512058475987,0.0,0.0,0.6536790377739197,-0.1256132043464057,0.0,0.0,-0.2139413582071479,3
-0.2671730114492838,0.0,0.0,0.0,0.0,-0.2595733822136342,-0.3428838574068739,0.0,0.0,-0.1995185263764868,0
0.2402255151443485,0.0,0.0,0.0,0.0,0.1224723531172452,-0.6167169445693365,0.0,0.0,-0.3874151257626614,0
1.6156571972209133,0.0,0.0,3.816391647148976e-17,0.0,0.4849674675739126,0.8441827789462959,1.0920882539604235,1.4203058441177223,-0.1845550356823153,5
0.5469502878991754,0.0,1.149512058475987,0.0,0.0,0.5439321126606238,0.0584867836105745,0.0,0.0,-0.2887885428135756,3
0.3450452333050452,0.0,0.0,0.0,0.0,-0.7698891508371823,-0.6167169445693365,1.007179572076227,1.344436979171577,-0.2526875091459938,4
0.075495069474262,0.0,1.149512058475987,0.0,0.0,0.6654650648235012,0.2202528561873677,0.0,0.0,-0.3902683912001783,3
0.3210302459251835,0.0,1.149512058475987,0.0,0.0,0.6381854428831902,0.3187811813373079,0.0,0.0,-0.1678675845978004,3
-0.0646316649635362,0.0,0.0,0.0,0.0,-1.3513954655373794,-1.2436386091883012,0.0,0.0,-0.3277623299511629,13
-0.2214106796435443,0.0,0.0,0.0,0.0,-0.5157368958180905,-0.7296649225245023,0.0,0.0,-0.3414798901404463,0
-0.8295732206806464,0.0,0.0,0.0,0.0,-1.3513954655373794,-1.2436386091883012,0.0,0.0,-0.4846298330226334,12
0.3371035719858159,0.0,1.149512058475987,0.0,0.0,0.770875774541167,0.4112898545757565,0.9961270243139924,1.218213644014002,-0.747704326556667,1
0.1609392079537771,0.0,0.7106121022478595,0.0,0.0,0.1284023639432199,-0.3428838574068739,0.0,0.0,-0.7419125114815894,3
-1.87836444090428,0.0,0.0,0.0,0.0,-0.6314498990802646,-0.7296649225245023,0.9271671564532872,1.0,-0.7462549755049417,4
-0.9396990966399555,0.0,0.0,0.0,0.0,-1.3513954655373794,-1.2436386091883012,0.0,0.0,-0.7480668104773458,13
0.3343761392404443,0.0,1.0,0.0,0.0,0.4191463312106331,-0.2657509156119179,0.0,0.0,-0.7282159642752885,3
0.4873703260282,0.0,1.149512058475987,0.0,0.0,0.8834655637000639,0.2703350774754977,0.0,0.0,-0.7462549755049417,3
-0.4560818925886221,0.0,0.0,0.0,0.0,-0.3293588405694618,-0.7296649225245023,1.0154492039912095,1.0,-0.749154613708533,4
-0.9944341477934188,0.0,0.0,0.0,0.0,-0.3642072917947848,-0.0612410630353533,0.0,0.0,-0.7535111195241682,0
-0.1798967783996721,0.0,0.0,0.0,0.0,0.0582398302164646,0.2703350774754977,1.049929575826221,1.218213644014002,-0.749154613708533,4
-0.3019641062019174,0.0,0.0,0.0,0.0,-0.2504148439192707,0.1145274825220776,0.0,0.0,-0.7506058397291391,0
0.710550900959421,0.0,0.0,0.0,0.0,-0.3001208604860054,0.2703350774754977,1.058558970906916,1.4229121222943435,-0.7538745454543783,4
0.7316545955569242,0.0,1.0,0.0,0.0,0.4924489630663851,0.3657267131137707,1.0349757320418953,1.0,-0.7546015751027741,1
0.5205412038593848,0.0,1.0,0.0,0.0,0.4434973382510941,0.0584867836105745,0.0,0.0,-0.7546015751027741,3
-1.037441211374331,0.0,0.0,0.0,0.0,-1.3513954655373794,-1.2436386091883012,0.0,0.0,-0.7680948118018354,13
-0.6462522326904322,0.0,0.0,0.0,0.0,-0.1146499662893353,0.8441827789462959,0.0,0.0,-0.7586044902406855,0
-0.5777403982071763,4.33065725152426,0.0,0.0,0.0,0.0451406942924905,0.4112898545757565,1.022831460331992,1.0,-0.7611555652041889,6
-1.8020070074647785,0.0,0.0,0.0,0.0,-0.5885115585804905,-0.2657509156119179,0.0,0.0,-0.7593330689938607,0
-0.4035499816757766,0.0,0.0,0.0,0.0,-0.4666110923155345,-0.516595772466355,0.0,0.0,-0.758968749681536,0
0.3294908437754866,0.0,0.7106121022478595,0.0,0.0,0.1022546072413088,0.0584867836105745,0.0,0.0,-0.7607909458585087,3
-1.2997384439740969,0.0,0.0,0.0,0.0,-0.4276680827230703,-0.3428838574068739,0.0,0.0,-0.76407468890909,0
-0.9498131637707368,0.0,1.0,0.0,0.0,0.3746876416351383,0.4112898545757565,0.0,0.0,-0.768460642679599,3
-0.2575073791958302,0.0,0.0,0.0,0.0,-0.7216847958985279,-0.516595772466355,0.0,0.0,-0.7596974482226445,0
0.2889348509390561,0.0,0.0,0.0,0.0,-0.034443075271142,-0.7296649225245023,0.0,0.0,-0.7618849843677724,0
-0.4248503101035198,4.3306571475222455,1.149512058475987,0.0,0.0,0.7905297673510432,0.946135927825118,0.0,0.0,-0.7622497842764335,9
-0.7434091610311048,0.0,0.0,0.0,0.0,-1.3513954655373794,-1.2436386091883012,0.0,0.0,-0.7622497842764335,13
-0.5967278302170417,0.0,0.0,0.0,0.0,-0.3052666337569913,-0.2657509156119179,0.0,0.0,-0.7626146444636146,0
0.9437564874012736,0.0,1.2380816024689916,0.0,0.0,1.011079935480295,0.4986718890691056,0.0,0.0,-0.7615202446921606,3
0.4605338392926192,0.0,1.149512058475987,0.0,0.0,0.884756077250516,0.4112898545757565,0.0,0.0,-0.7637095871518997,3
-1.0946287446700695,0.0,0.0,0.0,0.0,-0.0912703243518949,-0.0612410630353533,1.0939028586800357,1.4140046247801077,-0.76407468890909,4
0.2352499657019216,0.0,0.0,0.0,0.0,-0.2259351336348733,-0.193584983678676,0.0,0.0,-0.7633445458557242,0
0.2787623983124438,0.0,0.0,0.0,0.0,0.0436125945612564,-0.193584983678676,0.0,0.0,-0.7644398511730727,0
-1.198653554255575,0.0,0.0,0.0,0.0,-1.3513954655373794,-1.2436386091883012,0.0,0.0,-0.768460642679599,13
-0.3294142328536767,0.0,0.0,0.0,0.0,-0.7077869673735322,-1.022273554629209,0.0,0.0,-0.7662665717014098,0
-0.369053404725073,0.0,0.0,0.0,0.0,-0.0625089774191228,0.1683778618987765,0.9565747954222968,1.0,-0.768460642679599,4
-0.3033584192571628,0.0,1.0,0.0,0.0,0.4993965386791396,-0.1256132043464057,0.0,0.0,-0.768460642679599,3
0.2099009742720935,0.0,0.0,0.0,0.0,0.0159848275475287,-0.3428838574068739,1.071083660422793,1.344436979171577,-0.7673633330431887,4
0.2564014048555001,4.330657137761639,0.0,0.0,0.0,0.0243146774978207,0.1683778618987765,1.090535614743226,1.4140046247801077,-0.7673633330431887,6
0.5352873608992451,0.0,1.0,0.0,0.0,0.63279758565614,0.1145274825220776,1.0125842817931043,1.218213644014002,-0.7724888226405905,1
0.5732417197839382,0.0,1.149512058475987,0.0,0.0,0.8636138314200993,0.3657267131137707,0.0,0.0,-0.7688265346183377,3
-0.6878928347170336,0.0,0.0,0.0,0.0,-0.7077869673735322,-0.6167169445693365,0.0,0.0,-0.7688265346183377,0
0.7581579778462707,0.0,0.0,0.0,0.0,-1.3513954655373794,-1.2436386091883012,0.0,0.0,-0.7688265346183377,13
-0.912563854639606,0.0,0.0,3.816391647148976e-17,0.0,0.2601660666660842,1.1652729620405098,1.022831460331992,1.218213644014002,-0.769192487664641,5
-0.3907260401799609,0.0,0.0,0.0,0.0,-0.2086503525330161,-0.0612410630353533,1.029065526891,1.218213644014002,-0.7695585018651624,4
1.1061553053618025,0.0,0.0,0.0,0.0,-0.1124767464426491,-0.516595772466355,0.0,0.0,-0.7706569118595218,0
-0.5694993856265471,0.0,0.0,0.0,0.0,-0.0571447549557581,-0.6167169445693365,0.0,0.0,-0.7713894918183584,0
-0.7828855592982792,0.0,0.0,0.0,0.0,-0.6891797603680089,-0.4260189459579204,0.0,0.0,-0.7713894918183584,0
-0.3724292794183603,0.0,0.0,0.0,0.0,-0.2455176867890694,0.1683778618987765,0.0,0.0,-0.7717558739274717,0
0.6471136100838405,0.0,1.149512058475987,0.0,0.0,0.7002514249212559,0.1145274825220776,0.0,0.0,-0.7717558739274717,3
-0.9520088035983998,0.0,0.0,0.0,0.0,-0.2850977524912373,-0.2657509156119179,1.0800283475396415,1.394034397226019,-0.772122317519161,4
-1.1977595403291967,0.0,0.0,0.0,0.0,-1.3513954655373794,-1.2436386091883012,0.0,0.0,-0.775423084363775,13
0.5450674894973135,4.3306571855351095,1.2380816024689916,0.0,0.0,1.072276683214042,1.4432881067660903,1.0997269833621688,1.4288581958896645,-0.7732220176616518,8
0.5957379158341158,0.0,0.0,0.0,0.0,-0.1227367284726898,-0.7296649225245023,0.0,0.0,-0.7739554593692649,0
-0.834570275364278,0.0,0.0,0.0,0.0,-1.3513954655373794,-1.2436386091883012,0.0,0.0,-0.7117444280610519,13
0.1571654756786897,0.0,1.0,0.0,0.0,0.2744636650568205,0.1145274825220776,0.0,0.0,-0.7743222728491271,3
-0.6866517243082306,0.0,0.0,0.0,0.0,-1.3513954655373794,-1.2436386091883012,0.0,0.0,-0.777626381529798,13
-0.7240926009157017,0.0,0.0,3.816391647148976e-17,0.0,0.0437476260410688,0.1145274825220776,1.049929575826221,1.218213644014002,-0.7765244534930689,5
-0.328149586658703,0.0,0.0,0.0,0.0,-1.3513954655373794,-1.2436386091883012,0.0,0.0,-0.7779938153012417,13
-0.5230034285324626,0.0,0.0,0.0,0.0,-1.3513954655373794,-1.2436386091883012,0.0,0.0,-0.7765244534930689,13
-0.0914102521079979,0.0,1.0,0.0,0.0,0.4031819093273084,0.1683778618987765,0.0,0.0,-0.7772590100033738,3
1.0497650964529877,0.0,1.2380816024689916,0.0,0.0,1.1310872685581603,0.7363445937263972,1.0763472940434369,1.4067157636187435,-0.7794641738024444,1
-1.1660967876435488,0.0,0.0,0.0,0.0,-0.9260958865407136,-0.7296649225245023,0.0,0.0,-0.7801997277798349,0
-0.7728845764889369,0.0,0.0,0.0,0.0,-1.3513954655373794,-1.2436386091883012,0.0,0.0,-0.7894154015440037,13
-0.3731408599555863,0.0,0.0,0.0,0.0,-1.3513954655373794,-1.2436386091883012,0.0,0.0,-0.780935532092909,13
-0.5843908791740454,0.0,0.0,0.0,0.0,-0.745250096845615,-0.7296649225245023,0.0,0.0,-0.7927427681092517,0
-0.1167105796118188,0.0,1.0,0.0,0.0,0.4757931088738597,0.946135927825118,0.0,0.0,-0.7824078932860414,3
-1.3368078600545517,0.0,0.0,0.0,0.0,-0.9674664273370568,-1.022273554629209,0.0,0.0,-0.7846183223714511,0
-0.1587911365246607,0.0,1.0,0.0,0.0,0.6221536974779358,0.2703350774754977,0.0,0.0,-0.7868310256759944,3
-0.5670841218512941,0.0,0.0,0.0,0.0,-0.0546821646591136,0.3657267131137707,1.022831460331992,1.3685309911523162,-0.7842497598804433,4
-0.5847642941691357,0.0,0.0,0.0,0.0,-1.3513954655373794,-1.2436386091883012,0.0,0.0,-0.7846183223714511,13
0.202920098782791,0.0,1.0,0.0,0.0,0.1632113838967266,0.0584867836105745,0.0,0.0,-0.7838812605125577,3
-0.2100643749609994,0.0,0.0,0.0,0.0,-1.3513954655373794,-1.2436386091883012,0.0,0.0,-0.7868310256759944,13
0.4757749446789925,0.0,1.149512058475987,0.0,0.0,0.7095005631657321,0.7730013276593265,1.022831460331992,1.0,-0.7868310256759944,1
-0.1629117872237215,0.0,0.7106121022478595,0.0,0.0,0.1350460541136933,0.3187811813373079,0.0,0.0,-0.7890460139290083,3
-0.5433902957537424,0.0,0.0,0.0,0.0,-0.1640265385665331,0.0,1.022831460331992,1.218213644014002,-0.7875691006780623,4
-0.3684924003591194,0.0,0.0,0.0,0.0,-0.5032249414078132,-0.2657509156119179,0.0,0.0,-0.7872000314167767,0
0.1704504022868807,0.0,1.0,0.0,0.0,0.4939458474572707,0.1683778618987765,0.0,0.0,-0.7868310256759944,3
-1.107335257090175,0.0,0.0,0.0,0.0,-1.3513954655373794,-1.2436386091883012,0.0,0.0,-0.7894154015440037,13
-0.3378203343111572,0.0,0.0,0.0,0.0,-0.6119648368425131,-0.2657509156119179,1.0419259054467114,1.4013322872298857,-0.7920029046780914,4
-0.3086738735590242,0.0,0.0,0.0,0.0,-0.2433120572780334,0.4555743605292723,0.0,0.0,-0.7920029046780914,0
0.3214611337592541,0.0,0.7106121022478595,0.0,0.0,0.0899889098105656,-0.2657509156119179,0.0,0.0,-0.7890460139290083,3
-1.7630606091534862,0.0,0.0,0.0,0.0,-1.3513954655373794,-1.2436386091883012,0.0,0.0,-0.7982999675913283,13
0.2462750419194377,0.0,1.0,0.0,0.0,0.5586084610139771,-0.2657509156119179,0.0,0.0,-0.7971873623715866,3
-0.5249174128962104,0.0,0.0,0.0,0.0,-0.7077869673735322,-1.022273554629209,0.0,0.0,-0.7905239475195363,0
-1.0509557992839027,0.0,0.0,0.0,0.0,-1.3513954655373794,-1.2436386091883012,0.0,0.0,-0.7942232667131217,13
-0.7655493896680375,0.0,0.0,0.0,0.0,-0.0771811344155501,-0.7296649225245023,0.0,0.0,-0.7938530454666933,0
-0.1737419910996243,0.0,1.149512058475987,0.0,0.0,0.7409954243986583,0.2202528561873677,0.0,0.0,-0.8031280403537184,3
-0.1856186710396697,0.0,0.0,0.0,0.0,-0.7739208145133659,-1.022273554629209,1.006052142399291,1.0,-0.7957047970362544,4
0.7324730459468302,0.0,1.2380816024689916,0.0,0.0,1.7269750490392384,0.1683778618987765,0.0,0.0,-0.7927427681092517,3
-0.5371839108745337,0.0,0.0,0.0,0.0,-0.1937894977859246,-0.7296649225245023,0.0,0.0,-0.7953343175520272,0
-0.119383772418913,0.0,0.0,0.0,0.0,-1.3513954655373794,-1.2436386091883012,0.0,0.0,-0.7964459501208557,13
0.4481549732969918,0.0,1.149512058475987,0.0,0.0,0.7011205035844277,0.2202528561873677,0.0,0.0,-0.7971873623715866,3
-0.3973617358238913,0.0,0.0,0.0,0.0,-0.2918333336840303,0.1145274825220776,0.0,0.0,-0.7982999675913283,0
-1.849806067273324,0.0,0.0,0.0,0.0,0.2308331754613422,-0.6167169445693365,0.0,0.0,-0.7968166238245733,0
0.0992289657480358,0.0,0.0,0.0,0.0,-0.1515254515453463,0.0584867836105745,1.0180943570563885,1.0,-0.7982999675913283,4
0.4222284748121176,0.0,0.0,0.0,0.0,0.1224723531172452,-0.6167169445693365,0.0,0.0,-0.8005269358236639,0
0.4540133399234569,0.0,1.0,0.0,0.0,0.3774407581078392,0.1145274825220776,0.0,0.0,-0.8005269358236639,3
0.782338012173449,0.0,1.0,0.0,0.0,0.3045955923477677,0.1145274825220776,0.0,0.0,-0.7982999675913283,3
-1.2425374676725105,0.0,0.0,0.0,0.0,-0.7077869673735322,-1.022273554629209,0.0,0.0,-0.8005269358236639,0
0.0030809176271274,0.0,0.0,0.0,0.0,0.1246853896773941,0.0584867836105745,0.0,0.0,-0.8012697809300184,0
-0.5043491597780357,0.0,0.0,0.0,0.0,-1.1206228342220803,-0.7296649225245023,0.0,0.0,-0.8102044706601949,0
0.1147880591871382,0.0,0.7106121022478595,0.0,0.0,0.1611624411615384,0.1145274825220776,0.0,0.0,-0.8079672225114264,3
1.0032930530981712,4.330657272464605,1.0,0.0,0.0,0.3682515340892174,0.4112898545757565,1.076850654943709,1.3685309911523162,-0.8087127055889618,8
0.0175757959524266,0.0,0.0,0.0,0.0,-0.6555703303760569,-0.6167169445693365,1.033883362385476,1.344436979171577,-0.8034998892314531,4
0.4935278261189577,0.0,1.149512058475987,0.0,0.0,0.6390636738445414,0.1145274825220776,0.0,0.0,-0.8038718038973185,3
-0.7777012858410127,0.0,0.0,0.0,0.0,-0.0295100021190061,-0.2657509156119179,1.053399418117405,1.218213644014002,-0.8049879431561766,4
0.3146839379818678,0.0,0.0,0.0,0.0,0.0614589672995108,-0.516595772466355,1.022831460331992,1.0,-0.8053601215074274,4
-0.6807211971701567,4.330656905792317,0.0,0.0,0.0,0.2529459485014945,1.1050458926679774,0.0,0.0,-0.8075945806473426,9
-0.226587838201439,0.0,0.0,0.0,0.0,0.0434324924626286,-0.6167169445693365,0.0,0.0,-0.8001556113445826,0
-0.7229453645528244,0.0,0.0,0.0,0.0,-0.1918541995252901,0.0,1.0758297846558222,1.3837532157583627,-0.8102044706601949,4
-0.4909228875353305,0.0,0.7106121022478595,0.0,0.0,-0.0677093062833107,0.0,0.0,0.0,-0.7971873623715866,3
-0.2685408016032297,0.0,0.0,0.0,0.0,-0.4552308078941716,-0.4260189459579204,0.0,0.0,-0.8139385640574857,0
0.7343719948773584,0.0,0.0,0.0,0.0,0.0746294656963074,0.1683778618987765,1.0927799211019111,1.4165481093681518,-0.8098314293919732,4
0.1859688480171992,0.0,1.149512058475987,0.0,0.0,0.8894255710755818,0.1683778618987765,0.0,0.0,-0.8105775786861849,3
-0.6206043299995243,0.0,0.0,0.0,0.0,-0.6635769177752666,-0.516595772466355,0.0,0.0,-0.81132399523001,0
-0.9963364344240336,0.0,0.0,0.0,0.0,-1.3513954655373794,-1.2436386091883012,0.0,0.0,-0.8124441220969737,13
0.1661871093855371,4.330657245789825,0.0,0.0,0.0,0.043972592688945,0.3657267131137707,1.0881253564408662,1.4229121222943435,-0.8150601020638639,6
-0.8322704071933591,0.0,0.0,0.0,0.0,-0.7077869673735322,-1.022273554629209,0.0,0.0,-0.8259331701834703,0
-0.6822282428215222,0.0,1.0,0.0,0.0,0.2854954749416877,0.2202528561873677,1.0456674364101886,1.3025175370208548,-0.8146861886617983,1
-0.0548412116269123,0.0,0.0,0.0,0.0,-1.3513954655373794,-1.2436386091883012,0.0,0.0,-0.8236788466806289,13
0.7024775286622954,0.0,0.0,0.0,0.0,0.2017365308388977,-0.4260189459579204,1.049929575826221,1.218213644014002,-0.8203019999039936,4
-0.2596668058977679,0.0,0.0,0.0,0.0,-1.3513954655373794,-1.2436386091883012,0.0,0.0,-0.8165564309693772,13
0.7590323270005475,0.0,1.149512058475987,0.0,0.0,1.0195259940054129,1.0429915279268975,1.096521516058709,1.394034397226019,-0.8176793882737898,1
-0.5246392232452989,0.0,0.0,0.0,0.0,-1.3513954655373794,-1.2436386091883012,0.0,0.0,-0.8214269990973178,13
-1.1370436780331417,0.0,0.0,0.0,0.0,-0.1227367284726898,-1.022273554629209,0.0,0.0,-0.8206769312984895,0
-0.3759207724380066,0.0,0.0,0.0,0.0,-0.5494650526069359,-0.8610819189340483,0.0,0.0,-0.8191776150585308,0
-0.3017430468694527,0.0,0.0,0.0,0.0,-0.0852444135090059,-0.4260189459579204,1.0629354125627657,1.3025175370208548,-0.8233033671467905,4
-0.7768183973964176,0.0,0.0,0.0,0.0,-1.3513954655373794,-1.2436386091883012,0.0,0.0,-0.8218021356155532,13
-0.8481960507289824,0.0,0.0,0.0,0.0,-0.2428724351148854,-0.2657509156119179,0.988153482273682,1.0,-0.8244300121317729,4
-0.6142736202136898,0.0,0.0,0.0,0.0,0.2642485499615966,-0.193584983678676,0.0,0.0,-0.8274374341909358,0
-0.9178644085252492,0.0,0.0,0.0,0.0,-0.4276680827230703,-0.6167169445693365,0.0,0.0,-0.8218021356155532,0
0.4822383964101871,0.0,0.0,0.0,0.0,-1.3513954655373794,-1.2436386091883012,0.0,0.0,-0.8240543949897597,13
-0.5672162276528687,0.0,0.0,0.0,0.0,-0.3184546644554274,0.1145274825220776,0.0,0.0,-0.8236788466806289,0
-1.2012450220428357,0.0,0.0,0.0,0.0,-0.4879956411652101,-0.6167169445693365,0.0,0.0,-0.8289428078815151,0
-0.845059345622785,0.0,0.0,0.0,0.0,-1.3513954655373794,-1.2436386091883012,0.0,0.0,-0.8255572771323018,13
-0.0397916560461474,0.0,1.149512058475987,0.0,0.0,0.797651860940709,0.6606974057623132,1.00503661544306,1.3025175370208548,-0.8259331701834703,1
0.0877448108777965,0.0,1.0,0.0,0.0,0.526290500845988,0.3187811813373079,0.0,0.0,-0.8263091323567654,3
-0.0891161961842632,0.0,0.7106121022478595,0.0,0.0,0.1302504721385371,0.0584867836105745,0.0,0.0,-0.8296959120288969,3
-0.9664615352971226,0.0,0.0,0.0,0.0,-0.7615470556773098,-0.7296649225245023,0.0,0.0,-0.8281899820920032,0
0.3763794738832469,0.0,0.0,0.0,0.0,0.1440619686703356,-0.8610819189340483,1.1033160734414311,1.0,-0.8289428078815151,4
-0.1519043850727355,0.0,0.0,0.0,0.0,-0.1247007476607365,-0.1256132043464057,0.9565747954222968,1.0,-0.8345979066126885,4
-0.6263101114962096,0.0,0.0,0.0,0.0,-0.7664179815597313,-0.8610819189340483,0.0,0.0,-0.8338429815986648,0
0.2375715351781777,0.0,0.0,0.0,0.0,-1.3513954655373794,-1.2436386091883012,0.0,0.0,-0.8319568993337588,13
0.1318663589624833,0.0,0.0,0.0,0.0,-0.1969054936700798,-0.193584983678676,0.0,0.0,-0.7990420295736294,0
-0.0409855833589692,0.0,0.7106121022478595,0.0,0.0,-0.0966435236265425,0.0584867836105745,0.0,0.0,-0.8410262007737637,3
-0.3528992273672109,0.0,0.0,0.0,0.0,-1.3513954655373794,-1.2436386091883012,0.0,0.0,-0.8391333940111957,13
-0.5205728522928479,0.0,0.0,0.0,0.0,-0.120781788649224,-0.193584983678676,0.0,0.0,-0.8364864536195203,0
-1.4889361548995617,0.0,0.0,0.0,0.0,-0.7475109195614293,-0.7296649225245023,0.0,0.0,-0.8421627425349509,0
-0.4271355067372374,0.0,0.0,0.0,0.0,-0.6254583317867369,0.0,0.0,0.0,-0.8368643751271808,0
-1.4902022107645732,0.0,0.0,0.0,0.0,-0.3523264682506472,-0.8610819189340483,0.0,0.0,-0.8395118127003536,0
0.240818787017102,0.0,0.0,0.0,0.0,0.4006180996897387,-0.0612410630353533,0.0,0.0,-0.8444377636852084,0
0.805138666890625,0.0,1.0,0.0,0.0,0.3997761415299731,0.2703350774754977,1.0546270911177729,1.344436979171577,-0.8417838236619605,1
0.0344988930674774,0.0,0.7106121022478595,0.0,0.0,0.2018019341360458,0.4112898545757565,0.0,0.0,-0.839890302659777,3
-0.1191108916077182,0.0,1.0,0.0,0.0,0.2621820316317936,0.0584867836105745,0.0,0.0,-0.839890302659777,3
0.9621843918686064,0.0,0.0,0.0,0.0,-0.146241884265832,-0.7296649225245023,0.0,0.0,-0.8421627425349509,0
0.2084457639604998,0.0,0.0,0.0,0.0,-0.1194834921811921,0.2202528561873677,1.0873248816538437,1.4186096146759073,-0.843679135665752,4
-0.9053986246303888,0.0,0.0,0.0,0.0,-1.3513954655373794,-1.2436386091883012,0.0,0.0,-0.8444377636852084,13
-1.1007791750257676,0.0,0.0,0.0,0.0,-0.392809711163643,-0.193584983678676,0.0,0.0,-0.8681007734225596,0
0.2114963966643609,4.330656495370537,0.0,0.0,0.0,-0.2706533879479112,-0.7296649225245023,0.0,0.0,-0.8482352383571696,9
-0.1458085043001264,0.0,1.0,0.0,0.0,0.4321918029884628,0.7730013276593265,0.0,0.0,-0.8470952354229629,3
0.3322536719951217,0.0,0.0,0.0,0.0,-0.0619412414153022,-0.7296649225245023,0.0,0.0,-0.8524208605747835,0
0.0585801478858273,4.330656910417191,0.0,0.0,0.0,-0.1524359981650193,-0.6167169445693365,0.0,0.0,-0.8482352383571696,9
0.2216202334316302,0.0,0.0,0.0,0.0,-0.1073435834528135,-0.516595772466355,0.0,0.0,-0.8508977928843698,0
-0.7355561900118145,0.0,0.0,0.0,0.0,-0.4732993604096006,-0.7296649225245023,0.0,0.0,-0.8501366982149491,0
-0.6446435800749711,0.0,0.0,3.816391647148976e-17,0.0,-0.0721581976858268,0.0,0.0,0.0,-0.8505172090052261,5
-0.3275984756458506,0.0,0.0,0.0,0.0,-0.1978450306842304,0.1145274825220776,0.0,0.0,-0.8508977928843698,0
0.761183110768373,4.330656740150681,0.0,0.0,0.0,-0.1231941839646454,-0.0612410630353533,0.8663642547672894,1.0,-0.8562336776497117,6
-0.4611352053242156,0.0,0.0,0.0,0.0,-0.5778296330470937,-0.7296649225245023,0.0,0.0,-0.8531828346267318,0
-0.1888635188592039,0.0,0.0,0.0,0.0,-0.1914682543660857,0.0,0.0,0.0,-0.8508977928843698,0
-0.571657718575572,0.0,0.0,0.0,0.0,-1.3513954655373794,-1.2436386091883012,0.0,0.0,-0.8535639319307097,13
-0.5700299874219763,0.0,0.0,0.0,0.0,-0.3516190695251803,-0.193584983678676,0.0,0.0,-0.8547076657336552,0
0.5007883938446922,0.0,1.149512058475987,0.0,0.0,0.7168744247066171,0.3187811813373079,0.0,0.0,-0.8558520637411985,3
-0.2921079638553402,0.0,0.7106121022478595,0.0,0.0,0.1448669563136687,0.7730013276593265,1.049929575826221,1.394034397226019,-0.8554705238293387,1
0.2435885547882141,0.0,0.0,0.0,0.0,-0.2613210019676533,-0.7296649225245023,0.9750538018491568,1.0,-0.8608188402772021,4
-0.6997085106289581,0.0,0.0,0.0,0.0,-0.3837850470004177,-0.193584983678676,0.0,0.0,-0.8554705238293387,0
0.1262933552433022,0.0,0.0,0.0,0.0,-0.3321368725700185,-1.022273554629209,0.0,0.0,-0.8577608745640573,0
-0.4253014106871274,0.0,0.0,0.0,0.0,-0.7615470556773098,-0.7296649225245023,0.0,0.0,-0.8581428594420668,0
-0.1246569510367565,0.0,0.7106121022478595,0.0,0.0,-0.0643877147594935,-0.3428838574068739,0.0,0.0,-0.8577608745640573,3
0.3369908948949965,0.0,1.0,0.0,0.0,0.3185489251245487,0.2202528561873677,0.0,0.0,-0.8020128879183495,3
0.1943836962647764,0.0,1.0,0.0,0.0,0.2730651601607629,1.1050458926679774,0.0,0.0,-0.8592892606923916,3
-0.8579221780977025,0.0,0.0,0.0,0.0,-1.3513954655373794,-1.2436386091883012,0.0,0.0,-0.8634984891625576,13
-0.0856072072833475,0.0,0.0,0.0,0.0,0.4078940644009149,-0.4260189459579204,0.0,0.0,-0.86043633326143,0
-0.8436533221026323,0.0,0.0,0.0,0.0,-0.3766299742847432,-0.1256132043464057,0.0,0.0,-0.8612014221507159,0
-0.8097057244293309,0.0,0.7106121022478595,0.0,0.0,0.5609980136600644,0.2202528561873677,0.0,0.0,-0.8646480386972291,3
0.1876817513452429,0.0,1.0,0.0,0.0,0.4306822177750677,0.1683778618987765,1.0559576948712996,1.3025175370208548,-0.8634984891625576,1
-0.2424341229785457,0.0,1.0,0.0,0.0,0.3906869928010685,0.7363445937263972,0.0,0.0,-0.8631154567323365,3
-1.75966860639726,0.0,0.0,0.0,0.0,-1.3513954655373794,-1.2436386091883012,0.0,0.0,-0.8638815969216089,13
-0.7450361474805187,0.0,0.0,0.0,0.0,-0.779581887329691,-0.6167169445693365,0.0,0.0,-0.8631154567323365,0
-0.2993601292456994,0.0,0.0,0.0,0.0,-0.7980245739192735,-1.022273554629209,0.0,0.0,-0.8657982680236589,0
-2.050173096102204,0.0,0.0,0.0,0.0,-0.6891797603680089,-0.7296649225245023,0.0,0.0,-0.8657982680236589,0
0.2014295925624914,0.0,1.149512058475987,0.0,0.0,0.6731379814557429,0.6216146055503267,0.0,0.0,-0.8657982680236589,3
-0.1411692854683199,0.0,0.0,0.0,0.0,0.3846635774841016,-0.3428838574068739,0.988153482273682,1.0,-0.8669491789823149,4
-0.7246883208573842,0.0,0.0,0.0,0.0,-0.8321907487730826,-0.7296649225245023,0.9080764640448552,1.0,-0.8681007734225596,4
-1.1370436780331417,0.0,0.0,0.0,0.0,-0.3766299742847432,-0.7296649225245023,0.0,0.0,-0.8681007734225596,0
-1.4077807760591938,0.0,0.0,0.0,0.0,-0.4465608616397132,-0.4260189459579204,0.0,0.0,-0.8711750475564224,0
-0.7518110934261331,0.0,0.0,0.0,0.0,-0.121367322990162,-0.8610819189340483,0.0,0.0,-0.8692530532027112,0
-0.0596650934447356,0.0,1.0,0.0,0.0,0.2843771563728381,0.7363445937263972,0.0,0.0,-0.8696372990830075,3
-0.7575833149591434,0.0,0.0,0.0,0.0,-0.5792631072984764,0.0,0.0,0.0,-0.8700216213889737,0
-1.2366131040864488,0.0,0.0,0.0,0.0,-0.7664179815597313,-0.7296649225245023,0.0,0.0,-0.8738690632057233,0
-0.4946000573531017,0.0,0.0,0.0,0.0,0.0625416219965554,-0.6167169445693365,0.9750538018491568,1.0,-0.8715596762611632,4
0.2590345392936954,0.0,0.0,0.0,0.0,-0.5670691382112147,-0.516595772466355,0.0,0.0,-0.8746394756729056,0
0.3491073411961519,0.0,1.0,0.0,0.0,0.520463051421279,-0.2657509156119179,0.0,0.0,-0.8719443817401864,3
0.1541781545711316,0.0,0.0,0.0,0.0,-0.7077869673735322,-1.022273554629209,1.022831460331992,1.0,-0.8723291640635547,4
-1.3514322671786851,0.0,0.0,0.0,0.0,-1.3513954655373794,-1.2436386091883012,0.0,0.0,-0.8734839728020662,13
